# Swiss Law Collection — intercantonal agreement memberships, computed: one occurrence per SIGNING canton per agreement (signed by 10 cantons -> 10 occurrences)
# signatories per agreement = cantons publishing the text in their collections + cantons named in any language version's title; no scaling, no external baseline
# source: Calculs propres basés sur la base de données de l'Institut pour le fédéralisme (LexFind); https://swiss-law-as-source.github.io
canton,year,etat,sante,educ,infra,eco,fin,autres,total
GE,1564,1,0,0,0,0,0,0,1
VD,1564,1,0,0,0,0,0,0,1
AG,1632,1,0,0,0,0,0,0,1
AI,1632,1,0,0,0,0,0,0,1
AR,1632,1,0,0,0,0,0,0,1
BE,1632,1,0,0,0,0,0,0,1
BL,1632,1,0,0,0,0,0,0,1
BS,1632,1,0,0,0,0,0,0,1
FR,1632,1,0,0,0,0,0,0,1
GL,1632,1,0,0,0,0,0,0,1
GR,1632,1,0,0,0,0,0,0,1
JU,1632,1,0,0,0,0,0,0,1
LU,1632,1,0,0,0,0,0,0,1
NE,1632,1,0,0,0,0,0,0,1
NW,1632,1,0,0,0,0,0,0,1
OW,1632,1,0,0,0,0,0,0,1
SG,1632,1,0,0,0,0,0,0,1
SH,1632,1,0,0,0,0,0,0,1
SO,1632,1,0,0,0,0,0,0,1
SZ,1632,1,0,0,0,0,0,0,1
TG,1632,1,0,0,0,0,0,0,1
UR,1632,1,0,0,0,0,0,0,1
VD,1632,1,0,0,0,0,0,0,1
ZG,1632,1,0,0,0,0,0,0,1
ZH,1632,1,0,0,0,0,0,0,1
GE,1726,1,0,0,0,0,0,0,1
SO,1780,0,0,0,1,0,0,0,1
SZ,1824,1,0,0,0,0,0,0,1
BE,1828,6,0,0,0,0,0,0,6
BL,1828,2,0,0,0,0,0,0,2
BS,1828,6,0,0,0,0,0,0,6
LU,1828,5,0,0,0,0,0,0,5
SO,1828,7,0,0,0,0,0,0,7
TG,1828,1,0,0,0,0,0,0,1
ZG,1828,6,0,0,0,0,0,0,6
SO,1830,1,0,0,0,0,0,0,1
AG,1834,1,0,0,0,0,0,0,1
BE,1834,1,0,0,0,0,0,0,1
BL,1834,1,0,0,0,0,0,0,1
LU,1834,1,0,0,0,0,0,0,1
SG,1834,1,0,0,0,0,0,0,1
SO,1834,1,0,0,0,0,0,0,1
TG,1834,1,0,0,0,0,0,0,1
SZ,1840,0,1,0,0,0,0,0,1
UR,1840,0,1,0,0,0,0,0,1
AG,1841,0,0,1,0,0,0,0,1
AI,1841,0,0,1,0,0,0,0,1
BL,1841,0,0,1,0,0,0,0,1
BS,1841,0,0,1,0,0,0,0,1
NW,1841,0,0,1,0,0,0,0,1
OW,1841,0,0,1,0,0,0,0,1
SG,1841,0,0,1,0,0,0,0,1
SZ,1841,1,0,1,1,0,1,0,4
UR,1841,0,0,1,0,0,0,0,1
ZH,1841,1,0,1,1,0,1,0,4
TG,1846,2,0,0,0,0,0,0,2
ZH,1846,2,0,0,0,0,0,0,2
AI,1848,1,0,0,0,0,0,0,1
BE,1848,1,0,0,0,0,0,0,1
SG,1848,1,0,0,0,0,0,0,1
NW,1850,0,0,0,0,0,0,1,1
BE,1851,2,0,0,0,0,0,0,2
SO,1851,2,0,0,0,0,0,0,2
LU,1858,0,0,0,1,0,0,0,1
NW,1858,0,0,0,1,0,0,0,1
OW,1858,0,0,0,1,0,0,0,1
SZ,1858,0,0,0,1,0,0,0,1
UR,1858,0,0,0,1,0,0,0,1
BL,1863,1,0,0,0,0,0,0,1
BS,1863,1,0,0,0,0,0,0,1
SG,1869,1,0,0,0,0,0,0,1
TG,1869,1,0,0,0,0,0,0,1
GL,1870,1,0,0,0,0,0,0,1
SG,1870,6,0,0,0,0,0,0,6
SH,1870,1,0,0,0,0,0,0,1
SZ,1870,4,0,0,0,0,0,0,4
TG,1870,1,0,0,0,0,0,0,1
ZG,1870,1,0,0,0,0,0,0,1
ZH,1870,6,0,0,0,0,0,0,6
AG,1874,1,0,0,0,0,0,0,1
NW,1874,1,0,0,0,0,0,0,1
OW,1874,1,0,0,0,0,0,0,1
ZH,1874,1,0,0,0,0,0,0,1
TG,1886,2,0,0,0,0,0,0,2
ZH,1886,2,0,0,0,0,0,0,2
AG,1887,0,0,0,0,0,1,0,1
SG,1887,0,0,0,0,0,1,0,1
SO,1887,0,0,0,0,0,1,0,1
SZ,1887,0,0,0,0,0,1,0,1
TG,1887,0,0,0,0,0,1,0,1
UR,1887,0,0,0,0,0,1,0,1
ZH,1887,0,0,0,0,0,1,0,1
BS,1888,0,0,0,0,0,1,0,1
SO,1888,0,0,0,0,0,1,0,1
AG,1889,0,0,0,0,0,0,1,1
AI,1889,0,0,0,0,0,0,1,1
BE,1889,1,0,0,0,0,0,1,2
BL,1889,0,0,0,0,0,0,1,1
BS,1889,0,0,0,0,0,0,1,1
FR,1889,2,0,0,0,0,0,1,3
GE,1889,0,0,0,0,0,0,1,1
GL,1889,0,0,0,0,0,0,1,1
JU,1889,1,0,0,0,0,0,1,2
LU,1889,0,0,0,0,0,0,1,1
NE,1889,0,0,0,0,0,0,2,2
NW,1889,0,0,0,0,0,0,1,1
OW,1889,0,0,0,0,0,0,1,1
SG,1889,1,0,0,0,0,0,1,2
SH,1889,0,0,0,0,0,0,1,1
SO,1889,0,0,0,0,0,0,2,2
SZ,1889,0,0,0,0,0,0,1,1
TG,1889,1,0,0,0,0,0,1,2
UR,1889,0,0,0,0,0,0,1,1
VD,1889,0,0,0,0,0,0,1,1
VS,1889,0,0,0,0,0,0,1,1
ZG,1889,1,0,0,0,0,0,1,2
ZH,1889,0,0,0,0,0,0,1,1
NW,1890,0,0,0,0,0,0,1,1
TG,1890,1,0,0,0,0,0,0,1
UR,1890,0,0,0,0,0,0,1,1
SG,1891,1,0,0,1,0,0,0,2
TG,1891,1,0,0,1,0,0,0,2
BE,1893,0,0,0,0,0,0,2,2
LU,1894,0,0,0,0,0,1,0,1
BE,1895,1,0,0,0,0,0,0,1
NE,1895,1,0,0,0,0,0,0,1
AR,1896,0,0,0,0,0,0,1,1
LU,1896,0,0,0,0,0,0,1,1
NE,1896,0,0,0,0,0,0,1,1
SZ,1896,0,0,0,0,0,0,1,1
TG,1896,0,0,0,0,0,0,1,1
TI,1896,0,0,0,0,0,0,1,1
ZG,1896,0,0,0,0,0,0,1,1
AG,1899,0,0,0,0,0,1,0,1
BE,1899,0,0,0,0,0,1,0,1
BS,1899,0,0,0,0,0,1,0,1
JU,1899,0,0,0,0,0,1,0,1
SO,1899,0,0,0,0,0,1,0,1
NW,1900,0,0,1,0,0,0,0,1
AG,1901,0,0,0,0,0,0,1,1
AR,1901,0,0,0,0,0,0,1,1
BS,1901,0,0,0,0,0,0,1,1
GE,1901,0,0,0,0,0,0,2,2
GL,1901,0,0,0,0,0,0,1,1
GR,1901,0,0,0,0,0,0,1,1
LU,1901,0,0,0,0,0,0,1,1
NE,1901,0,0,0,0,0,0,1,1
SG,1901,0,0,0,0,0,0,1,1
SH,1901,2,0,0,0,0,0,1,3
SO,1901,0,0,0,0,0,0,1,1
VD,1901,0,0,0,0,0,0,1,1
ZH,1901,2,0,0,0,0,0,1,3
BS,1902,0,0,0,0,0,0,1,1
ZH,1902,1,0,0,0,0,0,0,1
AG,1903,0,0,0,0,0,0,1,1
BE,1903,0,0,0,0,0,0,1,1
BL,1903,0,0,0,0,0,0,1,1
BS,1903,0,0,0,0,0,0,1,1
GE,1903,0,0,0,0,0,0,1,1
GL,1903,0,0,0,0,0,0,1,1
GR,1903,0,0,0,0,0,0,1,1
JU,1903,0,0,0,0,0,0,1,1
LU,1903,0,0,0,0,0,0,1,1
NE,1903,0,0,0,0,0,0,1,1
SG,1903,0,0,0,0,0,0,1,1
SH,1903,0,0,0,0,0,0,1,1
SO,1903,0,0,0,0,0,0,1,1
SZ,1903,0,0,0,0,0,0,1,1
TG,1903,0,0,0,0,0,0,1,1
TI,1903,0,0,0,0,0,0,1,1
VD,1903,0,0,0,0,0,0,2,2
ZG,1903,0,0,0,0,0,0,1,1
ZH,1903,0,0,0,0,0,0,1,1
AG,1905,0,0,0,0,0,0,1,1
LU,1905,0,0,0,0,0,0,1,1
AG,1906,0,0,0,0,0,1,0,1
BE,1906,0,0,0,0,0,1,0,1
BL,1906,1,0,0,0,0,0,0,1
BS,1906,1,0,0,0,0,1,0,2
FR,1906,0,0,0,0,0,1,0,1
GL,1906,0,0,0,0,0,1,0,1
GR,1906,0,0,0,0,0,1,0,1
JU,1906,0,0,0,0,0,1,0,1
SG,1906,0,0,0,0,0,1,0,1
TG,1906,0,0,0,0,0,1,0,1
ZH,1906,0,0,0,0,0,1,0,1
NE,1907,0,0,2,0,0,0,0,2
TG,1907,1,0,0,0,0,0,0,1
VD,1907,0,0,1,0,0,0,0,1
ZH,1907,1,0,0,0,0,0,0,1
BE,1909,1,0,0,0,0,0,0,1
BL,1909,1,0,0,0,0,0,0,1
BS,1909,1,0,0,0,0,0,0,1
FR,1909,1,0,0,0,0,0,0,1
GE,1909,1,0,0,0,0,0,0,1
JU,1909,1,0,0,0,0,0,0,1
NW,1909,1,0,0,0,0,0,0,1
SO,1909,1,0,0,0,0,0,0,1
TG,1909,1,0,0,0,0,0,0,1
TI,1909,1,0,0,0,0,0,0,1
VD,1909,1,0,0,0,0,0,0,1
ZG,1909,1,0,0,0,0,0,0,1
NE,1910,0,0,0,1,0,0,0,1
SO,1910,0,0,0,0,0,1,0,1
VD,1910,0,0,0,0,0,1,0,1
VD,1911,0,0,0,1,0,0,0,1
BL,1912,0,0,0,0,0,1,0,1
BS,1912,0,0,0,0,0,1,0,1
NE,1912,0,0,0,0,0,2,0,2
SO,1912,0,0,0,2,0,0,0,2
AG,1914,0,0,0,3,0,0,0,3
AR,1914,0,0,0,1,0,0,0,1
BL,1914,0,0,0,1,0,0,0,1
BS,1914,0,0,0,1,0,0,0,1
GL,1914,0,0,0,3,0,0,0,3
SG,1914,0,0,0,4,0,0,0,4
SH,1914,0,0,0,3,0,0,0,3
SO,1914,0,0,0,1,0,0,0,1
SZ,1914,0,0,0,3,0,0,0,3
TG,1914,0,0,0,3,0,0,0,3
ZG,1914,0,0,0,3,0,0,0,3
ZH,1914,0,0,0,3,0,0,0,3
AG,1915,0,0,0,1,0,0,0,1
GL,1915,0,0,0,1,0,0,0,1
SH,1915,0,0,0,1,0,0,0,1
TG,1915,0,0,0,1,0,0,0,1
ZG,1915,0,0,0,1,0,0,0,1
ZH,1915,0,0,0,1,0,0,0,1
SZ,1916,0,0,0,1,0,0,0,1
ZG,1916,0,0,0,1,0,0,0,1
ZH,1916,0,0,0,1,0,0,0,1
SH,1918,3,0,0,0,0,0,0,3
TG,1918,3,0,0,0,0,0,0,3
BL,1919,0,0,0,1,0,0,0,1
BS,1919,0,0,0,1,0,0,0,1
SZ,1919,0,0,0,2,0,0,0,2
ZG,1919,0,0,0,2,0,0,0,2
ZH,1919,0,0,0,2,0,0,0,2
AG,1922,0,0,0,0,0,1,0,1
AI,1922,0,0,0,0,0,1,0,1
BE,1922,0,0,0,0,0,1,0,1
BL,1922,0,0,0,0,0,1,0,1
BS,1922,0,0,0,0,0,1,0,1
FR,1922,0,0,0,0,0,1,0,1
GL,1922,0,0,0,0,0,1,0,1
GR,1922,0,0,0,0,0,1,0,1
LU,1922,0,0,0,1,0,0,0,1
OW,1922,0,0,0,0,0,1,0,1
SG,1922,0,0,0,0,0,1,0,1
SH,1922,0,0,0,0,0,1,0,1
SO,1922,0,0,0,0,0,1,0,1
SZ,1922,0,0,0,0,0,1,0,1
UR,1922,0,0,0,0,0,1,0,1
VD,1922,0,0,0,0,0,1,0,1
VS,1922,0,0,0,0,0,1,0,1
ZG,1922,0,0,0,0,0,1,0,1
ZH,1922,2,0,0,0,0,1,0,3
GR,1923,0,0,0,0,1,0,0,1
AR,1924,0,1,0,0,0,0,0,1
AG,1926,0,0,0,0,0,1,0,1
GL,1926,0,0,0,0,0,1,0,1
TG,1926,2,0,0,0,0,1,1,4
VD,1926,0,0,0,0,0,1,0,1
ZH,1926,2,0,0,0,0,2,1,5
AG,1927,0,0,0,1,0,0,0,1
SG,1927,0,0,0,1,0,0,0,1
SZ,1927,0,0,0,1,0,0,0,1
ZH,1927,0,0,0,1,0,0,0,1
SH,1928,0,0,0,0,0,1,0,1
BE,1929,0,0,0,1,0,0,0,1
SZ,1929,0,0,0,2,0,0,0,2
ZH,1929,0,0,0,1,0,0,0,1
SZ,1930,0,0,0,1,0,0,0,1
ZG,1930,0,0,0,1,0,0,0,1
ZH,1930,0,0,0,1,0,0,0,1
AG,1931,0,0,0,0,0,1,0,1
AR,1931,0,0,0,0,0,1,0,1
BE,1931,0,0,0,0,0,1,0,1
BL,1931,0,0,0,0,0,1,0,1
BS,1931,0,0,0,0,0,1,0,1
FR,1931,0,0,0,0,0,1,0,1
GE,1931,0,0,0,0,0,1,0,1
GL,1931,0,0,0,0,0,1,0,1
LU,1931,0,0,0,0,0,1,0,1
NE,1931,0,0,0,0,0,1,0,1
OW,1931,0,0,0,0,0,1,0,1
SG,1931,0,0,0,0,0,1,0,1
SH,1931,0,0,0,0,0,2,0,2
SO,1931,1,0,0,0,0,1,0,2
SZ,1931,0,0,0,1,0,0,0,1
TG,1931,0,0,0,0,0,2,0,2
UR,1931,0,0,0,0,0,1,0,1
VD,1931,0,0,0,0,0,1,0,1
VS,1931,0,0,0,0,0,1,0,1
ZG,1931,0,0,0,1,0,1,0,2
ZH,1931,0,0,0,1,0,1,0,2
SG,1933,0,0,0,1,0,0,0,1
SZ,1933,0,0,0,1,0,0,0,1
TG,1933,0,0,0,0,0,1,0,1
ZG,1933,0,0,0,0,0,1,0,1
ZH,1933,0,0,0,1,0,0,0,1
LU,1934,0,0,0,0,0,1,0,1
TG,1934,0,0,0,0,0,1,0,1
AG,1936,0,0,0,0,0,2,0,2
AI,1936,0,0,0,0,0,1,0,1
AR,1936,0,0,0,0,0,1,0,1
BE,1936,0,0,0,0,0,2,0,2
BL,1936,0,0,0,0,0,2,0,2
BS,1936,0,0,0,0,0,1,0,1
FR,1936,0,0,0,0,0,2,0,2
GE,1936,0,0,0,0,0,1,0,1
GL,1936,0,0,0,0,0,1,0,1
GR,1936,0,0,0,0,0,2,0,2
JU,1936,0,0,0,0,0,1,0,1
LU,1936,0,0,0,0,0,2,0,2
NE,1936,0,0,0,0,0,1,0,1
NW,1936,0,0,0,0,0,1,0,1
SG,1936,0,0,0,0,0,2,0,2
SZ,1936,0,0,0,1,0,0,0,1
UR,1936,0,0,0,0,0,1,0,1
VD,1936,0,0,0,0,0,1,0,1
VS,1936,0,0,0,0,0,1,0,1
ZG,1936,0,0,0,1,0,1,0,2
ZH,1936,0,0,0,1,0,2,0,3
AG,1937,0,0,0,2,0,0,1,3
AI,1937,0,0,0,1,0,0,0,1
AR,1937,0,0,0,2,0,0,0,2
BE,1937,0,0,0,2,0,0,0,2
BL,1937,0,0,0,2,0,0,0,2
BS,1937,0,0,0,2,0,0,1,3
FR,1937,0,0,0,1,0,0,0,1
GE,1937,0,0,0,1,0,0,0,1
GL,1937,0,0,0,2,0,0,0,2
GR,1937,0,0,0,1,1,1,0,3
JU,1937,0,0,0,1,0,0,0,1
LU,1937,0,0,0,1,0,0,2,3
NE,1937,0,0,0,1,0,0,0,1
NW,1937,0,0,0,1,0,0,1,2
OW,1937,0,0,0,1,0,0,1,2
SG,1937,0,0,0,1,0,1,1,3
SH,1937,0,0,0,1,0,0,0,1
SO,1937,0,0,0,2,0,0,0,2
SZ,1937,0,0,0,1,0,0,1,2
TG,1937,0,0,0,2,0,0,1,3
TI,1937,0,0,0,2,0,0,1,3
UR,1937,0,0,0,1,0,0,1,2
VD,1937,0,0,0,1,0,0,0,1
VS,1937,0,0,0,1,0,0,0,1
ZG,1937,0,0,0,1,0,0,1,2
ZH,1937,1,0,0,1,0,0,1,3
BL,1938,1,0,0,0,0,0,0,1
BS,1938,1,0,0,0,0,0,0,1
FR,1938,0,0,0,1,0,0,0,1
SG,1938,1,0,0,2,0,0,0,3
SZ,1938,0,0,0,4,0,0,0,4
TG,1938,1,0,0,0,0,0,0,1
VD,1938,0,0,0,2,0,0,0,2
ZH,1938,0,0,0,2,0,0,0,2
BS,1939,0,0,1,0,0,0,0,1
LU,1939,0,0,0,0,0,1,0,1
NW,1939,0,0,0,0,0,1,0,1
OW,1939,0,0,0,0,0,1,0,1
SG,1939,0,0,0,1,0,0,0,1
SH,1939,0,0,1,0,0,0,0,1
SO,1939,0,0,1,0,0,0,0,1
SZ,1939,0,0,0,1,0,1,0,2
UR,1939,0,0,0,0,0,1,0,1
ZH,1939,0,0,1,1,0,0,0,2
AI,1940,0,0,0,0,0,0,3,3
AR,1940,1,0,0,0,0,0,2,3
BL,1940,1,0,0,0,0,0,0,1
BS,1940,1,0,0,0,0,0,0,1
SG,1940,1,0,0,0,0,0,1,2
SO,1941,0,0,0,0,0,0,1,1
AG,1943,1,0,0,0,1,0,0,2
AI,1943,1,0,0,0,1,0,0,2
AR,1943,1,0,0,0,1,0,0,2
BE,1943,1,0,0,0,1,0,0,2
BL,1943,1,0,0,0,2,0,0,3
BS,1943,1,0,0,0,0,0,0,1
FR,1943,1,0,0,0,1,0,1,3
GE,1943,1,0,0,0,1,0,0,2
GL,1943,1,0,0,0,2,0,0,3
GR,1943,1,0,0,0,1,1,0,3
JU,1943,1,0,0,0,0,0,0,1
LU,1943,1,0,0,0,1,0,0,2
NE,1943,1,0,1,0,2,0,0,4
NW,1943,1,0,0,0,1,0,0,2
OW,1943,1,0,0,0,0,0,0,1
SG,1943,0,0,0,0,1,1,0,2
SH,1943,1,0,0,0,0,0,1,2
SO,1943,1,0,0,0,1,0,0,2
SZ,1943,1,0,0,0,1,0,0,2
TG,1943,1,0,0,0,1,0,0,2
TI,1943,1,0,0,0,0,0,0,1
UR,1943,1,0,0,0,1,0,0,2
VD,1943,1,0,0,0,1,0,1,3
VS,1943,1,0,0,0,0,0,0,1
ZG,1943,1,0,0,0,1,1,0,3
ZH,1943,1,0,0,0,1,0,0,2
AI,1944,0,0,0,0,0,0,1,1
GL,1944,0,0,0,0,0,1,0,1
SG,1944,0,0,0,0,0,1,0,1
SO,1944,0,0,0,0,0,1,0,1
SZ,1944,0,0,0,0,0,1,0,1
VD,1944,0,0,0,0,0,0,1,1
ZG,1944,0,0,0,0,0,1,0,1
ZH,1944,0,0,0,0,0,1,0,1
GL,1945,0,0,0,0,0,1,0,1
SG,1945,0,0,0,0,0,1,0,1
SZ,1945,0,0,0,0,0,1,0,1
ZH,1945,0,0,0,0,0,1,0,1
SG,1946,0,0,0,0,0,1,0,1
ZH,1946,0,0,0,0,0,1,0,1
ZG,1947,0,0,0,0,0,2,0,2
ZH,1947,0,0,0,0,0,2,0,2
AG,1948,1,0,0,0,0,0,0,1
AI,1948,1,0,0,0,0,1,0,2
AR,1948,1,0,0,0,0,1,0,2
BE,1948,1,0,0,0,0,0,0,1
BL,1948,2,0,1,0,0,1,0,4
BS,1948,2,0,1,0,0,1,0,4
FR,1948,0,0,0,0,0,1,0,1
GE,1948,0,0,0,0,0,1,0,1
GL,1948,1,0,0,0,0,1,0,2
GR,1948,1,0,0,0,0,1,0,2
LU,1948,1,0,0,0,0,1,0,2
NW,1948,1,0,0,0,0,1,0,2
OW,1948,1,0,0,0,0,0,0,1
SG,1948,1,0,0,0,0,1,0,2
SH,1948,1,0,0,0,0,1,0,2
SO,1948,1,0,0,0,0,1,0,2
SZ,1948,1,0,0,0,0,1,0,2
TG,1948,1,0,0,0,0,1,0,2
TI,1948,1,0,0,0,0,0,0,1
UR,1948,1,0,0,0,0,0,0,1
VD,1948,0,0,0,0,0,1,0,1
VS,1948,0,0,0,0,0,1,0,1
ZG,1948,1,0,0,0,0,1,0,2
ZH,1948,1,0,0,0,0,1,0,2
BL,1949,1,0,0,0,0,0,0,1
BS,1949,1,0,0,0,0,0,0,1
BL,1950,0,0,0,2,0,0,0,2
BS,1950,0,0,0,2,0,0,0,2
FR,1950,0,0,0,1,0,0,0,1
LU,1950,0,0,0,0,0,0,1,1
SO,1950,0,0,0,1,0,0,0,1
AG,1951,0,0,0,1,0,0,0,1
AI,1951,0,0,0,3,0,0,0,3
AR,1951,0,0,0,2,0,0,0,2
BE,1951,0,0,0,2,0,0,0,2
BL,1951,0,0,0,1,0,0,0,1
FR,1951,0,0,0,1,0,0,0,1
GL,1951,0,0,0,2,0,0,0,2
GR,1951,0,0,0,2,0,0,0,2
JU,1951,0,0,0,1,0,0,0,1
LU,1951,0,0,0,2,0,0,0,2
NE,1951,0,0,0,1,0,0,0,1
NW,1951,0,0,0,1,0,0,0,1
OW,1951,0,0,0,1,0,0,0,1
SG,1951,0,0,0,4,0,0,0,4
SO,1951,0,0,0,2,0,0,0,2
SZ,1951,0,0,0,2,0,0,0,2
TI,1951,0,0,0,1,0,0,0,1
UR,1951,0,0,0,1,0,0,0,1
VD,1951,0,0,0,2,0,0,0,2
VS,1951,0,0,0,2,0,0,0,2
ZG,1951,0,0,0,2,0,0,0,2
ZH,1951,0,0,0,2,0,0,0,2
BE,1953,1,0,0,0,0,0,0,1
SO,1953,1,0,0,0,0,0,0,1
BL,1954,1,0,0,0,0,0,0,1
BS,1954,1,0,0,0,0,0,0,1
FR,1954,0,0,0,0,0,0,1,1
JU,1954,0,0,0,0,0,0,1,1
NW,1954,0,0,0,0,0,0,1,1
OW,1954,0,0,0,0,0,0,1,1
SG,1954,0,0,0,1,0,0,1,2
SZ,1954,0,0,0,1,0,0,0,1
ZG,1954,0,0,0,1,0,1,1,3
ZH,1954,0,0,0,1,0,1,0,2
AG,1955,0,0,0,1,0,4,0,5
AI,1955,0,0,0,0,1,0,0,1
AR,1955,0,0,0,0,0,0,1,1
BE,1955,0,0,0,0,0,4,0,4
GR,1955,0,0,0,0,0,1,0,1
JU,1955,0,0,0,0,0,4,0,4
SG,1955,0,0,0,0,0,4,0,4
SH,1955,0,0,0,1,0,0,0,1
SO,1955,0,0,0,0,0,4,0,4
SZ,1955,0,0,0,0,0,1,0,1
TG,1955,0,0,0,0,0,4,0,4
ZG,1955,0,0,0,0,0,1,0,1
ZH,1955,0,0,0,2,0,5,0,7
BE,1957,0,0,0,0,0,0,1,1
SH,1957,0,0,0,1,0,0,1,2
TG,1957,0,0,0,1,0,0,0,1
VD,1957,0,0,0,0,0,0,1,1
VS,1957,0,0,0,0,0,0,1,1
ZG,1957,0,0,0,0,0,0,1,1
ZH,1957,0,0,0,1,0,0,0,1
AG,1958,0,0,0,1,0,0,0,1
AI,1958,0,0,0,1,0,0,0,1
AR,1958,0,0,0,1,0,0,0,1
BE,1958,0,0,0,1,0,0,0,1
BL,1958,0,0,0,2,0,0,0,2
GL,1958,0,0,0,1,0,0,0,1
GR,1958,0,0,0,1,0,2,0,3
JU,1958,0,0,0,0,0,1,0,1
LU,1958,0,0,0,1,0,1,0,2
SG,1958,0,0,0,3,0,0,0,3
SH,1958,0,0,0,2,0,0,0,2
SO,1958,0,0,0,1,0,0,0,1
SZ,1958,0,0,0,2,0,0,0,2
TG,1958,0,0,0,1,0,2,0,3
VD,1958,0,0,0,2,0,0,0,2
ZG,1958,0,0,0,1,0,1,0,2
ZH,1958,0,0,0,4,0,0,0,4
AG,1959,0,3,0,0,0,0,2,5
BE,1959,1,3,0,0,0,0,2,6
BL,1959,0,3,0,0,0,0,2,5
BS,1959,0,3,0,0,0,0,1,4
LU,1959,0,3,0,0,0,0,2,5
NW,1959,0,3,0,1,0,0,2,6
OW,1959,0,3,0,0,0,0,2,5
SO,1959,1,3,0,0,0,0,2,6
SZ,1959,0,3,0,0,0,0,2,5
UR,1959,0,3,0,0,0,0,2,5
VD,1959,0,0,0,0,0,1,0,1
ZG,1959,0,3,0,0,0,0,2,5
BE,1960,0,0,0,1,0,0,0,1
BL,1960,0,0,0,0,0,1,0,1
FR,1960,0,0,0,1,0,0,0,1
GE,1960,0,0,0,1,0,0,0,1
JU,1960,0,0,0,1,0,0,0,1
NE,1960,0,0,0,2,0,1,0,3
SG,1960,0,0,0,0,0,1,0,1
SO,1960,0,0,0,1,0,0,0,1
VD,1960,0,0,0,1,0,1,0,2
ZH,1960,0,0,0,0,0,1,0,1
BL,1961,1,0,0,0,0,0,0,1
BS,1961,1,0,0,0,0,0,0,1
SG,1961,0,0,0,1,0,0,0,1
ZH,1961,0,0,0,1,0,0,0,1
BL,1962,0,0,0,1,0,1,0,2
BS,1962,0,0,0,1,0,0,0,1
SO,1962,0,1,0,0,0,1,0,2
BL,1963,0,0,1,0,0,0,0,1
BS,1963,0,1,0,0,0,0,0,1
SG,1963,0,0,0,0,0,1,0,1
SZ,1963,0,0,0,0,0,1,0,1
AR,1964,0,0,0,0,0,0,1,1
BE,1964,0,0,1,0,2,0,0,3
BL,1964,0,0,1,1,1,0,0,3
BS,1964,0,0,0,1,2,0,0,3
GE,1964,0,0,0,1,1,0,0,2
LU,1964,0,0,1,0,0,0,0,1
SG,1964,0,1,0,0,0,1,0,2
SO,1964,0,0,0,0,1,0,0,1
SZ,1964,0,0,1,0,0,0,0,1
TG,1964,0,1,0,0,0,0,0,1
VD,1964,0,0,0,0,1,0,0,1
ZH,1964,0,0,1,0,2,1,0,4
BS,1965,0,0,0,0,0,1,0,1
LU,1965,0,0,0,0,0,1,0,1
SG,1965,0,0,0,0,0,2,0,2
TI,1965,0,0,0,0,0,1,0,1
SG,1966,0,0,0,0,0,1,0,1
ZG,1966,0,0,0,0,0,1,0,1
AG,1967,0,0,0,1,0,0,0,1
AI,1967,1,0,0,0,0,1,0,2
AR,1967,2,0,0,2,0,1,0,5
BL,1967,1,0,0,0,0,0,0,1
BS,1967,1,0,0,0,0,0,0,1
LU,1967,0,0,0,0,0,1,0,1
NW,1967,1,0,0,0,0,0,0,1
SG,1967,0,0,0,6,0,1,0,7
SH,1967,0,0,0,0,0,1,0,1
SO,1967,0,0,0,1,0,0,0,1
SZ,1967,0,0,0,1,0,0,0,1
TG,1967,0,0,0,3,0,0,0,3
ZH,1967,0,0,0,1,0,0,0,1
FR,1968,0,0,0,0,2,0,0,2
GE,1968,0,1,0,0,0,0,0,1
GR,1968,0,0,3,0,0,0,0,3
SG,1968,0,0,3,0,0,0,0,3
SO,1968,1,0,0,0,0,0,0,1
SZ,1968,0,0,0,1,0,0,0,1
TG,1968,0,0,0,0,0,1,0,1
VD,1968,0,0,1,0,1,1,0,3
ZH,1968,0,0,0,1,0,0,0,1
AG,1969,0,0,0,0,1,0,1,2
AI,1969,2,0,0,0,0,1,2,5
AR,1969,1,1,0,0,0,2,2,6
BE,1969,1,0,0,0,1,0,1,3
BL,1969,0,0,0,0,1,0,1,2
BS,1969,0,0,0,0,0,0,1,1
FR,1969,0,0,0,0,1,1,1,3
GE,1969,0,0,1,0,0,0,2,3
GL,1969,0,0,0,0,0,0,2,2
GR,1969,0,0,0,0,0,0,2,2
JU,1969,0,0,0,0,0,0,1,1
LU,1969,0,1,0,0,1,1,1,4
NE,1969,0,0,0,0,1,3,2,6
NW,1969,0,0,0,0,0,0,2,2
OW,1969,0,0,0,0,0,0,1,1
SG,1969,0,1,0,1,0,1,1,4
SH,1969,0,0,0,1,0,0,1,2
SO,1969,0,1,0,0,1,0,2,4
SZ,1969,0,0,0,0,0,1,2,3
TG,1969,0,0,0,2,0,1,2,5
TI,1969,0,0,0,0,0,0,2,2
UR,1969,0,0,0,0,0,0,1,1
VD,1969,0,0,0,0,0,0,2,2
VS,1969,0,0,0,0,1,0,1,2
ZG,1969,0,0,0,0,0,2,1,3
ZH,1969,0,0,0,0,1,0,2,3
AG,1970,0,0,1,0,0,0,0,1
AI,1970,0,0,1,0,0,0,0,1
AR,1970,0,0,2,0,0,0,0,2
BE,1970,0,0,2,0,0,0,0,2
BL,1970,0,1,2,1,0,0,0,4
BS,1970,0,1,2,0,0,0,1,4
FR,1970,0,0,3,0,0,0,0,3
GE,1970,0,0,3,0,0,0,0,3
GL,1970,0,0,3,0,0,0,0,3
GR,1970,0,0,2,0,0,0,0,2
JU,1970,0,0,2,0,0,0,0,2
LU,1970,0,0,3,0,0,1,0,4
NE,1970,0,0,3,0,0,0,0,3
NW,1970,0,0,2,0,0,0,0,2
OW,1970,0,0,2,0,0,0,0,2
SG,1970,0,0,3,3,0,1,0,7
SH,1970,0,0,2,0,0,0,0,2
SO,1970,1,0,2,0,0,0,0,3
SZ,1970,0,0,3,0,0,1,0,4
TG,1970,0,0,1,4,0,0,0,5
TI,1970,0,0,1,0,0,0,0,1
UR,1970,0,0,2,0,0,0,0,2
VD,1970,0,0,3,0,0,0,0,3
VS,1970,0,0,2,0,0,0,0,2
ZG,1970,0,0,2,0,0,1,0,3
ZH,1970,0,0,3,1,0,1,0,5
AG,1971,0,0,1,0,0,0,0,1
AI,1971,0,0,1,0,1,0,0,2
AR,1971,0,1,0,0,1,0,1,3
BE,1971,0,1,0,0,0,0,0,1
BL,1971,0,2,0,1,0,0,0,3
BS,1971,0,2,0,0,0,0,0,2
GE,1971,0,0,0,0,0,2,0,2
GL,1971,0,1,2,0,1,0,0,4
GR,1971,0,0,0,0,2,0,1,3
LU,1971,0,1,0,0,0,0,0,1
NE,1971,0,0,0,0,0,3,0,3
NW,1971,0,1,0,0,1,0,0,2
OW,1971,0,0,1,0,1,0,0,2
SG,1971,0,0,2,0,1,0,0,3
SO,1971,0,0,1,0,0,0,0,1
SZ,1971,0,2,3,0,1,0,0,6
TG,1971,0,0,0,3,1,2,1,7
TI,1971,0,0,0,0,1,0,1,2
UR,1971,0,0,1,0,1,0,0,2
VD,1971,0,0,0,0,0,0,1,1
VS,1971,0,1,0,0,0,0,1,2
ZG,1971,0,0,0,0,1,0,0,1
ZH,1971,1,0,3,3,0,0,0,7
AG,1972,1,0,0,0,0,1,0,2
AI,1972,0,0,0,0,1,0,0,1
BE,1972,2,0,0,0,0,1,0,3
BL,1972,1,0,0,0,0,0,0,1
BS,1972,1,1,0,0,0,0,0,2
GL,1972,0,0,0,0,1,0,0,1
GR,1972,0,0,0,0,1,0,0,1
JU,1972,0,0,1,0,0,0,0,1
NE,1972,0,0,0,0,0,3,0,3
NW,1972,0,0,0,0,1,0,0,1
OW,1972,0,1,0,0,1,0,0,2
SG,1972,0,1,0,0,1,0,0,2
SH,1972,0,0,0,0,1,0,0,1
SO,1972,1,0,0,0,0,0,0,1
SZ,1972,0,0,0,0,1,0,0,1
TG,1972,0,0,0,1,1,0,0,2
TI,1972,0,0,1,0,1,0,0,2
UR,1972,0,0,0,0,1,0,0,1
VD,1972,0,0,0,0,0,1,0,1
ZG,1972,0,1,0,0,1,0,0,2
ZH,1972,0,0,0,1,0,0,0,1
AG,1973,0,0,0,1,0,0,0,1
AR,1973,0,0,3,0,0,1,0,4
BE,1973,0,0,0,0,0,1,0,1
BL,1973,0,0,0,1,0,1,0,2
BS,1973,0,0,0,1,0,1,0,2
FR,1973,0,0,0,0,0,1,0,1
GE,1973,0,0,0,0,0,1,0,1
GL,1973,0,0,0,1,0,1,0,2
GR,1973,0,0,0,0,0,1,0,1
JU,1973,0,0,0,0,0,1,0,1
LU,1973,0,0,0,0,0,1,0,1
NE,1973,0,0,1,1,0,3,0,5
SG,1973,0,0,2,1,0,3,0,6
SO,1973,0,0,1,0,0,0,0,1
SZ,1973,0,0,0,0,0,1,0,1
TG,1973,0,0,0,0,0,1,0,1
VD,1973,0,0,0,0,0,2,0,2
VS,1973,0,0,0,0,0,1,0,1
ZG,1973,0,0,0,0,0,1,1,2
ZH,1973,0,0,0,0,0,1,1,2
AG,1974,0,3,0,0,1,0,0,4
AR,1974,0,0,0,0,0,0,2,2
BE,1974,1,2,1,0,1,0,0,5
BL,1974,1,4,0,5,1,0,0,11
BS,1974,1,3,0,5,0,0,0,9
GE,1974,0,0,0,0,0,0,1,1
GR,1974,0,0,0,0,1,0,0,1
LU,1974,0,1,0,0,1,0,1,3
NE,1974,0,0,1,0,0,0,1,2
NW,1974,0,1,0,0,1,0,2,4
OW,1974,0,0,0,0,1,0,0,1
SG,1974,0,1,0,1,0,0,0,2
SO,1974,0,2,0,0,1,0,1,4
SZ,1974,0,0,0,0,2,0,0,2
TG,1974,1,1,0,2,1,0,0,5
TI,1974,0,0,0,0,0,0,1,1
UR,1974,0,0,1,0,1,0,0,2
ZG,1974,0,0,0,0,1,0,0,1
ZH,1974,1,1,1,1,0,1,0,5
AG,1975,0,1,1,1,0,1,0,4
BE,1975,0,0,0,0,0,0,1,1
BL,1975,0,3,1,1,0,0,0,5
BS,1975,0,3,1,2,0,0,0,6
FR,1975,0,0,0,1,0,0,0,1
GR,1975,0,0,1,0,0,0,0,1
NE,1975,0,0,0,1,0,0,1,2
SG,1975,1,0,2,2,0,1,0,6
SZ,1975,0,0,0,1,0,0,1,2
TG,1975,0,0,0,1,0,0,0,1
VD,1975,0,0,0,1,1,0,1,3
ZH,1975,0,0,0,1,0,0,0,1
AG,1976,0,0,1,2,0,1,0,4
AI,1976,1,2,0,1,0,0,2,6
AR,1976,2,4,0,1,0,0,2,9
BE,1976,0,0,0,2,0,0,0,2
BL,1976,0,0,1,2,0,2,0,5
BS,1976,0,1,0,2,0,1,1,5
FR,1976,0,1,0,0,0,0,0,1
GL,1976,2,4,0,1,0,1,3,11
GR,1976,0,4,0,0,0,1,3,8
NW,1976,0,0,1,1,0,0,0,2
OW,1976,0,0,1,1,0,0,1,3
SG,1976,1,3,0,0,0,0,4,8
SH,1976,1,3,0,1,0,0,3,8
SO,1976,0,1,0,2,0,1,0,4
SZ,1976,0,0,2,0,0,0,0,2
TG,1976,1,4,0,2,1,0,3,11
UR,1976,0,0,1,0,0,0,1,2
VS,1976,0,0,0,1,0,1,0,2
ZG,1976,0,0,1,0,0,0,0,1
ZH,1976,0,3,0,2,1,0,4,10
AG,1977,0,0,1,1,0,0,0,2
AI,1977,0,0,0,2,0,0,0,2
AR,1977,0,0,0,3,0,0,0,3
BE,1977,0,1,0,1,0,0,0,2
BL,1977,2,0,0,2,0,0,1,5
BS,1977,1,1,0,1,0,0,1,4
FR,1977,0,0,0,0,0,0,1,1
GE,1977,0,0,0,0,0,0,2,2
GL,1977,0,0,0,2,0,1,1,4
GR,1977,1,0,0,0,0,0,2,3
JU,1977,1,0,0,0,0,0,1,2
LU,1977,0,0,0,0,0,0,2,2
NE,1977,1,0,0,0,0,0,1,2
NW,1977,0,0,0,1,0,0,2,3
OW,1977,0,0,0,1,0,0,1,2
SG,1977,1,0,0,7,2,0,0,10
SH,1977,0,0,0,0,0,0,1,1
SO,1977,0,1,1,1,0,0,1,4
SZ,1977,0,0,0,0,1,0,2,3
TG,1977,1,0,0,1,1,0,2,5
TI,1977,0,0,0,0,0,0,1,1
UR,1977,0,0,0,0,0,1,0,1
VD,1977,0,0,0,0,0,0,2,2
VS,1977,0,0,0,0,0,0,1,1
ZG,1977,0,0,0,0,0,1,1,2
ZH,1977,0,0,0,0,1,1,1,3
AG,1978,2,0,0,0,0,0,0,2
AI,1978,1,0,0,0,0,0,0,1
AR,1978,1,0,0,0,0,0,0,1
BE,1978,2,0,0,0,0,0,1,3
BL,1978,2,2,0,1,0,0,0,5
BS,1978,2,1,0,0,0,0,0,3
FR,1978,1,0,0,0,1,0,1,3
GE,1978,1,0,0,0,0,0,0,1
GL,1978,1,0,0,0,0,1,0,2
GR,1978,1,0,0,0,0,0,0,1
JU,1978,2,0,0,0,0,0,0,2
LU,1978,2,0,0,0,0,2,0,4
NE,1978,1,0,0,0,1,1,0,3
NW,1978,1,0,0,0,0,2,0,3
OW,1978,2,0,0,0,0,2,0,4
SG,1978,1,0,0,0,0,1,0,2
SH,1978,1,0,0,0,0,0,0,1
SO,1978,2,0,0,1,0,0,0,3
SZ,1978,2,0,0,0,0,2,0,4
TG,1978,1,0,1,1,0,1,0,4
TI,1978,1,0,0,0,0,0,0,1
UR,1978,1,0,0,0,0,2,0,3
VD,1978,1,0,0,0,2,0,0,3
VS,1978,1,0,0,0,0,4,0,5
ZG,1978,1,0,0,0,0,0,0,1
ZH,1978,1,0,1,1,0,0,0,3
AG,1979,1,1,0,0,0,0,0,2
AR,1979,0,0,0,1,0,0,0,1
BE,1979,2,1,0,0,0,0,0,3
BL,1979,1,1,0,2,0,0,0,4
BS,1979,0,1,0,2,0,0,0,3
FR,1979,1,0,0,0,0,0,0,1
GE,1979,1,0,0,0,1,0,0,2
GL,1979,0,0,0,4,0,0,0,4
LU,1979,1,0,0,0,0,0,0,1
NW,1979,1,0,0,0,0,0,0,1
OW,1979,1,0,0,0,0,0,0,1
SG,1979,0,0,0,5,0,0,0,5
SO,1979,3,2,0,0,0,0,0,5
SZ,1979,1,0,0,4,0,0,0,5
TG,1979,1,0,0,0,0,0,0,1
TI,1979,1,0,0,0,0,0,0,1
UR,1979,1,0,0,0,0,0,0,1
VS,1979,1,0,0,0,0,0,0,1
ZG,1979,2,0,0,0,0,0,0,2
ZH,1979,1,0,0,4,0,0,0,5
AG,1980,0,0,0,0,1,0,0,1
AI,1980,0,0,0,0,0,1,0,1
AR,1980,0,0,0,0,0,1,0,1
BE,1980,2,0,0,0,2,0,1,5
BL,1980,0,0,0,0,1,0,0,1
BS,1980,0,0,0,0,1,0,0,1
FR,1980,0,0,0,0,0,1,0,1
GL,1980,0,0,1,1,0,0,0,2
JU,1980,2,0,0,0,1,0,0,3
NE,1980,0,0,1,0,0,0,0,1
NW,1980,0,1,0,0,0,0,0,1
SG,1980,0,0,2,1,0,0,0,3
SH,1980,0,0,0,0,0,0,1,1
SO,1980,1,0,0,0,1,0,1,3
SZ,1980,0,0,2,0,0,0,0,2
VD,1980,0,1,0,0,0,0,0,1
ZH,1980,0,1,2,0,0,0,1,4
AG,1981,0,0,0,0,0,1,0,1
AI,1981,1,3,0,0,0,1,0,5
AR,1981,0,3,3,0,0,2,0,8
BE,1981,0,0,0,0,0,1,0,1
BL,1981,0,0,0,0,0,1,0,1
BS,1981,0,0,0,0,0,1,0,1
GL,1981,0,3,0,0,0,2,0,5
GR,1981,0,3,0,0,0,0,0,3
SG,1981,0,3,3,0,1,4,0,11
SH,1981,1,3,0,0,0,0,0,4
SO,1981,1,0,0,0,0,1,0,2
SZ,1981,0,0,0,0,0,1,0,1
TG,1981,0,3,0,0,0,0,0,3
TI,1981,0,0,0,0,1,0,0,1
UR,1981,0,0,0,0,0,1,0,1
VD,1981,0,1,0,0,0,0,0,1
ZG,1981,0,1,0,0,0,0,0,1
ZH,1981,0,0,0,0,0,2,0,2
AI,1982,0,0,1,2,0,0,0,3
AR,1982,0,0,1,1,0,0,0,2
BE,1982,0,0,1,0,0,0,0,1
BL,1982,0,0,1,1,0,0,0,2
BS,1982,0,0,0,1,0,0,0,1
LU,1982,0,1,0,0,0,0,0,1
SG,1982,0,0,1,2,0,0,0,3
SO,1982,1,0,0,0,0,0,0,1
SZ,1982,0,3,0,0,0,0,0,3
UR,1982,0,2,0,0,0,0,0,2
VD,1982,0,0,1,1,0,0,0,2
ZG,1982,0,3,0,0,0,0,0,3
AI,1983,0,0,0,1,0,1,0,2
AR,1983,0,0,1,1,0,0,0,2
BL,1983,3,0,0,0,0,0,0,3
BS,1983,2,0,0,0,0,0,0,2
NW,1983,0,0,0,1,0,0,0,1
OW,1983,0,0,0,1,0,0,0,1
SG,1983,0,1,0,0,0,1,0,2
TG,1983,2,0,1,0,0,0,0,3
UR,1983,0,1,0,0,0,0,0,1
AG,1984,0,0,1,0,0,0,0,1
AR,1984,0,0,1,0,0,0,1,2
BE,1984,0,0,1,0,0,0,0,1
BL,1984,0,0,3,0,0,0,0,3
BS,1984,0,0,3,0,0,0,0,3
FR,1984,0,0,1,0,0,0,1,2
GE,1984,0,0,0,1,0,0,2,3
GL,1984,0,1,1,0,0,0,0,2
JU,1984,0,0,0,0,0,0,1,1
LU,1984,0,1,0,0,0,0,0,1
NE,1984,0,0,0,0,0,0,3,3
SG,1984,0,0,0,0,0,1,0,1
SH,1984,0,0,0,0,0,2,0,2
SO,1984,0,0,1,0,0,0,0,1
TG,1984,0,0,1,0,0,1,0,2
TI,1984,0,0,0,0,0,0,1,1
VD,1984,0,0,0,2,0,1,2,5
VS,1984,0,0,1,1,0,0,1,3
ZG,1984,0,1,1,0,0,0,0,2
ZH,1984,0,0,0,0,0,1,0,1
AG,1985,0,0,1,0,0,0,0,1
BE,1985,0,0,0,0,0,2,0,2
BL,1985,1,0,0,0,0,0,0,1
BS,1985,1,0,1,0,0,0,0,2
FR,1985,0,0,0,0,0,2,0,2
GL,1985,0,0,1,0,0,0,0,1
GR,1985,0,0,1,2,0,0,0,3
JU,1985,0,1,0,0,0,0,0,1
LU,1985,0,0,0,1,0,0,0,1
NE,1985,0,1,0,0,0,0,0,1
NW,1985,0,0,0,1,0,0,0,1
OW,1985,0,0,0,1,0,0,0,1
SG,1985,0,0,3,2,0,0,0,5
SH,1985,0,0,1,0,0,0,0,1
SZ,1985,0,0,1,1,0,0,0,2
TG,1985,0,0,2,0,0,0,0,2
UR,1985,0,0,0,1,0,0,0,1
ZH,1985,0,0,1,0,0,0,0,1
AR,1986,0,0,0,1,0,0,0,1
BE,1986,0,0,0,1,0,0,0,1
FR,1986,0,1,0,1,0,0,0,2
GE,1986,0,1,0,0,0,0,0,1
JU,1986,0,1,0,1,0,0,0,2
NE,1986,0,1,0,1,0,0,0,2
NW,1986,0,0,0,0,0,0,1,1
SG,1986,0,0,0,1,0,0,0,1
SO,1986,0,0,0,1,0,0,0,1
TI,1986,0,1,0,0,0,0,1,2
UR,1986,0,0,0,0,0,0,1,1
VD,1986,0,1,1,1,0,0,0,3
VS,1986,0,1,0,0,0,0,0,1
AR,1987,0,0,1,0,0,0,0,1
BL,1987,0,1,1,0,0,0,0,2
BS,1987,0,1,1,0,0,0,0,2
FR,1987,0,0,0,0,1,0,0,1
JU,1987,0,1,0,0,0,0,0,1
NE,1987,0,0,0,0,0,0,1,1
SG,1987,0,0,1,0,0,0,0,1
TG,1987,0,0,1,0,0,0,0,1
VD,1987,0,0,0,0,0,0,1,1
VS,1987,0,1,0,0,0,0,0,1
BE,1988,0,0,1,0,0,0,0,1
BL,1988,0,0,0,2,0,0,0,2
BS,1988,0,0,0,1,0,0,0,1
FR,1988,1,0,0,0,0,0,0,1
GE,1988,2,0,0,0,0,0,1,3
GR,1988,0,0,0,1,0,0,0,1
JU,1988,1,0,0,0,0,0,0,1
NE,1988,1,0,0,0,0,0,0,1
SG,1988,0,0,0,0,1,0,0,1
TI,1988,0,0,0,1,0,0,0,1
VD,1988,2,0,0,0,0,0,0,2
VS,1988,1,0,0,0,0,0,0,1
AG,1989,0,0,0,2,0,0,0,2
BE,1989,0,0,0,1,0,0,0,1
BL,1989,1,0,0,1,0,0,0,2
BS,1989,0,0,0,1,0,0,1,2
JU,1989,0,0,0,1,0,0,0,1
LU,1989,0,0,0,1,0,0,0,1
NE,1989,0,0,0,0,0,0,1,1
SG,1989,0,0,1,0,0,0,0,1
SO,1989,0,0,0,1,0,0,0,1
SZ,1989,0,0,1,0,0,0,0,1
AG,1990,0,0,1,0,0,0,0,1
AI,1990,0,0,1,0,2,0,0,3
AR,1990,0,0,3,1,3,0,0,7
BE,1990,0,0,0,0,0,1,0,1
BL,1990,0,1,1,1,0,0,0,3
BS,1990,0,0,1,1,0,0,0,2
FR,1990,1,0,0,0,0,0,0,1
GE,1990,1,0,1,0,0,0,0,2
GL,1990,0,0,0,0,3,1,0,4
GR,1990,0,0,1,0,3,0,0,4
JU,1990,1,0,0,0,0,0,0,1
NE,1990,1,0,0,0,0,0,0,1
NW,1990,0,0,0,0,3,0,0,3
OW,1990,0,0,0,0,3,0,0,3
SG,1990,0,1,3,0,3,0,0,7
SH,1990,0,0,1,0,3,0,0,4
SO,1990,0,0,1,0,0,3,0,4
SZ,1990,0,0,0,0,3,0,0,3
TG,1990,0,1,1,0,3,3,0,8
TI,1990,0,0,0,0,3,0,0,3
UR,1990,0,0,0,0,3,0,0,3
VD,1990,1,0,0,0,0,0,0,1
VS,1990,1,0,0,0,0,0,0,1
ZG,1990,0,0,0,0,3,0,0,3
ZH,1990,0,0,0,0,0,1,0,1
AG,1991,1,0,0,0,0,0,0,1
AI,1991,0,0,0,0,1,0,0,1
AR,1991,0,0,0,0,1,0,0,1
BE,1991,1,0,0,0,0,1,0,2
BL,1991,1,0,0,1,0,0,0,2
BS,1991,1,0,0,0,0,0,0,1
FR,1991,0,0,0,0,0,3,0,3
GE,1991,0,0,1,0,0,0,0,1
GL,1991,0,0,0,1,1,0,0,2
GR,1991,0,0,0,0,1,0,0,1
NE,1991,0,0,0,0,1,3,0,4
NW,1991,0,0,0,0,1,0,0,1
OW,1991,0,0,0,0,1,0,0,1
SG,1991,0,0,0,1,1,1,0,3
SO,1991,1,0,0,0,0,2,0,3
SZ,1991,0,0,1,1,1,0,0,3
TG,1991,0,0,0,0,1,0,0,1
TI,1991,0,0,0,0,1,0,0,1
UR,1991,0,0,0,1,1,0,0,2
VD,1991,0,0,0,0,0,1,0,1
ZG,1991,0,0,0,0,1,0,0,1
AG,1992,0,0,2,0,0,0,0,2
AI,1992,0,0,1,0,0,0,1,2
AR,1992,0,0,1,0,0,0,0,1
BE,1992,0,0,1,0,0,0,0,1
BL,1992,0,0,1,1,0,0,0,2
BS,1992,0,0,1,1,0,0,0,2
FR,1992,0,0,1,0,0,0,0,1
GE,1992,0,0,0,0,0,0,1,1
GL,1992,0,0,2,0,0,0,1,3
GR,1992,0,0,2,0,0,0,1,3
LU,1992,0,0,1,0,0,0,1,2
NE,1992,0,0,0,0,0,0,1,1
NW,1992,0,0,0,0,0,0,1,1
OW,1992,0,0,1,0,0,0,0,1
SG,1992,1,0,3,0,0,0,1,5
SH,1992,0,0,1,0,0,0,0,1
SO,1992,0,0,2,0,0,0,1,3
SZ,1992,0,0,2,0,0,0,1,3
TG,1992,0,0,2,0,0,0,1,3
TI,1992,0,0,0,0,0,0,1,1
UR,1992,0,0,1,0,0,0,0,1
VD,1992,0,0,0,0,0,0,1,1
VS,1992,0,0,1,0,0,0,0,1
ZG,1992,0,0,2,0,1,0,0,3
ZH,1992,0,0,2,0,0,0,0,2
AG,1993,2,0,2,0,0,0,0,4
AI,1993,2,0,1,0,0,0,0,3
AR,1993,2,0,2,0,0,0,0,4
BE,1993,3,0,2,0,0,0,0,5
BL,1993,5,2,2,0,1,0,0,10
BS,1993,4,2,2,0,0,0,1,9
FR,1993,3,0,1,0,0,0,0,4
GE,1993,3,0,2,0,0,0,0,5
GL,1993,2,0,1,1,0,3,0,7
GR,1993,2,0,2,0,0,0,0,4
JU,1993,3,0,0,0,0,0,0,3
LU,1993,2,0,1,0,0,0,0,3
NE,1993,3,0,3,0,0,0,0,6
NW,1993,2,0,2,0,0,0,0,4
OW,1993,2,0,1,0,0,0,0,3
SG,1993,2,0,2,2,0,3,0,9
SH,1993,2,0,2,0,0,0,0,4
SO,1993,2,0,1,0,1,0,0,4
SZ,1993,2,0,2,0,0,3,0,7
TG,1993,2,0,6,1,0,0,0,9
TI,1993,2,0,2,0,0,0,0,4
UR,1993,2,0,0,0,0,0,0,2
VD,1993,3,0,1,0,0,0,0,4
VS,1993,3,0,2,0,0,0,0,5
ZG,1993,2,0,5,0,0,0,0,7
ZH,1993,2,0,0,0,0,3,0,5
AG,1994,1,0,0,2,0,0,0,3
AI,1994,0,0,1,1,0,0,0,2
AR,1994,0,0,0,2,0,0,0,2
BE,1994,0,0,0,2,0,0,0,2
BL,1994,0,0,4,2,1,0,0,7
BS,1994,0,0,3,2,1,0,0,6
FR,1994,1,0,0,1,0,0,0,2
GE,1994,0,0,0,1,0,0,0,1
GL,1994,0,0,0,3,0,6,0,9
GR,1994,0,0,0,1,0,1,0,2
LU,1994,1,0,0,1,0,0,0,2
NE,1994,0,0,0,1,0,0,0,1
NW,1994,0,0,0,0,0,2,0,2
OW,1994,0,0,0,0,0,1,0,1
SG,1994,0,0,1,10,0,7,0,18
SH,1994,0,0,1,0,0,0,0,1
SO,1994,0,0,0,2,0,0,0,2
SZ,1994,0,0,0,4,0,7,0,11
TG,1994,0,0,1,3,0,1,0,5
UR,1994,0,0,0,0,0,3,0,3
VD,1994,0,0,1,0,0,0,0,1
VS,1994,0,0,0,1,0,0,0,1
ZG,1994,0,0,3,2,0,0,0,5
ZH,1994,0,0,0,1,0,6,1,8
AG,1995,1,0,2,0,0,0,0,3
AI,1995,0,0,0,1,0,0,0,1
BE,1995,2,0,3,0,0,2,0,7
BL,1995,2,0,2,0,0,0,0,4
BS,1995,2,0,2,1,0,0,0,5
FR,1995,0,0,1,0,1,0,0,2
GE,1995,0,0,1,0,0,0,0,1
GL,1995,0,1,1,0,0,0,0,2
GR,1995,0,1,0,0,0,0,0,1
JU,1995,1,0,2,0,0,0,1,4
LU,1995,1,0,0,0,0,0,0,1
NE,1995,0,0,5,0,0,1,0,6
NW,1995,0,0,1,0,0,0,0,1
SG,1995,0,1,1,2,1,0,0,5
SH,1995,1,1,0,1,0,0,0,3
SO,1995,3,0,2,0,0,1,0,6
SZ,1995,0,0,0,0,1,0,0,1
TG,1995,1,1,2,0,0,0,0,4
TI,1995,0,0,2,0,0,0,0,2
VD,1995,0,0,1,0,0,0,0,1
VS,1995,0,0,1,0,0,0,0,1
ZG,1995,1,0,1,0,0,0,0,2
ZH,1995,0,1,1,1,0,0,0,3
AG,1996,0,0,1,0,0,0,0,1
BE,1996,0,0,1,0,0,0,0,1
BL,1996,1,1,1,0,0,0,0,3
BS,1996,1,1,1,1,0,0,0,4
FR,1996,2,0,1,0,0,0,0,3
GE,1996,3,0,2,0,0,0,0,5
GL,1996,0,0,1,0,0,1,0,2
GR,1996,0,0,1,0,0,0,0,1
JU,1996,1,0,1,0,0,0,0,2
LU,1996,0,1,0,0,1,0,0,2
NE,1996,3,0,1,0,1,0,0,5
NW,1996,0,2,0,0,0,0,0,2
SG,1996,0,1,1,2,1,2,0,7
SH,1996,0,0,1,0,0,1,0,2
SO,1996,0,0,1,0,0,0,0,1
SZ,1996,0,0,0,0,2,1,0,3
TG,1996,0,2,1,0,0,0,0,3
TI,1996,0,0,1,0,0,0,0,1
VD,1996,3,0,2,0,0,0,0,5
VS,1996,1,0,1,0,0,0,0,2
ZG,1996,0,0,0,0,2,1,0,3
ZH,1996,0,0,3,0,0,0,0,3
AG,1997,0,0,4,3,0,0,0,7
BL,1997,1,1,4,2,0,0,0,8
BS,1997,1,1,7,2,0,0,0,11
FR,1997,0,0,2,0,0,0,0,2
GE,1997,0,0,4,0,0,0,0,4
GR,1997,0,0,1,0,0,0,0,1
LU,1997,0,1,0,1,0,0,1,3
NW,1997,0,1,0,1,0,0,1,3
OW,1997,0,1,0,1,0,0,1,3
SG,1997,2,1,2,1,0,1,0,7
SH,1997,0,1,0,0,0,0,0,1
SO,1997,0,2,2,0,0,0,0,4
SZ,1997,0,0,1,1,0,1,1,4
TG,1997,1,0,1,0,0,0,0,2
UR,1997,0,0,0,1,0,0,1,2
VD,1997,0,0,2,0,0,0,0,2
VS,1997,0,0,1,0,0,0,0,1
ZG,1997,0,0,3,1,0,0,0,4
ZH,1997,2,1,5,0,0,0,0,8
AG,1998,0,0,3,0,0,0,0,3
AI,1998,0,0,1,0,0,0,0,1
AR,1998,0,0,2,0,0,0,0,2
BE,1998,1,0,1,0,1,0,0,3
BL,1998,0,1,5,2,1,1,0,10
BS,1998,0,2,5,2,1,0,0,10
FR,1998,0,1,1,0,3,0,0,5
GE,1998,0,0,1,0,1,0,0,2
GL,1998,0,0,1,0,1,0,0,2
JU,1998,1,0,0,0,0,0,0,1
LU,1998,0,0,1,0,1,0,0,2
NE,1998,0,0,2,0,3,0,0,5
OW,1998,0,0,1,0,0,0,0,1
SG,1998,0,0,3,0,1,1,0,5
SH,1998,0,0,1,0,0,1,0,2
SO,1998,0,0,3,0,1,0,0,4
SZ,1998,0,0,1,0,1,0,0,2
TG,1998,0,0,2,2,1,0,0,5
TI,1998,0,1,1,0,1,0,0,3
VD,1998,0,1,0,0,4,0,0,5
VS,1998,0,0,2,0,1,0,0,3
ZG,1998,0,2,5,0,1,1,0,9
ZH,1998,0,0,5,2,0,1,0,8
AG,1999,0,0,5,0,0,1,0,6
AI,1999,0,0,4,0,0,0,0,4
AR,1999,0,1,4,0,0,0,0,5
BE,1999,1,0,5,0,0,1,0,7
BL,1999,0,0,4,0,0,0,1,5
BS,1999,0,1,5,0,0,0,1,7
FR,1999,0,0,3,0,0,0,0,3
GE,1999,0,0,2,0,0,1,0,3
GL,1999,0,0,3,0,0,0,0,3
GR,1999,0,0,2,0,0,1,0,3
JU,1999,1,0,1,0,1,0,0,3
LU,1999,0,0,5,0,0,0,0,5
NE,1999,1,0,4,0,0,0,0,5
NW,1999,0,2,1,0,0,0,0,3
OW,1999,0,1,3,0,0,0,0,4
SG,1999,0,2,9,0,0,1,0,12
SH,1999,0,1,2,0,0,0,0,3
SO,1999,0,0,5,0,1,0,0,6
SZ,1999,0,1,5,0,0,0,0,6
TG,1999,0,1,6,0,0,0,0,7
UR,1999,0,1,2,0,0,0,0,3
VD,1999,0,0,1,0,0,1,0,2
VS,1999,0,1,3,0,0,1,0,5
ZG,1999,0,2,7,1,0,0,0,10
ZH,1999,0,0,7,0,0,0,0,7
AG,2000,0,2,3,0,0,0,0,5
AI,2000,0,0,1,0,0,0,0,1
AR,2000,0,0,2,0,0,0,0,2
BE,2000,0,1,4,0,0,0,0,5
BL,2000,0,3,4,1,1,0,0,9
BS,2000,1,2,2,1,1,0,1,8
FR,2000,0,0,1,0,0,0,0,1
GE,2000,1,0,0,0,0,1,0,2
GL,2000,0,0,3,2,0,0,0,5
GR,2000,0,0,1,0,0,0,0,1
JU,2000,0,0,2,0,0,0,0,2
LU,2000,0,1,3,0,0,0,0,4
NE,2000,1,0,1,0,0,0,0,2
NW,2000,1,0,3,0,0,0,0,4
OW,2000,1,0,2,0,0,0,0,3
SG,2000,0,0,4,3,0,0,0,7
SH,2000,0,0,1,0,0,0,0,1
SO,2000,0,2,4,0,0,0,0,6
SZ,2000,0,0,4,2,0,0,0,6
TG,2000,0,0,2,0,0,0,0,2
UR,2000,1,0,1,0,0,0,0,2
VD,2000,0,0,1,0,0,0,0,1
VS,2000,0,0,1,0,0,0,0,1
ZG,2000,0,1,3,0,0,0,1,5
ZH,2000,0,0,6,2,0,0,0,8
AG,2001,0,0,1,0,0,0,0,1
AI,2001,0,0,3,0,0,0,0,3
AR,2001,0,0,2,0,0,0,0,2
BE,2001,0,0,3,0,0,0,0,3
BL,2001,0,1,2,2,0,0,0,5
BS,2001,0,1,0,2,0,0,0,3
FR,2001,2,0,1,0,0,0,0,3
GE,2001,4,0,2,0,0,0,0,6
GL,2001,0,0,5,0,0,0,0,5
GR,2001,0,0,5,0,0,0,0,5
JU,2001,2,0,3,0,0,0,0,5
LU,2001,0,0,3,1,0,0,0,4
NE,2001,2,0,6,0,0,0,0,8
NW,2001,0,1,0,2,1,0,0,4
OW,2001,0,1,0,0,0,0,0,1
SG,2001,1,0,5,1,0,0,0,7
SH,2001,1,1,5,1,0,0,0,8
SO,2001,1,0,2,0,0,0,0,3
SZ,2001,0,0,5,0,0,0,0,5
TG,2001,0,0,6,0,0,0,0,6
VD,2001,3,0,3,0,0,0,0,6
VS,2001,2,0,1,0,0,0,0,3
ZG,2001,0,0,4,2,0,0,0,6
ZH,2001,0,1,6,2,0,0,0,9
AG,2002,0,0,1,0,0,0,0,1
AI,2002,0,0,0,0,1,0,1,2
AR,2002,0,0,0,0,1,0,1,2
BE,2002,0,1,2,0,1,0,0,4
BL,2002,1,0,5,0,0,0,0,6
BS,2002,0,0,4,1,0,0,0,5
FR,2002,0,0,3,0,0,0,0,3
GE,2002,0,0,4,0,0,0,0,4
GL,2002,0,0,0,1,1,0,1,3
GR,2002,0,1,0,0,1,0,1,3
JU,2002,0,0,2,0,0,0,0,2
LU,2002,0,1,3,0,0,1,0,5
NE,2002,1,1,2,0,0,1,0,5
NW,2002,0,4,4,1,1,0,0,10
OW,2002,0,0,2,1,0,0,0,3
SG,2002,0,1,0,1,1,0,1,4
SH,2002,0,2,0,0,1,0,1,4
SO,2002,1,0,2,0,0,0,0,3
SZ,2002,0,1,2,1,1,0,0,5
TG,2002,1,0,0,0,1,0,1,3
TI,2002,0,0,0,0,0,0,1,1
UR,2002,0,0,3,0,0,0,0,3
VD,2002,0,1,3,0,0,0,0,4
VS,2002,0,0,2,0,0,0,0,2
ZG,2002,1,3,3,0,2,0,0,9
ZH,2002,1,0,2,1,1,0,1,6
AG,2003,3,2,3,0,0,0,0,8
AI,2003,0,0,2,0,0,0,0,2
AR,2003,0,0,2,0,0,0,0,2
BE,2003,3,2,2,0,0,0,0,7
BL,2003,3,2,3,0,2,0,0,10
BS,2003,3,2,2,0,2,0,0,9
FR,2003,0,0,2,0,0,0,1,3
GE,2003,0,0,1,0,0,0,4,5
GL,2003,0,0,0,5,0,0,0,5
JU,2003,0,0,0,0,1,0,1,2
LU,2003,3,3,6,2,0,0,0,14
NE,2003,0,0,1,0,0,0,2,3
NW,2003,3,1,1,2,0,0,0,7
OW,2003,3,1,0,2,0,0,0,6
SG,2003,0,0,5,3,0,0,0,8
SH,2003,0,0,1,0,0,0,0,1
SO,2003,3,3,1,0,0,0,0,7
SZ,2003,4,1,4,3,0,0,0,12
TG,2003,0,0,2,0,0,0,0,2
TI,2003,0,0,1,0,0,0,2,3
UR,2003,3,1,0,2,0,0,0,6
VD,2003,0,0,1,0,0,2,1,4
VS,2003,0,0,0,0,0,0,1,1
ZG,2003,5,1,8,3,0,0,0,17
ZH,2003,0,0,5,2,0,0,0,7
AG,2004,1,0,1,0,0,0,1,3
BE,2004,1,0,0,0,1,0,0,2
BL,2004,1,2,2,0,0,0,0,5
BS,2004,1,2,2,0,0,0,0,5
GE,2004,1,0,0,0,0,0,0,1
GL,2004,0,0,0,0,0,1,0,1
JU,2004,1,0,0,0,0,0,0,1
LU,2004,1,0,3,0,0,0,2,6
NE,2004,0,0,0,0,0,1,0,1
NW,2004,1,0,4,0,0,0,2,7
OW,2004,1,0,2,0,0,0,2,5
SG,2004,2,0,2,0,0,1,0,5
SO,2004,1,0,1,0,0,0,0,2
SZ,2004,1,0,3,0,0,1,2,7
UR,2004,1,0,2,0,0,0,2,5
ZG,2004,1,1,5,0,0,0,2,9
ZH,2004,1,0,0,0,0,1,1,3
AG,2005,1,0,0,0,0,0,0,1
AI,2005,3,0,0,0,0,0,2,5
AR,2005,2,0,0,0,0,1,2,5
BE,2005,2,0,1,1,1,0,0,5
BL,2005,1,1,0,1,0,0,1,4
BS,2005,2,1,0,0,0,0,1,4
FR,2005,2,0,2,0,1,0,1,6
GE,2005,1,0,1,0,1,1,1,5
GL,2005,1,0,0,2,0,0,2,5
GR,2005,3,0,0,0,1,0,2,6
JU,2005,1,0,0,0,0,0,1,2
LU,2005,1,0,2,1,0,0,3,7
NE,2005,1,0,1,1,0,0,1,4
NW,2005,1,0,2,2,0,0,2,7
SG,2005,3,0,2,1,1,0,2,9
SH,2005,3,0,0,0,0,0,1,4
SO,2005,1,0,0,1,0,0,0,2
SZ,2005,1,2,2,0,0,0,1,6
TG,2005,3,0,0,1,1,0,2,7
TI,2005,1,0,0,0,0,1,1,3
UR,2005,1,0,0,0,0,0,0,1
VD,2005,1,0,1,0,2,2,2,8
VS,2005,2,0,0,0,1,0,1,4
ZG,2005,3,1,2,1,2,0,2,11
ZH,2005,2,0,2,1,0,0,0,5
AG,2006,2,2,0,0,0,0,0,4
AI,2006,0,0,1,0,0,0,0,1
AR,2006,0,0,2,0,0,0,0,2
BE,2006,2,0,2,0,0,0,0,4
BL,2006,0,1,3,1,0,0,0,5
BS,2006,1,2,2,1,0,0,0,6
FR,2006,0,0,1,0,0,0,2,3
GE,2006,0,0,0,0,1,0,0,1
GL,2006,0,0,1,0,0,0,0,1
GR,2006,0,0,1,0,0,0,0,1
JU,2006,0,0,1,0,0,0,0,1
LU,2006,0,0,1,1,1,0,0,3
NE,2006,0,0,0,0,1,0,0,1
NW,2006,0,0,1,0,0,0,0,1
OW,2006,0,0,2,0,0,0,0,2
SG,2006,2,2,2,0,0,0,0,6
SH,2006,1,0,1,0,0,0,1,3
SO,2006,0,0,1,0,0,0,0,1
SZ,2006,0,0,0,1,1,0,0,2
TG,2006,0,0,1,0,0,0,0,1
TI,2006,2,0,3,0,0,0,0,5
VD,2006,0,0,2,0,0,0,0,2
VS,2006,1,0,1,0,0,0,0,2
ZG,2006,0,1,0,0,1,0,0,2
ZH,2006,2,2,2,0,0,0,1,7
AG,2007,2,0,1,0,0,0,0,3
AI,2007,0,0,1,0,0,0,1,2
AR,2007,0,0,2,0,0,0,1,3
BE,2007,0,0,4,0,0,0,0,4
BL,2007,0,0,3,1,0,0,0,4
BS,2007,0,0,3,0,0,0,0,3
FR,2007,0,0,3,0,0,0,0,3
GE,2007,0,0,3,0,0,0,1,4
GL,2007,0,0,4,0,0,0,2,6
GR,2007,0,0,3,0,0,0,1,4
JU,2007,0,0,1,0,0,0,0,1
LU,2007,0,0,0,0,0,0,1,1
NE,2007,1,0,2,0,0,0,0,3
NW,2007,0,2,0,0,0,0,0,2
SG,2007,0,0,3,0,0,0,2,5
SH,2007,0,0,1,0,0,0,1,2
SO,2007,0,0,2,0,0,0,0,2
SZ,2007,0,0,2,0,0,0,0,2
TG,2007,0,0,1,0,0,0,2,3
TI,2007,0,0,3,0,0,0,2,5
VD,2007,1,0,2,0,0,0,0,3
VS,2007,0,0,3,0,0,0,0,3
ZG,2007,0,0,4,0,0,0,0,4
ZH,2007,3,1,2,0,0,0,1,7
AG,2008,0,1,0,0,0,0,0,1
AR,2008,0,1,0,0,0,0,0,1
BE,2008,1,1,2,0,0,0,0,4
BL,2008,1,0,0,0,0,0,0,1
BS,2008,1,2,0,0,0,0,0,3
FR,2008,0,1,0,0,0,0,0,1
GE,2008,1,1,0,0,0,0,0,2
GL,2008,1,0,0,0,0,0,0,1
GR,2008,0,1,0,0,0,0,0,1
JU,2008,0,0,2,0,0,0,0,2
LU,2008,0,1,0,0,1,0,0,2
NE,2008,0,0,1,0,0,0,0,1
SG,2008,1,0,0,0,0,0,0,1
SZ,2008,0,1,0,0,0,0,0,1
TG,2008,1,0,0,0,0,0,0,1
TI,2008,0,1,0,0,0,0,0,1
VD,2008,1,4,0,0,0,0,0,5
VS,2008,1,3,0,0,0,0,1,5
ZG,2008,0,1,0,0,0,0,0,1
ZH,2008,1,2,3,0,0,0,0,6
AG,2009,1,0,1,0,0,0,0,2
AI,2009,1,0,1,0,0,0,0,2
AR,2009,1,0,2,0,0,0,0,3
BE,2009,2,1,0,0,0,0,0,3
BL,2009,2,0,2,0,0,0,0,4
BS,2009,1,0,1,0,0,0,0,2
FR,2009,2,0,1,0,0,0,0,3
GE,2009,1,0,1,0,0,0,0,2
GL,2009,1,0,0,0,0,0,0,1
GR,2009,0,0,1,0,0,0,0,1
LU,2009,4,0,1,3,0,0,0,8
NW,2009,2,1,0,0,0,0,0,3
OW,2009,3,0,0,0,0,0,0,3
SG,2009,1,0,1,0,0,0,0,2
SO,2009,1,0,1,0,0,0,0,2
SZ,2009,3,0,0,0,0,0,0,3
TG,2009,1,1,1,0,0,0,0,3
TI,2009,1,0,0,0,0,0,0,1
UR,2009,2,0,0,0,0,0,0,2
VD,2009,0,0,1,0,0,0,0,1
VS,2009,1,0,0,0,0,0,0,1
ZG,2009,6,0,1,3,0,0,0,10
ZH,2009,2,1,1,3,0,0,0,7
AG,2010,1,0,1,0,0,0,0,2
AI,2010,1,0,0,0,0,0,2,3
AR,2010,0,0,1,0,0,0,0,1
BE,2010,0,0,2,0,0,0,0,2
BL,2010,1,0,2,0,0,0,0,3
BS,2010,1,0,1,0,0,0,0,2
FR,2010,0,1,1,0,0,0,0,2
GE,2010,0,0,0,0,0,0,1,1
GL,2010,0,0,1,0,0,0,0,1
LU,2010,3,0,0,0,0,0,0,3
NE,2010,0,1,0,0,0,0,0,1
NW,2010,3,0,0,0,0,0,0,3
OW,2010,2,0,0,0,0,0,0,2
SG,2010,0,0,2,0,0,0,0,2
SO,2010,1,0,0,0,0,0,0,1
SZ,2010,2,0,0,0,0,0,0,2
TG,2010,0,0,1,0,0,0,0,1
TI,2010,0,0,0,0,0,0,2,2
UR,2010,2,0,0,0,0,0,0,2
VD,2010,0,1,0,0,0,0,0,1
VS,2010,0,0,2,0,0,0,0,2
ZG,2010,2,0,1,0,0,0,0,3
ZH,2010,1,0,0,0,0,0,0,1
BE,2011,0,0,2,0,0,0,1,3
BL,2011,2,0,0,0,1,0,1,4
BS,2011,1,0,0,0,1,0,2,4
FR,2011,0,0,2,0,0,0,1,3
GE,2011,0,0,2,0,0,0,0,2
GR,2011,0,0,1,0,0,0,0,1
JU,2011,0,1,2,0,0,0,0,3
LU,2011,0,0,2,0,0,0,0,2
NE,2011,0,1,2,0,0,0,0,3
NW,2011,0,0,4,0,0,0,0,4
OW,2011,0,0,3,0,0,0,0,3
SG,2011,0,0,1,1,0,0,0,2
SZ,2011,0,0,3,0,0,0,0,3
UR,2011,0,0,3,0,0,0,0,3
VD,2011,0,1,2,0,0,0,1,4
VS,2011,0,1,2,0,0,0,0,3
ZG,2011,0,0,3,0,0,0,1,4
ZH,2011,0,0,1,0,0,0,0,1
AG,2012,0,1,0,0,0,0,0,1
AI,2012,1,0,0,0,0,0,0,1
AR,2012,0,0,0,2,0,0,0,2
BE,2012,0,0,1,0,0,0,0,1
BL,2012,0,0,1,0,0,0,0,1
BS,2012,0,0,1,0,0,0,0,1
GL,2012,0,0,0,2,0,0,0,2
LU,2012,0,0,5,1,0,0,0,6
NW,2012,0,0,2,0,0,0,0,2
OW,2012,0,0,2,0,0,0,0,2
SG,2012,1,0,0,2,0,0,0,3
SO,2012,0,0,1,0,0,0,0,1
SZ,2012,0,0,0,1,0,0,0,1
VD,2012,0,0,1,0,0,0,0,1
ZG,2012,0,0,2,0,0,0,0,2
ZH,2012,0,0,1,2,0,0,0,3
AG,2013,0,0,1,2,1,0,0,4
BE,2013,0,0,2,0,2,0,0,4
BL,2013,0,0,1,0,2,0,0,3
BS,2013,0,0,1,0,1,0,0,2
FR,2013,0,1,1,0,0,0,1,3
GE,2013,0,0,2,0,0,0,1,3
GL,2013,0,0,1,0,0,0,0,1
GR,2013,0,0,1,0,0,0,0,1
JU,2013,0,0,1,0,0,0,0,1
LU,2013,1,1,0,0,0,0,0,2
NE,2013,0,0,1,0,0,0,1,2
NW,2013,2,1,0,0,0,0,0,3
OW,2013,1,1,0,0,0,0,0,2
SG,2013,0,0,1,0,0,0,0,1
SO,2013,0,0,1,0,0,0,0,1
SZ,2013,1,1,0,0,0,0,0,2
TG,2013,2,0,1,0,0,0,0,3
TI,2013,0,1,0,0,0,0,1,2
UR,2013,1,1,0,0,0,0,0,2
VD,2013,0,1,1,0,0,0,0,2
VS,2013,0,0,2,0,0,0,2,4
ZG,2013,1,1,3,0,0,0,0,5
ZH,2013,2,0,1,2,0,0,0,5
AG,2014,1,1,1,0,1,0,0,4
BE,2014,0,1,1,0,0,0,0,2
BL,2014,0,0,1,2,0,0,0,3
BS,2014,0,1,1,2,0,0,0,4
FR,2014,0,1,0,0,0,0,0,1
GE,2014,0,1,0,0,0,0,1,2
GL,2014,0,1,0,0,0,0,0,1
LU,2014,1,1,1,0,0,0,0,3
NE,2014,1,0,0,1,0,0,0,2
SG,2014,0,0,1,0,0,0,0,1
SO,2014,0,0,1,0,0,0,0,1
SZ,2014,0,1,0,0,0,0,0,1
TG,2014,0,1,0,0,0,0,0,1
VS,2014,0,1,1,0,0,0,0,2
ZG,2014,1,1,1,0,0,0,0,3
ZH,2014,0,0,1,0,0,0,0,1
AG,2015,0,1,0,1,0,0,0,2
BE,2015,0,0,1,0,0,0,0,1
BL,2015,0,0,1,0,1,0,1,3
BS,2015,0,0,1,0,0,0,0,1
FR,2015,0,1,0,0,0,0,0,1
JU,2015,0,0,1,0,1,0,0,2
NE,2015,0,0,1,0,0,0,0,1
NW,2015,0,0,1,0,0,0,0,1
SG,2015,1,1,0,0,0,0,0,2
SH,2015,0,0,1,0,0,0,0,1
SO,2015,0,1,0,0,0,0,0,1
SZ,2015,0,0,1,0,0,0,0,1
ZG,2015,0,1,0,1,0,0,1,3
ZH,2015,0,0,1,0,0,0,0,1
AI,2016,0,2,0,0,0,0,0,2
AR,2016,0,2,0,0,0,0,0,2
BL,2016,0,2,2,0,0,0,0,4
BS,2016,0,2,0,0,0,0,0,2
SG,2016,0,2,0,0,0,0,0,2
SO,2016,0,0,2,0,0,0,0,2
TG,2016,0,2,0,0,0,0,0,2
ZG,2016,0,1,0,0,0,0,0,1
ZH,2016,0,1,0,0,0,0,0,1
AG,2017,0,0,0,0,0,0,1,1
BL,2017,0,0,1,0,0,0,0,1
FR,2017,0,0,0,0,1,0,0,1
GE,2017,0,0,0,0,1,0,3,4
JU,2017,0,0,1,0,1,0,0,2
NE,2017,0,0,0,0,1,0,0,1
SO,2017,0,0,0,0,0,0,1,1
VD,2017,0,0,0,0,1,0,1,2
VS,2017,1,2,0,0,1,0,0,4
ZG,2017,0,0,1,0,0,0,0,1
AG,2018,0,0,0,1,0,0,0,1
AR,2018,0,0,0,0,1,0,0,1
BL,2018,0,1,0,0,1,0,0,2
BS,2018,0,1,0,0,1,0,0,2
FR,2018,0,0,0,2,0,0,0,2
GE,2018,0,0,0,2,0,0,0,2
GL,2018,0,1,0,0,1,0,0,2
NE,2018,0,0,0,0,0,0,2,2
NW,2018,1,0,0,0,0,0,0,1
SG,2018,0,0,0,0,2,0,0,2
TG,2018,0,1,0,0,1,0,0,2
VD,2018,0,1,0,3,0,0,0,4
VS,2018,0,0,0,0,2,0,0,2
ZG,2018,0,0,0,0,1,0,0,1
ZH,2018,0,2,0,0,1,0,0,3
AG,2019,2,0,1,0,0,0,0,3
AI,2019,2,0,2,0,0,0,0,4
AR,2019,2,0,2,0,0,0,0,4
BE,2019,4,0,0,0,0,0,0,4
BL,2019,2,0,0,1,0,0,0,3
BS,2019,2,0,0,1,0,0,0,3
FR,2019,3,0,0,0,1,0,0,4
GE,2019,0,0,0,0,2,0,0,2
GL,2019,1,0,2,0,0,0,0,3
GR,2019,1,0,1,0,1,0,0,3
JU,2019,1,0,0,0,1,0,0,2
LU,2019,1,0,0,0,0,0,0,1
NE,2019,1,0,0,0,2,0,0,3
NW,2019,1,0,0,0,0,0,0,1
OW,2019,1,0,0,0,0,0,0,1
SG,2019,2,0,3,0,0,0,1,6
SH,2019,1,0,1,0,0,0,0,2
SO,2019,2,0,1,0,0,0,0,3
SZ,2019,1,1,2,0,0,0,0,4
TG,2019,1,1,2,0,0,0,0,4
TI,2019,1,0,0,0,0,0,0,1
UR,2019,1,0,0,0,0,0,0,1
VD,2019,1,0,0,1,2,0,0,4
VS,2019,1,0,0,0,1,0,0,2
ZG,2019,1,0,0,1,0,0,0,2
ZH,2019,1,1,0,0,0,0,0,2
AG,2020,1,0,0,0,0,0,0,1
BL,2020,1,0,0,0,0,0,0,1
BS,2020,1,0,0,0,0,0,0,1
FR,2020,0,0,0,0,0,0,1,1
GL,2020,0,1,0,0,0,0,0,1
NW,2020,0,0,0,0,0,0,1,1
OW,2020,0,0,0,0,0,0,1,1
SG,2020,0,1,0,0,0,0,0,1
UR,2020,0,0,0,0,0,0,1,1
ZH,2020,1,1,0,0,0,0,0,2
AG,2021,1,0,0,1,0,0,0,2
BE,2021,1,0,0,0,0,0,0,1
BS,2021,0,0,0,0,0,0,1,1
FR,2021,1,0,0,0,0,0,0,1
LU,2021,0,0,0,1,0,0,0,1
SG,2021,0,0,2,0,0,0,0,2
VD,2021,0,0,1,0,0,0,0,1
ZG,2021,1,0,0,0,0,0,1,2
AG,2022,1,0,0,0,0,0,0,1
BE,2022,0,0,2,0,0,0,0,2
BL,2022,1,0,0,0,0,0,0,1
BS,2022,1,0,0,0,0,0,0,1
FR,2022,0,0,1,0,0,0,1,2
JU,2022,0,0,1,0,0,0,0,1
NE,2022,0,0,1,0,0,0,0,1
SH,2022,0,0,0,1,1,0,0,2
SO,2022,0,0,1,0,0,0,0,1
SZ,2022,0,0,0,1,0,0,0,1
TG,2022,0,0,1,0,0,0,0,1
VD,2022,0,0,1,1,0,0,0,2
ZG,2022,0,0,0,1,0,0,0,1
ZH,2022,0,0,0,0,1,0,0,1
AG,2023,1,0,1,0,0,0,0,2
AR,2023,1,0,0,0,0,0,0,1
BE,2023,2,0,0,1,0,0,0,3
BL,2023,1,0,0,0,0,0,0,1
BS,2023,1,0,1,0,0,0,0,2
FR,2023,0,1,0,0,0,0,0,1
GE,2023,1,1,0,0,0,0,1,3
GL,2023,1,0,0,1,0,0,0,2
GR,2023,1,0,0,0,0,0,0,1
JU,2023,2,1,0,0,0,0,0,3
LU,2023,1,0,1,0,0,0,0,2
NE,2023,1,0,0,0,0,0,0,1
SG,2023,1,0,0,0,0,0,0,1
SH,2023,1,0,0,0,0,0,0,1
SZ,2023,1,0,0,1,0,0,0,2
TG,2023,1,0,0,0,0,0,0,1
TI,2023,1,0,0,0,0,0,0,1
UR,2023,1,0,0,0,0,0,0,1
VD,2023,0,2,0,0,0,0,0,2
VS,2023,1,1,0,0,0,0,0,2
ZG,2023,1,0,2,1,0,0,0,4
ZH,2023,1,0,0,1,0,0,0,2
AI,2024,0,0,0,1,0,0,0,1
AR,2024,0,0,0,1,0,0,1,2
BE,2024,4,0,0,0,0,0,0,4
GL,2024,0,0,0,1,0,0,1,2
GR,2024,0,0,0,1,0,0,1,2
JU,2024,5,0,0,0,0,0,0,5
SG,2024,0,0,0,1,0,0,1,2
SH,2024,0,0,0,1,1,0,1,3
TG,2024,0,0,0,2,0,0,1,3
TI,2024,0,0,0,0,0,0,1,1
VD,2024,1,0,0,0,0,0,0,1
ZG,2024,1,0,0,0,0,0,0,1
ZH,2024,0,0,1,1,1,0,1,4
AG,2025,1,0,0,0,0,0,0,1
AI,2025,0,1,0,0,0,0,1,2
AR,2025,0,1,0,0,0,0,1,2
BE,2025,29,0,0,0,1,0,0,30
BL,2025,1,0,0,0,0,0,0,1
FR,2025,1,0,1,0,0,0,0,2
GL,2025,0,1,0,0,0,0,1,2
GR,2025,0,1,0,0,0,0,1,2
JU,2025,30,0,0,0,1,0,0,31
NE,2025,1,0,0,0,0,0,0,1
SG,2025,0,1,0,0,0,0,1,2
SH,2025,0,1,0,0,0,0,1,2
TG,2025,0,1,0,0,0,0,1,2
TI,2025,0,1,0,0,0,0,1,2
ZG,2025,4,0,0,0,0,0,0,4
ZH,2025,1,1,0,0,0,0,1,3
