# Swiss Law Collection — cantonal acts of type 'Act' by canton, year and legal domain
# counting_unit: published_copies — one count per canton whose collection publishes the act; this is the unit the site's year chart uses, so the two agree for any year
# year = enactment year; 'unknown' rows are undated laws
# source: Calculs propres basés sur la base de données de l'Institut pour le fédéralisme (LexFind); https://swiss-law-as-source.github.io
canton,year,etat,sante,educ,infra,eco,fin,autres,total
VS,1802,1,0,0,0,0,0,0,1
GE,1803,1,0,0,0,0,0,0,1
TI,1803,2,0,0,0,0,0,0,2
VD,1803,2,0,0,0,0,0,0,2
VD,1804,0,0,0,0,0,0,1,1
GE,1815,1,0,0,0,0,0,0,1
GE,1817,0,0,0,0,0,1,0,1
VD,1831,1,0,0,0,0,0,0,1
GL,1835,1,0,0,0,0,0,0,1
BE,1837,0,1,0,0,0,0,0,1
AG,1838,0,0,0,1,0,0,0,1
AG,1840,1,0,0,0,0,0,0,1
GE,1841,0,0,0,0,0,1,0,1
LU,1842,1,0,0,0,0,0,0,1
BS,1846,1,0,0,0,0,0,0,1
FR,1848,1,0,0,0,0,0,0,1
GE,1849,0,0,0,0,0,0,1,1
NE,1849,0,0,0,1,0,0,0,1
FR,1850,0,0,0,0,0,1,0,1
VS,1850,1,0,0,0,0,0,0,1
BL,1851,1,0,0,0,0,0,0,1
FR,1852,1,0,0,0,0,0,0,1
VS,1855,1,0,0,0,0,0,0,1
AG,1856,0,0,0,1,0,0,0,1
GE,1856,0,0,0,0,1,0,0,1
VS,1856,0,0,0,0,0,1,0,1
BE,1859,0,1,0,0,0,0,0,1
FR,1859,0,1,0,0,0,0,0,1
LU,1859,0,0,0,0,0,1,0,1
UR,1859,1,0,0,0,0,0,0,1
SH,1860,0,0,0,0,1,0,0,1
AG,1861,0,1,0,0,0,0,0,1
GE,1861,0,0,0,0,0,0,1,1
LU,1861,0,0,0,0,0,0,1,1
AG,1862,0,0,0,1,0,0,0,1
BS,1864,0,1,0,0,0,0,0,1
VS,1864,1,0,0,0,0,0,0,1
ZH,1866,0,0,0,0,0,0,1,1
BE,1868,0,0,0,0,0,1,0,1
FR,1868,0,1,0,0,0,0,0,1
GR,1870,0,0,0,1,0,0,0,1
SZ,1870,0,0,0,1,0,0,0,1
AG,1871,0,0,0,0,0,1,0,1
LU,1871,0,0,0,0,0,1,0,1
NE,1871,1,0,0,0,0,0,0,1
BS,1872,1,0,0,0,0,0,0,1
GE,1872,0,0,1,0,0,0,0,1
LU,1872,1,0,0,0,0,0,0,1
AG,1873,0,0,0,0,0,1,0,1
FR,1873,2,0,0,0,0,0,0,2
NE,1873,1,0,0,0,0,0,0,1
SO,1873,0,1,0,0,0,0,0,1
BS,1875,0,1,0,0,0,0,0,1
FR,1875,1,0,0,0,0,0,0,1
GE,1875,0,0,1,0,0,0,0,1
BL,1876,0,0,0,0,0,1,0,1
BS,1876,0,0,0,1,0,0,0,1
GE,1876,0,1,0,0,0,0,0,1
GL,1877,1,0,0,0,0,0,0,1
OW,1877,0,0,0,1,0,0,0,1
VS,1877,1,0,0,0,0,0,0,1
GE,1878,0,1,0,0,0,0,0,1
BS,1879,0,1,0,0,0,0,0,1
GL,1879,0,0,0,0,0,0,1,1
ZH,1879,0,0,0,1,0,0,0,1
GE,1881,1,0,0,0,0,0,0,1
AR,1882,0,1,0,0,0,0,0,1
VD,1882,0,0,0,0,0,1,0,1
VS,1882,1,0,0,0,0,0,0,1
AR,1883,0,1,0,0,0,0,0,1
AI,1884,0,0,0,0,0,0,1,1
GE,1886,0,0,1,0,0,0,0,1
GE,1887,0,0,0,0,0,1,0,1
VS,1887,0,0,0,1,0,0,0,1
SG,1890,0,0,0,0,0,0,1,1
UR,1890,1,0,0,0,0,0,0,1
BS,1891,0,1,0,0,0,0,0,1
FR,1891,0,0,0,0,0,0,1,1
VD,1891,0,0,0,0,0,1,0,1
BS,1892,0,0,0,0,0,0,1,1
BE,1893,0,0,0,0,0,0,1,1
FR,1893,0,0,0,0,0,0,1,1
GL,1893,0,0,0,0,0,1,0,1
NE,1894,0,1,0,0,0,0,0,1
VD,1894,0,0,0,0,1,0,0,1
BS,1895,1,0,0,0,0,0,0,1
GE,1899,1,0,0,1,0,0,0,2
ZH,1899,1,0,1,0,0,0,0,2
AR,1900,1,0,0,0,0,0,0,1
GL,1900,0,1,0,0,0,0,0,1
NW,1900,0,1,0,0,0,0,0,1
VS,1900,0,0,0,1,0,0,0,1
ZG,1900,0,0,0,0,0,0,1,1
SO,1901,0,0,0,0,0,0,1,1
AR,1902,0,0,0,1,0,0,0,1
BS,1902,1,0,0,0,0,0,0,1
GE,1902,0,0,0,0,0,0,1,1
LU,1902,0,0,0,1,0,0,0,1
NE,1902,0,0,0,0,1,0,0,1
SH,1904,1,0,0,0,0,0,0,1
NE,1905,1,0,0,0,0,0,0,1
SZ,1906,1,0,0,0,0,0,0,1
BS,1907,1,1,0,0,0,0,0,2
GE,1907,0,1,0,0,0,0,0,1
TI,1907,1,0,0,0,0,0,0,1
GE,1908,1,0,0,0,0,0,0,1
LU,1908,0,0,0,0,0,1,0,1
NE,1908,1,0,0,0,0,0,0,1
SO,1909,0,0,1,0,0,0,0,1
NE,1910,0,0,0,0,0,0,1,1
VD,1910,0,0,0,0,0,0,1,1
AG,1911,0,1,0,0,0,0,1,2
AI,1911,0,0,0,0,0,0,1,1
BE,1911,0,1,0,0,0,0,0,1
BL,1911,0,1,0,0,0,0,0,1
BS,1911,0,2,0,0,0,0,0,2
FR,1911,0,0,0,0,0,0,1,1
GL,1911,0,0,0,0,0,0,1,1
NW,1911,0,1,0,0,0,0,0,1
OW,1911,0,0,0,0,0,0,1,1
SG,1911,0,1,0,0,0,0,0,1
SH,1911,0,1,0,0,0,0,0,1
SO,1911,0,0,0,0,0,0,1,1
TI,1911,0,0,0,0,0,0,1,1
VD,1911,0,0,0,0,1,0,0,1
ZG,1911,0,0,0,0,0,0,1,1
GE,1912,0,0,0,0,0,0,1,1
SG,1912,0,0,0,0,1,0,0,1
TI,1912,0,0,0,1,0,0,0,1
AR,1913,0,0,0,1,0,0,0,1
FR,1913,1,0,0,0,0,0,0,1
LU,1913,1,0,0,1,0,0,0,2
TI,1913,0,0,0,1,0,0,0,1
ZH,1913,0,0,0,0,0,0,1,1
OW,1914,0,0,0,0,0,0,1,1
SG,1914,1,0,0,0,0,0,0,1
TI,1914,1,0,0,0,0,0,0,1
BS,1915,0,1,0,0,0,0,0,1
BE,1918,0,1,0,0,0,0,1,2
BS,1918,0,0,0,1,0,0,0,1
LU,1918,0,0,0,0,0,1,0,1
SO,1918,1,0,0,0,0,0,0,1
AG,1919,0,0,1,0,0,0,0,1
GE,1919,1,0,0,0,0,0,0,1
LU,1919,0,0,0,0,0,1,0,1
SG,1919,0,0,0,0,0,1,0,1
ZH,1919,0,0,1,0,0,0,1,2
AR,1920,0,1,0,0,0,0,0,1
VD,1920,0,0,0,1,0,0,0,1
FR,1921,0,0,0,0,1,0,0,1
GL,1922,0,0,0,0,1,0,0,1
SH,1922,0,0,0,0,1,0,0,1
VD,1922,1,0,0,0,0,0,0,1
ZH,1922,0,0,0,0,1,0,0,1
BS,1923,0,0,0,0,1,0,1,2
GE,1923,0,0,0,0,1,0,0,1
GL,1923,0,0,0,0,0,0,1,1
NE,1923,0,0,0,0,1,0,0,1
SG,1923,1,1,0,0,0,0,0,2
VD,1923,0,0,0,1,1,0,0,2
AR,1924,0,0,0,0,1,0,0,1
BS,1924,1,0,0,0,0,0,0,1
FR,1924,1,0,0,0,0,0,0,1
VS,1924,0,0,0,1,1,0,0,2
SO,1925,0,0,0,1,0,0,0,1
ZH,1925,1,0,0,0,0,0,0,1
LU,1926,0,1,0,0,0,0,0,1
NE,1926,1,0,0,0,0,0,0,1
SO,1926,1,0,0,0,0,0,0,1
VD,1926,0,0,0,1,0,0,0,1
VS,1926,0,0,0,0,1,0,0,1
ZH,1926,2,0,0,0,0,0,0,2
BS,1927,1,0,0,0,0,0,0,1
GE,1927,1,0,1,0,0,0,0,2
SG,1927,1,0,0,0,0,0,0,1
SZ,1927,0,0,0,1,0,0,0,1
BS,1928,1,0,0,0,0,0,0,1
TI,1928,1,0,0,1,0,0,0,2
BS,1929,0,0,1,0,0,0,1,2
GE,1929,0,0,0,1,0,1,0,2
SZ,1929,0,0,0,0,0,1,0,1
ZH,1929,0,0,0,1,0,0,0,1
GE,1930,0,1,0,0,0,0,0,1
LU,1930,0,0,0,0,0,0,1,1
AR,1931,0,0,0,0,0,1,0,1
BL,1931,0,1,0,0,0,0,0,1
BS,1931,0,1,0,0,0,0,0,1
TI,1931,0,0,0,0,1,0,0,1
VS,1932,0,0,0,1,0,0,0,1
BS,1933,0,0,0,0,1,0,0,1
FR,1933,1,0,0,0,0,0,0,1
GE,1933,0,0,0,1,0,0,0,1
NE,1933,0,0,0,0,1,0,0,1
VD,1933,1,0,0,0,0,0,0,1
AG,1934,0,0,0,0,0,1,0,1
FR,1934,1,0,0,0,0,0,0,1
GE,1934,1,0,0,0,0,0,0,1
TI,1934,0,1,0,0,0,0,0,1
VD,1934,2,0,0,0,1,0,0,3
TG,1935,0,0,0,0,1,0,0,1
UR,1935,1,0,0,0,0,0,0,1
VD,1935,0,0,0,0,0,0,1,1
BS,1936,0,0,0,0,0,1,1,2
VD,1936,0,0,0,0,0,0,1,1
VS,1936,0,1,0,0,0,0,0,1
BS,1937,0,1,0,0,0,0,0,1
FR,1937,0,0,0,0,0,0,2,2
NE,1937,0,0,0,0,0,0,1,1
SG,1937,0,0,0,0,0,0,1,1
VD,1937,0,0,1,0,0,0,0,1
GE,1938,0,0,0,0,1,0,0,1
TG,1938,0,0,0,0,1,0,0,1
VD,1938,1,0,0,0,0,0,0,1
AG,1939,1,0,0,0,0,0,0,1
AI,1940,0,0,0,0,0,1,0,1
BE,1940,0,1,0,0,0,0,0,1
SG,1940,1,0,0,0,0,0,0,1
VD,1940,1,0,0,0,0,0,1,2
ZG,1940,1,0,0,0,0,0,2,3
BL,1941,0,1,0,0,0,0,0,1
BS,1941,0,2,0,0,0,0,0,2
GE,1941,0,0,0,0,0,0,3,3
SG,1941,1,0,0,0,1,0,0,2
SH,1941,0,1,0,0,0,0,0,1
SO,1941,0,0,0,0,0,0,1,1
TI,1941,0,0,0,0,0,0,1,1
VD,1941,0,0,0,0,0,0,1,1
AG,1942,0,1,0,0,0,0,0,1
BS,1942,0,0,0,0,0,1,0,1
FR,1942,0,0,0,0,0,0,1,1
LU,1942,0,0,1,0,0,0,0,1
NE,1942,0,0,0,0,1,0,0,1
GE,1943,1,0,0,0,0,0,0,1
SO,1943,0,1,0,0,0,0,0,1
SZ,1943,0,1,0,0,0,0,0,1
ZH,1943,1,1,0,0,0,0,0,2
AG,1944,0,2,0,0,0,0,0,2
BS,1944,0,0,0,0,0,0,1,1
GR,1944,1,0,0,0,0,0,0,1
SO,1944,0,0,1,0,0,0,0,1
TI,1944,0,0,0,1,0,0,0,1
VD,1944,0,0,0,1,1,0,0,2
BE,1945,1,0,0,0,0,0,0,1
BS,1945,0,0,0,0,0,0,1,1
GE,1945,0,0,0,0,0,1,0,1
NE,1945,0,0,0,0,0,0,1,1
TI,1945,1,0,0,0,0,0,1,2
GE,1946,0,0,0,0,1,0,0,1
GL,1946,1,0,0,0,0,0,0,1
JU,1946,0,1,0,0,0,0,0,1
LU,1946,0,0,0,0,1,0,0,1
NE,1946,0,0,0,0,1,0,0,1
SO,1946,1,1,0,0,0,0,0,2
SZ,1946,0,1,0,0,0,0,0,1
ZG,1946,1,0,0,0,0,0,0,1
TG,1947,0,1,0,0,0,0,0,1
VD,1947,1,0,0,0,0,1,1,3
AR,1948,0,0,0,0,1,0,0,1
BS,1948,1,0,0,0,0,0,0,1
GL,1948,0,2,0,0,0,0,0,2
LU,1948,1,0,0,0,0,0,0,1
VD,1948,1,0,0,0,0,0,0,1
AI,1949,0,0,0,0,0,0,1,1
AR,1949,0,1,0,0,0,0,0,1
FR,1949,1,0,0,0,0,0,1,2
NE,1949,0,0,0,0,1,0,0,1
VS,1949,0,1,0,0,0,0,0,1
BL,1950,1,0,0,2,0,0,0,3
GE,1950,0,0,0,0,1,0,0,1
GL,1950,0,1,0,0,0,0,0,1
VS,1950,0,1,0,0,0,0,0,1
AG,1951,0,1,0,0,0,0,0,1
BS,1951,0,1,0,0,0,0,0,1
FR,1951,0,0,1,0,0,0,0,1
GE,1951,0,1,0,0,0,0,0,1
GL,1951,0,2,0,0,0,0,0,2
NE,1951,2,0,0,0,0,0,0,2
SH,1951,0,1,0,0,0,0,0,1
TI,1951,0,0,0,1,0,0,0,1
BS,1952,0,1,0,0,0,0,0,1
GE,1952,0,1,0,0,0,0,0,1
SG,1952,0,1,0,0,0,0,0,1
UR,1952,0,0,0,1,0,0,0,1
VD,1952,1,1,0,0,0,0,0,2
FR,1953,1,0,0,0,0,0,1,2
GE,1953,0,0,0,0,0,0,1,1
GR,1953,0,0,0,1,0,0,0,1
LU,1953,0,0,0,0,0,0,1,1
NE,1953,0,0,0,1,0,0,0,1
SG,1953,1,0,0,0,0,0,0,1
SZ,1953,0,2,0,0,0,0,0,2
VS,1953,1,0,0,0,0,1,0,2
ZG,1953,0,1,0,0,0,0,0,1
AG,1954,0,0,0,1,0,0,0,1
OW,1954,0,1,0,0,0,0,0,1
SO,1954,0,0,0,0,0,0,1,1
TI,1954,1,0,0,0,0,0,0,1
VD,1954,1,1,0,0,0,0,0,2
AG,1955,1,0,0,0,0,0,0,1
BL,1955,0,0,1,0,0,0,0,1
NE,1955,1,0,0,0,0,0,0,1
SG,1955,1,0,0,0,0,0,0,1
SZ,1955,0,0,0,0,0,0,1,1
VD,1955,0,0,0,0,0,0,2,2
GE,1956,1,0,0,0,0,0,0,1
GR,1956,0,0,0,0,0,0,1,1
NE,1956,0,1,0,0,0,0,0,1
SH,1956,1,0,0,0,0,0,0,1
TI,1956,1,0,0,0,0,0,0,1
VD,1956,1,0,0,0,0,1,0,2
FR,1957,0,0,0,0,0,1,0,1
GE,1957,1,0,0,1,1,0,0,3
GR,1957,0,2,0,0,0,0,0,2
LU,1957,1,0,0,0,0,0,1,2
TI,1957,0,0,0,0,0,0,1,1
VD,1957,2,0,0,0,1,1,0,4
AG,1958,0,0,0,0,0,0,1,1
GE,1958,1,2,1,0,1,0,0,5
GR,1958,0,0,0,1,0,1,0,2
OW,1958,0,0,0,1,0,0,0,1
SZ,1958,1,1,0,2,0,0,1,5
TI,1958,0,0,0,1,0,0,0,1
VS,1958,0,1,0,0,0,0,0,1
ZH,1958,0,1,0,0,0,0,0,1
GE,1959,0,0,0,0,0,1,0,1
GR,1959,0,0,1,0,0,0,0,1
JU,1959,0,1,0,0,0,0,0,1
SG,1959,1,0,0,0,1,0,0,2
SZ,1959,0,0,0,0,1,0,0,1
VD,1959,2,0,0,0,0,0,0,2
VS,1959,1,0,0,0,0,0,0,1
ZH,1959,1,0,0,0,0,0,0,1
BS,1960,1,0,0,0,0,0,0,1
FR,1960,0,0,0,0,0,1,0,1
GE,1960,0,0,1,0,0,1,0,2
LU,1960,0,0,0,1,0,0,0,1
NW,1960,0,0,0,0,0,1,0,1
SG,1960,1,0,0,1,0,0,0,2
TI,1960,0,0,0,1,0,0,0,1
AI,1961,0,0,0,1,0,0,0,1
BE,1961,0,1,0,0,0,0,0,1
BL,1961,0,1,0,0,0,0,0,1
FR,1961,0,0,0,1,1,0,0,2
GE,1961,3,1,0,1,0,0,0,5
GR,1961,0,0,0,0,0,1,0,1
LU,1961,0,0,0,0,0,1,1,2
OW,1961,0,1,0,0,0,0,0,1
SO,1961,0,0,0,2,0,0,0,2
SZ,1961,0,0,0,1,0,0,0,1
TI,1961,1,0,0,1,0,0,0,2
VD,1961,1,0,0,0,1,0,0,2
AI,1962,0,1,0,0,0,0,1,2
AR,1962,0,1,0,0,0,0,0,1
BS,1962,0,2,1,0,0,0,0,3
FR,1962,0,0,0,0,1,0,0,1
GE,1962,0,1,0,0,0,0,0,1
GR,1962,0,0,1,0,0,0,0,1
LU,1962,1,0,0,0,0,0,0,1
VD,1962,0,0,0,1,1,0,0,2
VS,1962,0,0,1,0,0,0,1,2
ZH,1962,0,2,0,0,0,0,0,2
AG,1963,0,1,0,0,0,0,0,1
AR,1963,0,0,1,0,0,0,0,1
BL,1963,0,0,1,0,0,0,0,1
BS,1963,0,1,1,0,0,0,0,2
FR,1963,0,0,0,0,0,1,0,1
GE,1963,2,0,0,0,0,0,0,2
GL,1963,0,1,0,0,0,0,0,1
GR,1963,0,0,0,0,1,0,0,1
NE,1963,1,0,0,0,0,0,0,1
SO,1963,1,0,1,0,0,0,0,2
TI,1963,1,0,0,0,0,0,0,1
VD,1963,0,0,1,0,0,1,0,2
VS,1963,0,0,1,0,0,0,0,1
ZH,1963,2,0,0,1,0,0,0,3
AG,1964,0,0,0,0,0,1,0,1
BE,1964,0,0,0,1,0,0,0,1
BS,1964,0,0,0,0,0,0,1,1
FR,1964,1,0,0,0,0,0,0,1
GE,1964,0,0,0,1,0,0,0,1
GL,1964,2,0,0,0,0,0,0,2
JU,1964,0,1,0,0,0,0,0,1
LU,1964,1,0,0,0,0,0,0,1
NE,1964,1,1,0,0,0,0,0,2
NW,1964,0,0,0,0,0,0,1,1
SG,1964,0,1,0,0,0,0,0,1
SH,1964,0,0,0,1,0,0,0,1
SO,1964,0,1,0,0,0,0,0,1
TI,1964,1,1,0,0,0,0,0,2
UR,1964,0,0,0,0,0,1,0,1
VD,1964,0,1,0,0,1,0,0,2
ZG,1964,1,0,0,0,0,0,0,1
AG,1965,0,0,0,1,0,0,0,1
AR,1965,0,1,0,0,0,0,0,1
BE,1965,0,0,0,1,0,0,0,1
FR,1965,2,3,0,0,0,0,0,5
GE,1965,2,3,0,1,1,0,0,7
GL,1965,0,1,0,0,0,0,2,3
GR,1965,1,0,1,0,0,0,0,2
NW,1965,1,1,0,0,0,0,0,2
SG,1965,1,0,0,1,0,0,0,2
SH,1965,1,0,0,0,0,0,0,1
SZ,1965,0,1,0,1,0,0,1,3
TI,1965,2,0,0,0,0,0,0,2
VD,1965,0,3,0,0,0,0,0,3
VS,1965,1,0,0,1,0,0,0,2
ZG,1965,1,0,1,0,0,0,0,2
AG,1966,0,1,0,0,0,0,0,1
AI,1966,2,0,0,0,0,0,0,2
AR,1966,0,2,0,0,0,0,0,2
BS,1966,0,0,0,1,0,0,0,1
FR,1966,1,1,0,0,0,0,0,2
GL,1966,0,1,0,0,0,0,0,1
LU,1966,1,0,0,0,0,0,0,1
SG,1966,0,0,0,0,1,0,0,1
SO,1966,1,1,0,0,0,0,1,3
TG,1966,0,1,0,0,0,0,0,1
TI,1966,1,0,0,0,0,0,1,2
UR,1966,0,1,2,0,0,0,0,3
VD,1966,2,0,0,0,1,0,1,4
VS,1966,0,1,0,0,0,0,0,1
ZG,1966,1,0,0,0,0,0,0,1
ZH,1966,1,0,0,1,0,0,0,2
AR,1967,0,1,0,0,0,0,0,1
BL,1967,0,1,0,1,0,0,0,2
BS,1967,0,2,0,0,0,0,0,2
FR,1967,0,0,0,2,0,0,2,4
GE,1967,0,1,0,1,1,0,0,3
GR,1967,1,0,0,0,0,0,0,1
LU,1967,0,0,0,0,0,0,1,1
NE,1967,0,1,0,0,0,0,0,1
NW,1967,0,0,0,2,0,0,0,2
SG,1967,2,0,0,0,0,1,0,3
SH,1967,1,0,0,0,0,0,0,1
SO,1967,0,0,1,0,0,0,0,1
SZ,1967,0,1,0,1,0,0,0,2
VD,1967,2,1,0,0,0,0,1,4
VS,1967,1,0,0,0,0,0,0,1
ZG,1967,0,1,0,0,0,0,0,1
AG,1968,1,0,2,0,0,0,0,3
BE,1968,0,0,0,0,0,1,0,1
BL,1968,0,1,0,0,0,0,0,1
BS,1968,3,1,0,1,0,0,1,6
GE,1968,1,2,0,0,1,1,0,5
LU,1968,0,0,0,0,1,0,0,1
NE,1968,0,0,1,1,0,0,0,2
NW,1968,0,0,0,0,1,0,0,1
SG,1968,1,0,1,0,0,0,0,2
SH,1968,0,0,1,1,0,0,0,2
SO,1968,1,0,0,1,0,0,0,2
SZ,1968,1,0,0,0,0,0,0,1
TI,1968,0,1,0,0,0,0,0,1
VD,1968,0,0,0,0,1,0,0,1
AG,1969,0,1,0,3,0,0,0,4
AR,1969,1,1,0,0,0,0,0,2
FR,1969,0,1,0,0,0,0,0,1
GE,1969,0,1,0,0,0,1,0,2
NW,1969,2,1,0,0,0,0,0,3
SZ,1969,1,0,0,0,0,0,0,1
TI,1969,0,0,0,0,1,0,0,1
VD,1969,0,0,0,1,0,0,2,3
VS,1969,0,0,0,0,1,0,0,1
ZG,1969,1,0,0,0,0,0,0,1
ZH,1969,1,0,0,0,0,0,0,1
BL,1970,1,0,0,0,0,0,0,1
GE,1970,0,0,0,0,0,0,1,1
GR,1970,0,1,0,0,0,0,0,1
LU,1970,2,0,0,1,0,0,0,3
NE,1970,0,0,1,0,0,0,1,2
SG,1970,0,0,1,0,0,0,0,1
SH,1970,0,1,0,0,0,0,0,1
SO,1970,1,0,0,0,0,0,1,2
SZ,1970,3,0,0,0,0,2,0,5
TG,1970,1,0,0,0,0,0,1,2
TI,1970,0,0,0,1,0,0,0,1
UR,1970,1,1,0,0,0,0,0,2
VD,1970,3,0,0,0,2,0,0,5
ZG,1970,0,1,0,0,0,0,0,1
ZH,1970,0,0,1,0,0,0,0,1
AG,1971,1,1,0,0,0,0,0,2
AI,1971,0,0,1,0,0,0,0,1
BE,1971,0,1,0,0,0,0,1,2
BL,1971,0,0,0,0,0,1,0,1
BS,1971,0,0,1,1,1,0,0,3
FR,1971,0,0,1,0,0,0,1,2
GE,1971,0,0,1,0,0,1,0,2
GL,1971,0,0,1,1,1,0,1,4
GR,1971,0,1,0,0,0,0,0,1
NE,1971,0,0,0,1,0,0,0,1
NW,1971,2,0,0,0,1,0,0,3
SG,1971,1,1,1,1,0,1,0,5
SH,1971,1,0,1,0,0,0,0,2
TG,1971,0,1,0,0,0,0,0,1
TI,1971,0,0,0,1,0,0,1,2
UR,1971,0,0,0,1,1,0,0,2
VD,1971,0,0,0,0,0,0,1,1
ZG,1971,0,1,0,0,0,0,0,1
ZH,1971,1,1,1,0,1,0,0,4
AR,1972,0,0,0,1,0,0,0,1
BL,1972,1,0,0,0,0,0,0,1
BS,1972,1,0,0,0,0,0,0,1
FR,1972,1,0,0,1,0,0,0,2
GL,1972,1,0,1,0,0,0,0,2
LU,1972,1,0,0,0,0,0,0,1
NE,1972,1,2,0,0,0,0,0,3
NW,1972,0,1,0,1,0,0,0,2
OW,1972,3,0,0,0,0,0,0,3
SO,1972,3,0,0,0,0,0,0,3
SZ,1972,0,1,1,1,0,1,0,4
TI,1972,0,1,0,0,0,0,0,1
VD,1972,0,0,0,0,0,0,2,2
VS,1972,0,0,0,1,0,0,0,1
ZG,1972,0,0,1,0,0,0,0,1
AG,1973,0,0,0,0,0,1,0,1
BE,1973,0,1,0,1,0,0,0,2
BL,1973,0,2,0,0,0,0,0,2
BS,1973,2,0,0,1,0,0,0,3
FR,1973,0,0,0,0,0,0,1,1
GE,1973,1,0,1,1,0,1,1,5
GL,1973,1,1,2,0,0,0,0,4
LU,1973,2,0,0,1,0,0,0,3
NE,1973,0,0,1,0,0,0,0,1
NW,1973,1,0,0,1,0,0,0,2
OW,1973,0,1,0,1,0,1,0,3
SG,1973,0,0,0,1,0,0,0,1
SO,1973,1,0,0,0,0,0,0,1
SZ,1973,0,0,2,1,0,0,0,3
TI,1973,1,1,2,0,0,0,0,4
VD,1973,1,1,1,0,1,1,4,9
ZG,1973,0,0,0,0,0,1,0,1
ZH,1973,0,1,0,0,0,0,0,1
AR,1974,0,1,0,0,0,0,0,1
BE,1974,0,0,0,0,0,1,0,1
BL,1974,0,0,0,0,0,1,0,1
BS,1974,0,0,0,1,0,0,0,1
FR,1974,0,0,0,1,0,0,0,1
GE,1974,0,0,0,0,0,1,0,1
GL,1974,0,1,0,1,0,0,0,2
GR,1974,1,0,0,1,0,0,0,2
LU,1974,0,0,0,0,0,1,0,1
NE,1974,0,0,0,0,0,0,1,1
NW,1974,3,0,0,0,1,1,0,5
OW,1974,1,0,0,0,0,0,0,1
SG,1974,1,0,2,1,0,1,0,5
SH,1974,0,0,0,0,0,1,1,2
SO,1974,0,0,0,0,0,1,0,1
SZ,1974,1,3,0,0,0,0,0,4
TG,1974,0,0,0,0,0,1,0,1
TI,1974,1,0,1,0,0,0,1,3
VD,1974,0,0,0,4,0,0,0,4
VS,1974,0,0,3,0,0,0,0,3
ZH,1974,0,0,0,2,0,0,1,3
AG,1975,0,0,0,1,0,0,0,1
BE,1975,0,1,1,0,0,0,0,2
BS,1975,1,1,0,0,0,0,0,2
FR,1975,1,0,0,1,0,0,0,2
GE,1975,0,0,0,1,1,0,2,4
GR,1975,1,0,0,0,0,0,0,1
NW,1975,0,0,0,1,0,0,0,1
OW,1975,0,1,0,0,0,0,0,1
TG,1975,0,0,0,1,0,0,0,1
TI,1975,0,0,0,1,0,0,0,1
VD,1975,1,1,1,0,0,0,0,3
ZG,1975,0,0,0,0,0,1,0,1
ZH,1975,1,1,0,1,0,0,0,3
AR,1976,0,0,0,0,1,0,0,1
BL,1976,0,1,0,0,0,0,0,1
BS,1976,1,1,0,0,0,0,0,2
FR,1976,0,0,1,0,0,0,0,1
GE,1976,1,0,0,1,0,0,0,2
GR,1976,0,0,1,0,0,0,0,1
LU,1976,3,1,0,0,0,0,1,5
NW,1976,0,1,0,0,0,0,0,1
SG,1976,0,0,1,0,0,1,0,2
SH,1976,0,1,0,0,0,1,0,2
SO,1976,1,0,0,0,0,0,0,1
SZ,1976,0,0,0,2,0,0,0,2
TG,1976,0,0,0,0,2,0,0,2
TI,1976,2,0,1,0,0,0,0,3
VD,1976,0,0,0,1,0,0,0,1
VS,1976,1,0,0,0,0,1,0,2
ZG,1976,1,0,1,0,0,0,0,2
ZH,1976,0,0,0,0,1,0,2,3
AG,1977,0,0,0,1,0,0,0,1
AI,1977,0,0,0,0,0,1,0,1
AR,1977,0,1,0,0,0,0,0,1
FR,1977,0,0,1,0,0,0,0,1
GE,1977,1,1,0,2,1,1,2,8
GL,1977,0,0,0,1,1,0,0,2
GR,1977,0,1,0,0,0,0,0,1
LU,1977,0,0,0,0,0,1,0,1
NW,1977,1,0,0,0,0,0,0,1
SG,1977,0,0,1,0,1,0,0,2
SH,1977,0,1,0,0,0,0,0,1
SO,1977,1,0,0,0,0,0,0,1
SZ,1977,0,0,0,0,0,1,0,1
TI,1977,0,0,0,1,1,0,1,3
UR,1977,1,0,0,0,0,0,0,1
VD,1977,1,0,1,0,0,0,0,2
VS,1977,1,0,0,0,0,0,0,1
AG,1978,1,0,1,0,0,0,0,2
AR,1978,0,0,0,0,0,0,1,1
BE,1978,0,2,0,0,0,0,0,2
BS,1978,0,1,0,2,1,0,0,4
GE,1978,0,1,0,1,0,0,0,2
GL,1978,0,0,0,0,1,0,0,1
GR,1978,0,2,0,0,0,0,0,2
JU,1978,14,5,4,8,6,5,7,49
NE,1978,0,2,0,0,1,0,0,3
NW,1978,0,1,0,0,0,0,0,1
SG,1978,0,0,0,1,0,0,0,1
SH,1978,0,0,0,1,0,0,0,1
SZ,1978,0,1,0,0,0,0,0,1
TG,1978,1,0,1,0,0,0,0,2
TI,1978,0,2,0,1,0,0,0,3
VD,1978,0,1,1,0,2,0,0,4
VS,1978,1,0,0,1,0,0,0,2
ZG,1978,0,0,0,1,0,0,0,1
ZH,1978,1,0,0,0,0,0,0,1
BL,1979,0,0,0,1,0,0,0,1
FR,1979,1,1,0,0,1,0,0,3
GE,1979,1,1,0,0,0,0,2,4
GL,1979,0,0,1,2,0,0,0,3
GR,1979,0,2,0,0,0,0,0,2
JU,1979,2,0,0,0,0,0,0,2
LU,1979,0,0,0,1,0,0,0,1
NE,1979,2,0,0,1,0,0,0,3
NW,1979,2,0,0,0,0,2,0,4
OW,1979,0,0,0,0,0,1,0,1
SG,1979,1,2,0,0,0,0,1,4
SO,1979,0,1,0,0,0,0,0,1
SZ,1979,0,0,0,1,3,0,0,4
TG,1979,1,0,0,0,0,0,0,1
TI,1979,0,1,0,0,0,0,0,1
UR,1979,1,0,0,0,0,0,0,1
VD,1979,1,0,0,1,0,0,0,2
ZG,1979,1,1,0,1,0,0,0,3
ZH,1979,0,0,0,1,2,1,0,4
AG,1980,0,0,1,2,0,0,1,4
AI,1980,0,0,2,0,0,0,0,2
AR,1980,0,2,0,0,0,0,0,2
BE,1980,1,1,0,0,0,0,0,2
BL,1980,0,0,0,0,2,1,1,4
BS,1980,2,0,0,2,0,0,0,4
FR,1980,1,0,0,0,0,0,0,1
GE,1980,1,2,0,0,0,0,0,3
GL,1980,0,0,0,1,0,0,0,1
GR,1980,0,0,0,1,0,0,0,1
JU,1980,0,0,1,0,0,0,0,1
LU,1980,1,0,0,0,0,0,0,1
NE,1980,1,0,0,0,0,0,1,2
NW,1980,1,0,0,0,0,0,0,1
OW,1980,2,0,0,0,0,0,0,2
SG,1980,1,1,2,0,0,0,0,4
SH,1980,0,0,0,1,0,0,0,1
SO,1980,0,1,1,1,0,0,0,3
SZ,1980,0,2,0,0,0,1,0,3
TG,1980,1,0,0,0,0,0,0,1
TI,1980,1,0,0,0,0,1,0,2
UR,1980,0,1,0,0,1,0,1,3
VD,1980,1,0,1,0,0,0,0,2
VS,1980,1,0,0,0,0,1,1,3
ZG,1980,1,0,0,0,0,0,1,2
ZH,1980,0,1,0,0,0,0,0,1
AG,1981,0,0,1,0,0,0,0,1
AR,1981,0,0,0,0,1,0,0,1
BE,1981,0,0,0,1,0,0,0,1
BL,1981,2,0,0,1,0,1,0,4
BS,1981,0,1,0,0,0,0,0,1
FR,1981,0,0,0,1,0,0,0,1
GE,1981,2,0,0,0,0,0,1,3
GL,1981,0,0,1,0,0,0,0,1
GR,1981,0,0,0,0,1,0,0,1
JU,1981,2,1,0,1,0,0,0,4
LU,1981,0,2,0,0,0,0,1,3
NE,1981,0,0,1,0,0,0,1,2
NW,1981,1,0,0,0,0,0,0,1
OW,1981,0,0,0,0,0,0,1,1
SH,1981,0,0,1,0,0,0,0,1
SO,1981,1,0,0,0,0,0,0,1
SZ,1981,1,1,0,0,0,0,0,2
TG,1981,1,0,0,0,0,0,0,1
TI,1981,1,1,0,0,0,0,0,2
UR,1981,0,0,0,1,0,1,0,2
VD,1981,3,0,0,0,0,0,0,3
VS,1981,1,0,0,0,0,0,0,1
ZG,1981,1,0,0,0,0,0,1,2
ZH,1981,1,2,0,1,1,0,0,5
AG,1982,0,1,0,0,0,0,0,1
AI,1982,0,1,0,0,0,0,0,1
AR,1982,1,1,0,0,0,0,0,2
BE,1982,1,0,1,1,0,0,0,3
BL,1982,0,0,0,0,0,1,0,1
BS,1982,1,2,0,0,0,0,0,3
FR,1982,1,0,0,0,0,1,0,2
GE,1982,0,0,0,0,1,0,1,2
GR,1982,0,0,1,0,0,0,0,1
JU,1982,3,0,0,0,0,1,0,4
NW,1982,0,0,0,0,0,1,0,1
SG,1982,0,1,0,0,1,0,0,2
SH,1982,1,0,0,0,0,0,0,1
SO,1982,0,0,0,0,0,1,0,1
TG,1982,0,0,1,0,0,0,0,1
TI,1982,0,0,1,2,0,0,0,3
VD,1982,1,0,0,0,0,0,0,1
VS,1982,1,0,1,1,1,0,0,4
ZG,1982,0,2,0,1,0,0,1,4
AG,1983,3,0,1,0,0,1,0,5
AR,1983,0,0,0,1,0,0,0,1
BE,1983,0,0,1,0,0,0,0,1
BL,1983,2,0,0,0,0,0,0,2
BS,1983,0,0,0,2,0,0,0,2
FR,1983,1,1,0,1,0,0,1,4
GE,1983,1,2,0,0,0,0,1,4
GL,1983,1,0,0,1,0,0,0,2
GR,1983,1,0,0,0,0,0,0,1
JU,1983,2,0,0,1,0,0,1,4
LU,1983,0,1,0,0,0,1,0,2
NE,1983,0,0,1,0,0,0,0,1
NW,1983,1,0,0,0,0,0,0,1
OW,1983,0,1,0,0,0,0,0,1
SG,1983,0,0,2,0,0,0,0,2
SH,1983,1,0,1,1,0,1,0,4
SZ,1983,1,1,2,0,0,0,0,4
TG,1983,1,0,0,2,0,0,0,3
TI,1983,1,0,0,1,1,0,0,3
VD,1983,1,0,0,1,0,0,1,3
VS,1983,1,0,0,0,0,0,0,1
ZG,1983,1,0,0,0,0,0,0,1
ZH,1983,0,0,0,1,0,0,0,1
AG,1984,1,1,0,1,0,0,0,3
AR,1984,0,1,0,0,0,0,0,1
BE,1984,1,0,0,0,0,0,0,1
BS,1984,1,1,0,0,0,1,0,3
FR,1984,0,1,0,1,0,0,0,2
GE,1984,1,1,1,2,1,1,1,8
GL,1984,0,1,0,0,0,0,0,1
GR,1984,1,2,0,0,0,0,0,3
JU,1984,0,0,2,0,0,0,0,2
LU,1984,0,0,0,0,0,0,1,1
NE,1984,0,0,0,2,0,0,0,2
NW,1984,0,0,0,0,0,1,0,1
OW,1984,1,0,0,0,0,0,0,1
SG,1984,0,1,0,1,0,0,0,2
SO,1984,1,1,0,0,0,0,0,2
TG,1984,1,1,0,1,1,0,0,4
TI,1984,1,1,0,0,1,0,0,3
VD,1984,2,0,2,0,0,0,0,4
VS,1984,1,1,1,1,0,0,0,4
ZG,1984,0,0,1,0,0,0,0,1
ZH,1984,0,0,1,0,0,0,0,1
AG,1985,1,0,0,0,0,0,0,1
BE,1985,1,0,1,1,0,0,0,3
BL,1985,0,0,0,1,0,0,0,1
BS,1985,0,1,0,0,0,0,0,1
FR,1985,0,1,3,0,0,0,0,4
GE,1985,2,1,1,0,0,0,0,4
GL,1985,0,0,0,4,0,0,0,4
GR,1985,0,2,0,0,0,0,0,2
JU,1985,0,1,1,1,0,0,2,5
NE,1985,0,0,1,0,0,0,0,1
NW,1985,1,0,0,0,0,0,0,1
SG,1985,2,1,1,0,1,0,0,5
SH,1985,2,0,0,1,0,0,0,3
SO,1985,0,0,3,0,1,1,0,5
SZ,1985,0,0,0,0,0,0,1,1
TG,1985,0,1,1,0,0,0,0,2
TI,1985,1,1,0,1,0,0,0,3
UR,1985,0,1,0,0,0,0,0,1
VD,1985,0,2,1,1,1,0,1,6
VS,1985,0,1,0,0,1,0,0,2
ZG,1985,0,0,0,0,0,0,1,1
ZH,1985,2,0,0,0,0,0,1,3
AG,1986,1,0,0,0,0,0,0,1
AI,1986,0,0,0,0,0,0,1,1
BE,1986,1,0,1,0,0,0,0,2
BL,1986,0,0,0,1,0,0,0,1
BS,1986,1,0,0,0,0,0,0,1
FR,1986,3,1,0,3,0,0,1,8
GE,1986,0,0,0,1,0,0,2,3
GL,1986,1,0,0,0,0,0,1,2
GR,1986,0,1,0,0,0,1,0,2
LU,1986,0,1,1,0,0,0,1,3
NE,1986,0,0,0,1,1,0,0,2
NW,1986,2,1,0,0,0,0,0,3
OW,1986,0,0,0,0,0,0,1,1
SH,1986,0,0,2,0,0,0,1,3
SO,1986,0,0,0,0,0,1,0,1
SZ,1986,0,0,1,0,1,2,0,4
TG,1986,0,1,0,1,0,0,0,2
TI,1986,2,0,0,0,0,2,0,4
UR,1986,1,0,0,0,0,0,0,1
VS,1986,0,1,2,0,0,0,0,3
ZG,1986,0,0,0,1,0,0,0,1
ZH,1986,1,0,1,0,0,1,0,3
AG,1987,0,1,0,0,0,0,1,2
AI,1987,0,0,1,0,0,0,1,2
AR,1987,0,0,1,0,0,0,1,2
BL,1987,0,0,0,0,0,1,1,2
BS,1987,0,1,0,0,0,0,0,1
FR,1987,1,0,0,0,0,0,2,3
GE,1987,1,1,0,3,2,0,1,8
GL,1987,0,0,0,0,0,0,1,1
GR,1987,0,0,0,0,0,0,1,1
JU,1987,0,0,1,0,0,0,0,1
LU,1987,0,2,0,0,0,0,2,4
NE,1987,1,2,0,0,0,0,0,3
NW,1987,2,0,1,0,0,0,0,3
SG,1987,0,1,0,1,0,0,0,2
SH,1987,0,0,0,0,0,0,1,1
SO,1987,0,0,0,0,0,0,1,1
SZ,1987,1,0,0,2,0,1,1,5
TG,1987,1,0,0,0,0,0,1,2
TI,1987,2,1,0,1,0,0,0,4
UR,1987,0,1,1,0,0,0,0,2
VD,1987,0,0,0,0,2,0,1,3
VS,1987,0,1,1,2,0,0,0,4
ZG,1987,0,0,0,1,0,0,1,2
ZH,1987,0,0,1,0,0,0,0,1
AG,1988,1,0,0,0,0,0,0,1
AR,1988,1,1,1,0,0,0,0,3
BE,1988,1,0,0,0,0,0,1,2
BL,1988,2,2,0,0,0,0,0,4
BS,1988,1,0,0,1,0,0,1,3
FR,1988,1,2,0,0,0,1,0,4
GE,1988,3,1,0,1,1,0,3,9
GL,1988,0,1,0,1,0,0,0,2
JU,1988,0,3,0,1,0,1,0,5
LU,1988,2,1,0,0,0,0,0,3
NE,1988,1,0,0,0,0,0,0,1
NW,1988,1,1,0,1,0,0,0,3
SG,1988,0,1,1,2,0,0,1,5
SH,1988,0,1,0,0,0,0,0,1
SO,1988,1,0,0,1,0,0,0,2
SZ,1988,0,1,0,0,0,0,0,1
TG,1988,1,2,0,1,1,1,0,6
TI,1988,2,1,0,1,0,1,4,9
UR,1988,0,0,0,0,0,0,1,1
VD,1988,0,1,0,1,0,1,1,4
VS,1988,2,2,2,2,0,0,0,8
ZG,1988,0,2,0,2,0,0,1,5
ZH,1988,0,1,0,1,0,0,1,3
AG,1989,1,0,0,0,0,0,0,1
AI,1989,0,0,0,0,2,0,0,2
AR,1989,0,1,0,0,0,0,0,1
BE,1989,1,3,0,1,0,1,1,7
BS,1989,0,2,0,0,0,0,0,2
FR,1989,2,0,0,0,0,0,1,3
GE,1989,1,0,1,1,0,0,1,4
GL,1989,1,1,0,0,0,0,0,2
GR,1989,2,0,0,0,1,0,0,3
JU,1989,0,1,0,0,0,0,0,1
LU,1989,1,2,0,2,0,0,0,5
NE,1989,2,1,1,0,0,0,0,4
NW,1989,0,1,0,0,0,0,0,1
OW,1989,1,0,0,0,0,0,0,1
SH,1989,1,0,0,0,0,1,0,2
SO,1989,0,2,1,0,0,0,0,3
SZ,1989,0,0,0,2,0,0,0,2
TG,1989,1,1,0,0,0,1,0,3
TI,1989,0,2,0,0,1,0,1,4
UR,1989,0,1,0,0,0,0,1,2
VD,1989,2,2,0,2,0,0,0,6
VS,1989,1,0,1,1,0,0,0,3
ZG,1989,0,0,0,0,0,2,0,2
AG,1990,1,0,0,0,0,0,0,1
AI,1990,0,0,0,1,0,0,0,1
BE,1990,0,0,0,1,0,0,0,1
BS,1990,0,4,0,1,0,0,0,5
FR,1990,4,2,2,0,1,0,0,9
GE,1990,1,0,0,0,0,0,0,1
GL,1990,0,0,0,0,0,0,1,1
JU,1990,2,3,3,1,1,0,1,11
LU,1990,1,0,0,2,0,0,1,4
NE,1990,2,0,0,0,0,0,0,2
NW,1990,0,0,0,1,0,0,0,1
SG,1990,0,1,0,0,0,0,0,1
SO,1990,1,1,0,0,0,0,0,2
SZ,1990,0,0,0,1,0,0,0,1
TG,1990,0,0,1,0,0,0,0,1
TI,1990,0,1,3,4,0,0,0,8
VD,1990,0,0,1,1,0,0,0,2
VS,1990,0,2,0,1,0,0,0,3
ZG,1990,1,0,2,2,0,0,0,5
ZH,1990,0,0,0,0,0,1,0,1
AR,1991,0,0,0,1,0,0,0,1
BL,1991,1,1,1,3,0,0,0,6
BS,1991,1,2,0,1,0,0,0,4
FR,1991,1,2,3,3,0,1,0,10
GE,1991,0,0,0,0,1,0,1,2
GL,1991,1,1,0,0,1,0,1,4
GR,1991,0,2,1,0,0,0,0,3
NE,1991,0,1,1,1,1,1,1,6
OW,1991,0,1,0,0,0,0,0,1
SG,1991,0,1,0,1,0,0,0,2
SH,1991,1,0,0,0,0,0,0,1
SO,1991,0,0,0,0,0,0,1,1
SZ,1991,1,2,0,1,1,0,0,5
TG,1991,1,0,0,0,0,0,0,1
TI,1991,0,0,1,1,0,0,1,3
UR,1991,1,0,0,0,0,1,0,2
VD,1991,0,0,0,1,2,0,0,3
VS,1991,2,1,1,1,0,1,2,8
ZH,1991,0,0,0,2,0,0,0,2
AG,1992,3,0,0,0,0,0,0,3
AI,1992,0,0,0,1,0,0,0,1
AR,1992,1,0,0,0,0,0,0,1
BE,1992,0,1,1,1,1,2,0,6
BL,1992,0,0,0,3,0,0,0,3
BS,1992,3,0,0,0,0,0,0,3
FR,1992,0,0,0,0,3,0,2,5
GE,1992,1,3,3,2,0,0,0,9
GL,1992,1,1,0,0,0,0,0,2
LU,1992,0,2,0,0,0,0,0,2
NE,1992,0,1,0,0,0,0,0,1
NW,1992,1,0,0,0,0,0,1,2
OW,1992,1,1,0,0,0,0,0,2
SG,1992,0,1,0,0,0,0,0,1
SH,1992,0,0,1,1,0,0,0,2
SO,1992,1,0,0,1,0,0,0,2
SZ,1992,1,0,1,1,0,0,0,3
TG,1992,0,0,1,2,0,1,0,4
TI,1992,1,0,0,0,0,0,2,3
UR,1992,1,0,0,1,0,1,0,3
VD,1992,0,1,0,0,0,0,1,2
VS,1992,0,0,0,0,0,0,1,1
ZG,1992,1,0,0,0,0,0,0,1
AG,1993,0,0,1,2,0,0,0,3
AI,1993,0,0,0,2,0,0,0,2
BE,1993,2,2,1,1,1,1,0,8
BL,1993,2,0,0,0,0,0,0,2
BS,1993,0,1,0,0,0,0,1,2
FR,1993,1,0,1,0,1,1,0,4
GE,1993,2,1,1,2,2,3,1,12
GL,1993,4,1,0,0,0,0,0,5
GR,1993,1,3,0,0,0,1,0,5
LU,1993,2,0,0,0,0,0,1,3
NE,1993,1,2,0,0,0,1,1,5
NW,1993,0,1,0,0,0,0,0,1
OW,1993,1,1,0,0,0,0,0,2
SG,1993,0,2,0,0,0,0,0,2
SO,1993,1,1,0,0,0,0,0,2
TG,1993,0,1,1,1,0,0,0,3
TI,1993,0,1,0,0,0,0,0,1
UR,1993,0,1,0,0,0,0,0,1
VD,1993,1,2,0,1,0,0,1,5
VS,1993,0,1,0,0,1,0,0,2
ZG,1993,0,2,0,1,0,0,0,3
ZH,1993,3,0,0,0,0,0,0,3
AG,1994,1,1,0,0,0,0,0,2
AI,1994,0,0,0,0,1,1,1,3
BE,1994,1,1,0,1,0,1,0,4
BL,1994,1,1,0,0,0,1,0,3
BS,1994,1,1,0,0,0,1,1,4
FR,1994,1,2,1,1,0,1,0,6
GE,1994,1,1,3,0,0,2,1,8
GL,1994,0,0,0,0,1,0,0,1
GR,1994,0,1,0,0,2,0,1,4
JU,1994,0,1,0,1,0,0,0,2
LU,1994,3,0,1,1,0,0,0,5
NE,1994,0,2,1,0,0,0,0,3
NW,1994,0,1,0,0,1,0,0,2
OW,1994,1,0,0,1,0,0,0,2
SG,1994,1,1,1,1,0,0,0,4
SH,1994,1,2,0,0,0,0,0,3
SO,1994,0,1,0,0,1,1,0,3
SZ,1994,2,1,0,0,0,0,0,3
TG,1994,1,0,0,1,1,1,0,4
TI,1994,1,2,0,3,0,3,2,11
UR,1994,1,0,0,1,0,0,1,3
VS,1994,1,0,0,1,0,0,1,3
ZG,1994,4,1,0,0,0,0,0,5
ZH,1994,0,1,1,1,0,0,0,3
AG,1995,0,1,0,0,0,1,1,3
AI,1995,0,0,0,0,1,0,0,1
AR,1995,1,1,0,0,1,1,0,4
BE,1995,5,1,1,0,2,0,2,11
BL,1995,2,0,0,0,0,0,1,3
BS,1995,3,2,0,1,0,0,0,6
FR,1995,1,2,1,0,0,0,0,4
GE,1995,2,1,0,2,0,2,1,8
GL,1995,2,2,0,1,1,0,0,6
GR,1995,0,1,0,1,1,0,0,3
JU,1995,1,0,0,0,0,0,0,1
LU,1995,1,1,0,1,2,0,0,5
NE,1995,0,3,1,1,0,0,0,5
NW,1995,0,0,1,0,0,0,0,1
OW,1995,0,0,0,1,0,0,0,1
SG,1995,0,1,1,1,1,1,1,6
SH,1995,1,1,0,0,0,0,0,2
SZ,1995,0,1,0,0,0,0,0,1
TG,1995,1,1,1,0,0,0,1,4
TI,1995,1,1,2,0,0,0,1,5
UR,1995,0,0,0,0,0,1,0,1
VD,1995,2,0,0,0,1,1,1,5
VS,1995,2,2,0,0,2,1,0,7
ZG,1995,0,0,0,1,0,0,0,1
ZH,1995,0,0,2,0,0,0,1,3
AI,1996,1,0,1,1,1,0,0,4
AR,1996,1,1,0,0,1,1,0,4
BE,1996,2,2,1,1,0,0,1,7
BL,1996,1,2,1,1,0,1,0,6
BS,1996,3,1,1,0,1,1,0,7
FR,1996,2,2,0,2,2,1,3,12
GE,1996,2,2,1,0,0,0,0,5
GL,1996,1,2,0,1,0,0,0,4
GR,1996,1,0,0,0,0,0,0,1
JU,1996,1,1,0,0,0,0,1,3
LU,1996,0,1,1,1,1,1,0,5
NE,1996,3,1,0,0,0,0,1,5
NW,1996,1,1,0,1,1,1,1,6
OW,1996,1,1,0,0,0,0,0,2
SG,1996,1,2,0,1,0,1,0,5
SH,1996,2,0,0,0,0,0,0,2
SO,1996,1,0,1,1,0,1,0,4
SZ,1996,1,0,0,0,0,0,1,2
TG,1996,0,0,0,1,1,1,1,4
TI,1996,3,3,3,2,1,0,1,13
UR,1996,1,1,0,1,0,1,1,5
VD,1996,0,1,0,0,1,0,0,2
VS,1996,3,5,2,1,2,0,0,13
ZG,1996,1,2,0,5,0,0,0,8
ZH,1996,0,0,0,1,0,1,0,2
AG,1997,1,0,1,2,0,0,0,4
AR,1997,0,1,0,0,0,0,1,2
BE,1997,2,0,0,1,5,1,0,9
BL,1997,2,2,0,0,0,0,0,4
BS,1997,1,0,0,0,0,1,1,3
FR,1997,0,1,3,0,2,0,1,7
GE,1997,1,4,0,1,2,0,1,9
GL,1997,0,1,0,1,0,1,1,4
GR,1997,0,1,1,1,0,0,0,3
LU,1997,0,0,0,2,1,1,0,4
NE,1997,2,1,0,2,4,2,0,11
NW,1997,3,1,0,1,0,0,0,5
OW,1997,2,0,0,0,1,1,0,4
SG,1997,1,0,0,0,0,0,0,1
SH,1997,0,1,0,1,1,0,0,3
SO,1997,0,1,1,0,0,0,0,2
SZ,1997,1,0,0,0,0,1,0,2
TG,1997,0,0,0,1,0,0,0,1
TI,1997,2,6,0,3,3,0,2,16
UR,1997,0,1,1,0,0,0,0,2
VD,1997,0,0,0,0,1,0,0,1
VS,1997,0,0,0,0,0,1,0,1
ZG,1997,0,0,0,0,0,0,1,1
ZH,1997,0,0,0,0,0,1,0,1
AG,1998,0,0,0,0,0,1,0,1
AI,1998,0,1,0,2,0,0,0,3
AR,1998,1,0,0,0,1,0,0,2
BE,1998,2,0,0,1,0,0,0,3
BL,1998,0,0,0,1,2,0,0,3
BS,1998,1,0,0,1,0,0,0,2
FR,1998,0,1,0,1,1,0,1,4
GE,1998,1,1,3,2,0,0,0,7
GL,1998,0,0,0,0,1,1,0,2
GR,1998,0,0,0,0,0,2,0,2
JU,1998,2,1,1,1,1,1,0,7
LU,1998,2,1,0,2,0,0,0,5
NE,1998,1,1,0,1,1,0,3,7
NW,1998,3,1,0,0,1,0,0,5
SG,1998,1,1,0,3,0,0,0,5
SH,1998,1,1,0,1,2,0,0,5
SZ,1998,0,1,0,0,0,0,0,1
TG,1998,1,0,0,0,1,0,0,2
TI,1998,2,1,1,0,2,0,1,7
UR,1998,0,0,0,1,1,1,0,3
VD,1998,3,0,0,0,1,0,0,4
VS,1998,3,4,1,1,0,0,0,9
ZG,1998,1,4,0,2,0,2,0,9
ZH,1998,2,0,3,0,1,0,1,7
AG,1999,0,0,0,0,0,0,1,1
AI,1999,3,0,2,0,1,1,0,7
AR,1999,0,0,0,0,0,1,0,1
BE,1999,1,0,0,1,0,2,0,4
BL,1999,1,1,0,1,1,0,1,5
BS,1999,2,1,1,2,0,0,1,7
FR,1999,2,2,2,0,1,1,0,8
GE,1999,2,3,3,2,1,3,0,14
GR,1999,0,0,0,0,0,0,1,1
JU,1999,0,1,0,1,1,0,0,3
LU,1999,0,0,1,1,0,1,0,3
NE,1999,1,2,1,1,0,2,0,7
NW,1999,1,1,0,0,1,0,1,4
OW,1999,1,1,0,0,2,0,0,4
SG,1999,0,1,1,0,0,0,1,3
SH,1999,0,1,0,0,1,0,0,2
SO,1999,1,1,0,0,0,0,0,2
SZ,1999,1,2,0,1,0,1,0,5
TG,1999,1,1,0,1,0,0,0,3
TI,1999,1,1,0,0,0,0,3,5
UR,1999,0,1,0,0,0,0,0,1
VD,1999,2,0,1,0,1,0,1,5
VS,1999,2,2,1,0,0,0,0,5
ZG,1999,0,1,0,2,0,0,0,3
ZH,1999,1,2,2,1,1,0,0,7
AG,2000,1,0,0,0,1,0,0,2
AI,2000,2,0,1,0,1,0,0,4
AR,2000,0,0,1,1,1,1,0,4
BE,2000,0,1,0,0,0,2,0,3
BL,2000,0,0,0,0,1,0,0,1
BS,2000,1,1,0,2,0,0,0,4
FR,2000,0,1,0,2,1,1,0,5
GE,2000,1,0,2,1,2,5,0,11
GL,2000,0,0,0,1,1,1,0,3
GR,2000,1,1,1,0,3,0,0,6
JU,2000,3,4,1,0,0,1,0,9
LU,2000,1,1,2,0,0,1,1,6
NE,2000,3,6,1,1,1,0,1,13
NW,2000,1,3,0,1,0,3,0,8
OW,2000,1,0,0,0,0,0,0,1
SG,2000,0,0,0,1,1,0,1,3
SH,2000,0,1,0,2,0,1,0,4
SO,2000,1,0,0,1,0,0,0,2
SZ,2000,3,0,0,2,0,1,0,6
TG,2000,1,0,1,1,1,0,0,4
TI,2000,1,3,2,1,0,0,0,7
UR,2000,0,1,0,0,0,0,0,1
VD,2000,2,0,0,0,0,1,0,3
VS,2000,1,1,1,0,1,0,0,4
ZG,2000,1,0,0,0,0,1,1,3
ZH,2000,0,1,0,0,0,1,0,2
AG,2001,0,1,0,0,0,0,0,1
AI,2001,1,1,0,3,0,0,0,5
AR,2001,2,0,0,1,0,0,0,3
BE,2001,0,1,0,0,0,0,0,1
BL,2001,2,1,0,0,0,0,0,3
BS,2001,1,0,0,0,0,0,0,1
FR,2001,4,0,2,0,1,0,1,8
GE,2001,4,2,1,1,1,3,1,13
GL,2001,0,0,0,0,0,0,1,1
GR,2001,1,2,0,0,0,0,0,3
JU,2001,0,0,0,0,3,1,1,5
LU,2001,1,0,2,0,1,0,1,5
NE,2001,0,1,1,1,0,2,0,5
NW,2001,1,1,0,1,2,0,0,5
OW,2001,0,0,0,2,0,0,1,3
SG,2001,0,0,0,0,0,1,0,1
SH,2001,0,0,0,1,0,0,0,1
SO,2001,1,0,1,0,0,0,0,2
SZ,2001,0,1,0,0,0,1,0,2
TG,2001,1,0,1,0,0,0,0,2
TI,2001,0,2,0,3,1,0,0,6
UR,2001,0,0,0,0,0,1,0,1
VD,2001,1,0,0,0,0,0,0,1
VS,2001,1,0,2,0,1,0,0,4
ZG,2001,1,0,1,0,0,0,0,2
ZH,2001,1,0,0,1,0,0,0,2
AG,2002,1,0,1,0,0,0,0,2
AI,2002,0,0,0,0,0,1,1,2
AR,2002,3,0,0,0,0,0,0,3
BE,2002,2,0,1,2,0,0,0,5
BL,2002,0,1,0,1,0,0,1,3
BS,2002,0,1,0,0,0,0,0,1
FR,2002,2,0,0,0,0,0,0,2
GE,2002,2,2,0,0,1,0,1,6
GL,2002,2,0,0,0,0,0,1,3
GR,2002,0,0,1,0,0,0,0,1
JU,2002,2,0,0,1,1,0,0,4
LU,2002,0,0,2,0,0,1,1,4
NE,2002,1,0,2,0,0,1,0,4
NW,2002,0,1,2,0,0,3,0,6
OW,2002,2,1,0,1,0,0,0,4
SG,2002,0,1,0,2,0,0,0,3
SH,2002,0,0,0,0,1,0,0,1
SZ,2002,0,3,2,0,0,0,0,5
TG,2002,1,0,0,0,1,0,0,2
TI,2002,5,1,0,1,2,0,0,9
VD,2002,2,0,0,0,0,1,0,3
VS,2002,0,0,1,0,1,0,0,2
ZG,2002,1,0,1,0,0,0,0,2
ZH,2002,0,0,1,0,0,0,1,2
AG,2003,1,1,0,0,0,0,0,2
AI,2003,0,1,0,0,0,0,1,2
AR,2003,0,0,0,2,1,0,0,3
BE,2003,0,2,2,1,0,1,0,6
BL,2003,1,0,0,1,1,2,0,5
BS,2003,0,0,1,0,0,1,0,2
FR,2003,3,0,1,1,1,0,1,7
GE,2003,1,2,3,1,0,0,1,8
GL,2003,0,0,1,0,0,1,0,2
GR,2003,0,0,1,0,0,0,0,1
JU,2003,1,0,0,0,0,0,0,1
LU,2003,1,0,1,1,0,0,1,4
NE,2003,1,2,0,0,1,0,2,6
NW,2003,1,0,0,0,0,0,0,1
OW,2003,0,0,0,1,0,0,0,1
SH,2003,1,0,0,0,1,1,0,3
SO,2003,1,1,0,0,0,0,0,2
SZ,2003,0,2,0,0,0,0,0,2
TI,2003,1,1,0,0,3,0,0,5
UR,2003,0,1,0,0,0,0,0,1
VD,2003,1,3,1,0,0,1,0,6
VS,2003,0,2,1,1,0,0,0,4
ZG,2003,1,3,0,0,1,0,1,6
ZH,2003,2,0,0,0,0,0,1,3
AG,2004,0,2,0,0,0,0,0,2
AI,2004,0,0,2,0,0,0,0,2
AR,2004,3,0,0,2,1,0,0,6
BE,2004,4,0,2,0,0,0,0,6
BL,2004,0,0,0,2,0,1,0,3
BS,2004,0,1,0,1,0,1,0,3
FR,2004,4,0,0,0,0,0,1,5
GE,2004,2,1,2,0,1,3,2,11
GL,2004,2,0,0,0,0,0,0,2
GR,2004,1,3,2,1,0,0,2,9
JU,2004,0,1,1,0,0,1,0,3
LU,2004,3,0,0,0,0,1,0,4
NE,2004,2,2,0,3,1,2,2,12
NW,2004,2,1,2,2,0,0,0,7
OW,2004,2,0,0,1,0,0,0,3
SG,2004,3,1,0,0,0,0,0,4
SH,2004,2,1,0,1,1,1,0,6
SO,2004,0,1,0,0,0,0,0,1
SZ,2004,1,0,0,1,0,0,3,5
TG,2004,1,0,1,1,0,0,0,3
TI,2004,0,1,0,1,2,0,0,4
UR,2004,0,0,0,0,0,0,1,1
VD,2004,4,3,2,0,1,0,1,11
VS,2004,3,1,0,3,3,1,0,11
ZG,2004,0,0,1,2,0,0,0,3
ZH,2004,2,2,0,0,0,0,0,4
AG,2005,4,1,0,0,0,2,0,7
AI,2005,2,0,0,0,0,0,1,3
AR,2005,2,0,1,0,1,0,0,4
BE,2005,1,1,2,0,2,0,0,6
BL,2005,0,3,0,0,2,1,0,6
BS,2005,0,1,0,0,0,0,0,1
FR,2005,2,1,1,0,1,1,0,6
GE,2005,1,2,0,0,3,2,0,8
GR,2005,5,2,0,0,0,0,0,7
LU,2005,8,1,1,0,0,0,1,11
NE,2005,6,1,6,3,2,2,2,22
NW,2005,0,2,0,0,1,0,0,3
OW,2005,2,0,0,0,1,0,0,3
SH,2005,0,0,0,1,0,0,0,1
SO,2005,1,0,0,0,0,0,0,1
SZ,2005,0,1,0,0,0,0,0,1
TI,2005,2,1,1,4,0,0,1,9
UR,2005,1,0,0,0,0,0,0,1
VD,2005,3,1,0,1,1,2,0,8
VS,2005,1,0,1,0,0,0,0,2
ZG,2005,0,0,1,1,0,0,0,2
ZH,2005,0,2,1,0,0,0,0,3
AG,2006,2,0,1,0,0,0,0,3
AI,2006,0,0,0,0,0,0,1,1
AR,2006,0,0,0,1,0,0,0,1
BE,2006,1,0,0,0,0,0,0,1
BL,2006,0,1,1,1,1,0,1,5
BS,2006,0,1,0,0,1,0,0,2
FR,2006,2,1,1,0,1,0,1,6
GE,2006,0,3,0,1,0,1,2,7
GL,2006,0,0,0,1,0,0,0,1
GR,2006,5,1,1,0,1,1,0,9
JU,2006,1,2,2,0,0,0,1,6
LU,2006,1,1,1,0,0,0,0,3
NE,2006,4,0,0,2,0,0,1,7
NW,2006,1,1,0,0,0,0,0,2
OW,2006,0,0,1,0,0,0,0,1
SG,2006,1,0,1,0,1,0,0,3
SH,2006,1,0,1,0,0,0,0,2
SO,2006,1,0,1,0,0,0,0,2
TG,2006,0,1,0,1,0,0,0,2
TI,2006,1,0,0,0,0,0,1,2
UR,2006,1,0,0,0,1,0,0,2
VD,2006,4,2,1,1,0,1,2,11
VS,2006,0,0,0,0,0,0,3,3
ZG,2006,2,0,0,0,0,1,0,3
ZH,2006,0,1,0,0,0,0,1,2
AG,2007,1,2,1,1,0,0,0,5
AR,2007,0,0,0,0,0,1,0,1
BE,2007,0,0,1,0,0,0,0,1
BL,2007,1,0,0,0,0,1,0,2
BS,2007,2,2,0,0,0,0,0,4
FR,2007,3,0,1,0,0,1,0,5
GE,2007,1,3,3,0,0,1,1,9
GR,2007,0,0,0,0,0,0,1,1
JU,2007,1,0,0,0,0,0,0,1
LU,2007,2,0,1,0,0,0,0,3
NE,2007,1,0,1,0,0,1,0,3
NW,2007,0,1,0,0,0,0,0,1
OW,2007,0,0,1,1,0,0,1,3
SG,2007,2,0,0,1,0,0,0,3
SH,2007,0,2,0,0,0,1,0,3
SO,2007,0,1,0,0,0,0,0,1
SZ,2007,0,1,0,0,0,0,0,1
TG,2007,0,0,0,0,0,0,1,1
TI,2007,2,0,0,0,0,0,0,2
UR,2007,0,0,0,1,0,0,0,1
VD,2007,4,1,2,0,0,0,1,8
VS,2007,1,0,0,0,1,0,0,2
ZH,2007,3,1,1,0,0,0,0,5
AG,2008,2,0,0,1,1,0,0,4
AI,2008,0,1,0,0,0,0,2,3
BE,2008,0,1,1,0,0,0,0,2
BL,2008,0,1,1,0,0,1,0,3
BS,2008,0,1,0,0,0,0,0,1
FR,2008,0,0,1,0,1,0,0,2
GE,2008,3,3,5,1,0,1,1,14
JU,2008,0,0,0,0,1,1,0,2
NE,2008,0,0,0,2,3,0,1,6
NW,2008,4,1,1,2,0,0,0,8
OW,2008,2,0,0,1,0,0,0,3
SH,2008,1,0,0,0,1,1,0,3
SZ,2008,2,0,0,1,0,0,0,3
TI,2008,1,0,0,1,0,0,1,3
UR,2008,2,0,0,0,0,0,0,2
VD,2008,0,0,0,1,0,0,0,1
VS,2008,3,0,0,1,2,0,0,6
ZG,2008,1,0,0,0,0,0,0,1
ZH,2008,2,0,1,0,0,0,0,3
AG,2009,1,1,1,1,1,0,0,5
AI,2009,1,0,0,0,0,1,0,2
AR,2009,1,0,0,0,0,0,0,1
BE,2009,1,1,1,0,0,1,1,5
BL,2009,0,1,0,0,0,0,1,2
BS,2009,0,1,1,0,0,0,0,2
FR,2009,2,0,1,0,0,0,0,3
GE,2009,4,1,1,0,0,0,1,7
GR,2009,0,1,0,1,0,0,0,2
LU,2009,2,0,0,0,0,0,0,2
NE,2009,1,1,0,1,0,0,0,3
NW,2009,2,0,0,0,0,1,0,3
SG,2009,1,0,1,1,0,0,0,3
SH,2009,1,0,0,0,0,0,0,1
SO,2009,0,0,0,1,0,0,0,1
SZ,2009,1,0,0,1,0,0,1,3
TG,2009,0,0,0,0,0,0,1,1
TI,2009,0,0,1,1,0,0,0,2
VD,2009,1,1,0,1,0,0,0,3
VS,2009,0,0,0,0,0,0,1,1
ZH,2009,0,0,0,0,1,0,0,1
AG,2010,1,0,0,0,0,0,2,3
AR,2010,1,0,1,0,0,0,0,2
BS,2010,1,0,0,0,0,1,1,3
FR,2010,1,1,1,0,1,0,0,4
GE,2010,1,0,1,0,2,1,1,6
GL,2010,1,0,0,0,0,0,1,2
GR,2010,2,1,0,0,0,0,0,3
JU,2010,1,1,1,1,1,0,0,5
LU,2010,0,1,0,0,0,0,0,1
NE,2010,1,0,1,0,0,1,0,3
NW,2010,1,0,0,0,0,0,0,1
OW,2010,1,0,0,0,0,0,1,2
SG,2010,1,1,1,1,0,0,0,4
SO,2010,0,1,0,0,1,0,2,4
TG,2010,0,0,0,1,0,0,0,1
UR,2010,0,1,0,0,0,0,0,1
VD,2010,0,3,0,0,3,0,1,7
VS,2010,1,1,0,0,0,0,0,2
ZG,2010,1,0,0,0,0,0,0,1
ZH,2010,2,0,0,0,0,0,0,2
AG,2011,4,1,0,1,0,0,1,7
AR,2011,0,1,0,0,0,0,0,1
BE,2011,0,0,1,0,0,0,1,2
BS,2011,0,1,1,0,0,0,0,2
FR,2011,1,2,0,1,1,0,0,5
GE,2011,4,2,0,3,0,0,2,11
GR,2011,0,0,1,0,0,2,1,4
JU,2011,1,0,0,0,0,0,0,1
LU,2011,1,0,1,0,0,0,0,2
NE,2011,1,1,0,0,0,0,2,4
NW,2011,1,0,0,0,0,0,0,1
OW,2011,1,0,1,0,0,0,0,2
SG,2011,1,2,1,0,0,0,0,4
SH,2011,0,0,0,1,0,0,0,1
SO,2011,0,0,0,0,0,0,1,1
SZ,2011,0,0,0,2,0,0,0,2
TG,2011,0,0,1,0,0,0,0,1
TI,2011,2,0,1,0,0,0,0,3
UR,2011,0,0,0,0,0,0,1,1
VD,2011,2,0,3,0,0,0,0,5
VS,2011,3,0,1,0,1,1,0,6
ZH,2011,0,1,0,0,0,0,2,3
AG,2012,1,0,0,2,0,1,0,4
AI,2012,1,0,0,0,0,0,0,1
AR,2012,1,0,0,0,0,0,1,2
BE,2012,1,0,0,1,1,0,0,3
BL,2012,0,0,0,1,2,0,0,3
BS,2012,0,0,0,0,1,0,0,1
FR,2012,1,0,0,1,0,0,1,3
GE,2012,2,0,2,0,0,1,0,5
GL,2012,2,0,0,0,0,0,0,2
JU,2012,0,0,0,0,1,0,1,2
LU,2012,1,0,0,0,0,0,0,1
NE,2012,3,0,0,0,0,0,0,3
NW,2012,0,0,1,1,0,0,0,2
SG,2012,0,2,0,0,0,1,1,4
SH,2012,0,0,0,0,0,0,1,1
SZ,2012,0,0,1,0,0,1,0,2
UR,2012,0,0,0,0,1,0,0,1
VD,2012,0,1,0,0,1,0,2,4
VS,2012,1,0,1,0,0,0,0,2
ZG,2012,0,0,0,0,0,0,1,1
ZH,2012,0,0,0,0,0,0,1,1
AG,2013,1,0,0,0,0,1,1,3
AR,2013,1,0,0,0,0,0,0,1
BE,2013,1,0,0,0,0,0,0,1
BL,2013,1,1,0,0,0,0,0,2
GE,2013,3,0,1,0,0,0,0,4
JU,2013,0,0,0,0,0,0,2,2
LU,2013,1,0,1,0,0,0,0,2
NE,2013,1,0,0,0,0,0,0,1
NW,2013,0,0,0,1,0,0,0,1
SG,2013,0,1,1,0,0,0,0,2
SH,2013,0,1,0,0,0,0,0,1
SO,2013,0,0,0,0,0,0,1,1
TI,2013,0,0,1,0,0,0,1,2
VD,2013,0,0,1,1,0,1,0,3
VS,2013,0,0,1,1,0,0,0,2
ZG,2013,0,0,1,0,1,0,2,4
AR,2014,0,1,1,0,0,0,0,2
BE,2014,0,0,1,0,0,0,1,2
BL,2014,1,0,0,0,0,0,0,1
BS,2014,0,1,1,0,0,0,0,2
FR,2014,0,0,2,0,0,0,0,2
GE,2014,1,0,3,0,0,1,0,5
GR,2014,0,0,1,0,0,0,1,2
JU,2014,2,0,0,0,0,0,0,2
NE,2014,1,0,0,0,1,1,0,3
NW,2014,0,1,0,1,0,0,0,2
OW,2014,0,0,0,0,1,0,0,1
SG,2014,1,0,0,0,0,0,0,1
SO,2014,3,0,0,0,0,0,0,3
TI,2014,0,0,1,0,0,0,0,1
VD,2014,0,0,2,0,0,0,0,2
ZG,2014,2,0,0,0,0,0,0,2
AG,2015,0,1,0,0,0,0,0,1
BE,2015,0,0,0,0,0,1,0,1
BL,2015,0,0,2,0,0,1,0,3
FR,2015,1,0,2,0,0,0,0,3
GE,2015,2,0,1,0,1,0,0,4
GR,2015,2,0,1,0,1,0,0,4
JU,2015,0,1,0,0,0,0,0,1
OW,2015,0,0,0,1,0,0,0,1
SG,2015,0,0,0,1,0,0,0,1
SO,2015,1,0,0,0,0,0,1,2
SZ,2015,0,0,1,0,0,0,0,1
TG,2015,0,0,0,0,0,1,0,1
TI,2015,0,1,0,0,2,0,1,4
VD,2015,0,0,0,1,0,0,0,1
VS,2015,1,0,0,0,1,0,1,3
ZH,2015,1,1,1,0,0,0,0,3
AG,2016,2,0,1,0,0,0,0,3
AR,2016,0,1,0,0,0,0,0,1
BE,2016,1,0,0,0,1,0,0,2
BL,2016,0,1,0,0,0,0,0,1
BS,2016,1,1,0,0,0,0,0,2
FR,2016,3,2,0,0,0,0,1,6
GE,2016,3,0,0,1,2,0,0,6
GR,2016,2,0,0,0,0,0,0,2
LU,2016,0,0,0,0,0,1,0,1
OW,2016,0,0,1,0,1,0,0,2
SH,2016,1,0,0,0,0,0,0,1
TI,2016,0,0,0,0,1,0,0,1
UR,2016,0,1,0,0,0,1,0,2
VS,2016,1,0,0,0,0,0,1,2
ZG,2016,0,0,0,0,0,1,0,1
ZH,2016,0,0,1,0,0,0,0,1
AG,2017,0,1,0,0,0,0,0,1
BE,2017,1,0,0,0,0,0,0,1
BL,2017,1,0,0,0,0,0,0,1
BS,2017,2,0,0,0,0,0,0,2
FR,2017,1,0,0,0,0,0,0,1
GE,2017,3,0,2,0,0,1,0,6
JU,2017,1,1,0,0,0,0,0,2
NE,2017,0,0,1,0,0,0,0,1
NW,2017,0,1,0,1,0,0,0,2
SG,2017,0,0,1,0,0,0,0,1
SH,2017,0,0,0,0,1,0,0,1
UR,2017,1,0,0,0,0,0,0,1
VD,2017,0,0,0,0,1,0,1,2
ZH,2017,1,0,1,0,0,0,0,2
AI,2018,0,0,0,0,0,1,0,1
AR,2018,2,0,0,0,0,0,0,2
BE,2018,1,1,0,1,0,0,0,3
BL,2018,0,1,0,1,0,0,0,2
FR,2018,2,0,0,0,0,1,0,3
GE,2018,1,1,0,0,0,0,0,2
JU,2018,0,1,0,0,0,0,0,1
NE,2018,0,0,0,2,0,0,0,2
NW,2018,0,0,0,0,0,0,1,1
SG,2018,3,0,0,0,0,0,1,4
SH,2018,0,0,0,1,0,0,0,1
SO,2018,1,0,0,1,0,0,0,2
UR,2018,0,0,0,0,0,1,0,1
VD,2018,1,0,0,0,0,2,0,3
VS,2018,1,1,0,4,0,0,0,6
ZH,2018,0,0,1,0,0,0,0,1
BE,2019,1,0,0,0,0,0,0,1
BL,2019,0,0,0,0,0,1,0,1
BS,2019,1,0,0,0,0,0,0,1
FR,2019,0,0,0,0,1,0,0,1
GE,2019,2,0,2,1,1,1,1,8
LU,2019,1,0,0,0,0,0,0,1
NE,2019,1,0,0,0,0,0,0,1
SH,2019,0,0,1,1,0,0,0,2
SO,2019,1,0,0,0,0,0,0,1
SZ,2019,1,1,0,1,0,0,0,3
TI,2019,0,1,0,0,0,0,0,1
VD,2019,0,0,1,0,0,0,0,1
VS,2019,1,0,1,0,0,0,1,3
ZH,2019,0,0,0,1,1,0,0,2
AG,2020,0,0,0,1,0,0,0,1
BE,2020,0,0,1,0,0,0,1,2
BL,2020,1,1,0,0,1,0,0,3
FR,2020,1,3,0,0,0,0,0,4
GE,2020,0,0,0,0,3,1,0,4
GR,2020,0,0,0,0,2,0,0,2
NW,2020,0,1,0,1,0,0,0,2
OW,2020,0,0,0,0,1,0,0,1
SG,2020,0,1,1,0,0,0,0,2
SH,2020,0,0,1,0,0,0,0,1
SO,2020,1,0,0,0,1,0,0,2
TG,2020,1,0,1,0,1,0,0,3
TI,2020,1,0,0,0,0,0,0,1
VS,2020,0,1,0,1,1,0,0,3
ZH,2020,1,0,0,0,0,1,0,2
AG,2021,0,0,0,1,0,0,0,1
BE,2021,0,1,1,0,0,0,0,2
BL,2021,0,0,0,1,0,0,0,1
BS,2021,0,2,0,0,0,0,0,2
FR,2021,1,0,0,0,0,0,1,2
GE,2021,1,2,0,0,0,0,0,3
GL,2021,0,1,0,0,0,0,0,1
GR,2021,1,0,0,1,0,0,0,2
NE,2021,0,0,0,1,0,0,0,1
SG,2021,0,1,1,0,0,0,0,2
SH,2021,0,1,0,0,0,0,0,1
TG,2021,0,0,1,1,0,0,0,2
TI,2021,0,1,0,0,0,0,1,2
UR,2021,0,0,0,0,0,0,1,1
VD,2021,1,0,0,0,0,0,0,1
VS,2021,0,0,0,1,0,0,0,1
ZH,2021,0,0,1,0,0,0,0,1
AI,2022,0,0,0,1,0,0,0,1
AR,2022,0,1,1,0,0,0,0,2
BE,2022,1,0,0,0,0,0,0,1
BL,2022,1,0,0,0,0,0,0,1
BS,2022,0,0,0,1,0,0,0,1
FR,2022,0,1,0,0,0,1,0,2
GL,2022,1,0,1,0,0,0,0,2
GR,2022,0,1,1,0,0,0,0,2
JU,2022,0,0,0,1,0,0,0,1
LU,2022,0,0,0,1,0,0,0,1
NE,2022,0,1,0,0,0,0,0,1
SH,2022,1,0,0,0,0,0,0,1
SO,2022,0,0,0,0,2,0,0,2
SZ,2022,1,0,1,0,0,0,0,2
TG,2022,1,0,0,1,0,0,0,2
TI,2022,1,0,0,0,0,0,0,1
VD,2022,1,0,0,0,0,0,0,1
VS,2022,0,1,1,0,1,0,0,3
ZH,2022,0,3,0,1,0,0,0,4
AG,2023,0,0,1,0,0,0,0,1
AR,2023,0,0,1,0,0,0,0,1
BE,2023,0,1,0,0,0,0,0,1
BL,2023,1,0,1,0,0,1,0,3
FR,2023,0,1,0,0,0,0,0,1
GE,2023,4,2,0,1,0,0,1,8
GR,2023,1,0,0,0,0,0,0,1
JU,2023,0,0,0,0,0,1,0,1
SG,2023,0,0,2,0,0,0,0,2
SZ,2023,0,0,0,1,0,0,0,1
TG,2023,0,0,0,1,0,0,0,1
TI,2023,0,0,0,0,1,0,0,1
VD,2023,1,0,0,1,0,2,0,4
VS,2023,1,0,0,0,0,0,0,1
ZG,2023,0,0,0,1,0,0,0,1
AG,2024,0,0,0,1,0,0,0,1
BE,2024,1,0,0,0,0,0,0,1
BL,2024,0,1,0,0,0,0,0,1
FR,2024,0,1,0,0,0,0,0,1
GE,2024,0,0,0,1,0,0,1,2
JU,2024,0,1,0,0,0,0,0,1
LU,2024,0,0,1,0,0,0,0,1
NW,2024,0,1,0,0,0,0,0,1
OW,2024,0,1,0,0,0,0,0,1
SG,2024,0,1,0,0,0,0,0,1
SH,2024,1,1,0,1,0,0,0,3
SO,2024,0,1,0,0,0,0,0,1
SZ,2024,0,1,1,0,0,0,0,2
TG,2024,0,1,0,0,0,0,1,2
UR,2024,0,1,0,0,0,0,0,1
VD,2024,0,0,0,0,0,2,0,2
VS,2024,1,0,0,0,0,0,0,1
ZG,2024,0,1,0,0,0,0,0,1
AG,2025,0,1,2,0,0,0,0,3
BE,2025,0,0,0,1,0,0,0,1
BS,2025,0,0,0,0,1,0,0,1
FR,2025,0,1,0,0,0,0,0,1
GE,2025,0,0,0,1,0,1,0,2
GR,2025,0,0,0,0,1,0,0,1
JU,2025,0,0,0,1,1,1,0,3
LU,2025,0,0,0,0,0,0,1,1
NE,2025,1,0,0,0,0,0,0,1
NW,2025,1,0,0,1,0,0,1,3
OW,2025,0,1,0,0,0,0,0,1
SG,2025,0,0,0,1,0,0,0,1
SH,2025,0,1,0,0,0,0,1,2
SO,2025,1,0,0,0,0,0,0,1
TG,2025,0,1,0,0,0,0,0,1
TI,2025,1,0,0,0,0,0,0,1
VS,2025,1,0,0,0,0,0,0,1
ZG,2025,0,0,0,0,1,0,0,1
AG,2026,0,0,1,0,0,0,0,1
BL,2026,0,0,1,0,0,0,0,1
GE,2026,1,1,1,1,0,0,0,4
GL,2026,1,0,2,0,0,0,0,3
VD,2026,1,0,0,0,0,0,0,1
