# Swiss Law Collection — cantonal acts of type 'Regulation' by canton, year and legal domain
# counting_unit: published_copies — one count per canton whose collection publishes the act; this is the unit the site's year chart uses, so the two agree for any year
# year = enactment year; 'unknown' rows are undated laws
# source: Calculs propres basés sur la base de données de l'Institut pour le fédéralisme (LexFind); https://swiss-law-as-source.github.io
canton,year,etat,sante,educ,infra,eco,fin,autres,total
BE,1562,0,0,1,0,0,0,0,1
GE,1858,0,0,0,0,0,0,1,1
LU,1867,0,0,0,1,0,0,0,1
OW,1878,0,0,0,0,1,0,0,1
GE,1889,0,0,0,0,0,0,1,1
VD,1891,0,0,0,0,0,1,0,1
GE,1892,0,0,0,0,1,0,0,1
GE,1893,0,0,0,0,0,1,0,1
VD,1893,0,1,0,0,0,0,0,1
VD,1894,0,0,0,0,1,0,0,1
GE,1895,0,0,0,0,1,0,0,1
BE,1899,1,0,0,0,0,0,0,1
GE,1901,0,0,1,0,0,0,0,1
GE,1903,0,0,0,1,0,0,0,1
GE,1907,0,0,0,0,0,0,1,1
GR,1908,0,0,1,0,0,0,0,1
NE,1908,0,0,1,0,0,0,0,1
NE,1909,0,0,0,0,1,0,0,1
SO,1909,0,0,1,0,0,0,0,1
UR,1911,0,0,0,0,0,0,1,1
VD,1911,0,0,0,1,0,0,0,1
VS,1912,0,0,0,0,0,0,1,1
BS,1913,1,0,0,0,0,0,0,1
BE,1917,0,0,1,0,0,0,0,1
GE,1918,0,1,0,0,0,0,0,1
NE,1923,0,0,0,0,1,0,0,1
TI,1924,1,0,0,0,0,0,0,1
VD,1924,0,1,0,0,0,0,0,1
GE,1925,1,1,0,0,0,0,0,2
NE,1925,0,1,0,0,0,0,0,1
VD,1926,0,0,0,1,0,0,0,1
NE,1927,1,0,0,0,0,0,0,1
GE,1928,1,0,0,0,0,1,0,2
GE,1929,2,0,0,0,0,0,0,2
GE,1930,0,0,0,1,1,0,0,2
VD,1930,0,0,0,0,0,1,0,1
BE,1931,0,0,1,0,0,0,0,1
GE,1931,1,0,0,0,0,0,0,1
BL,1934,0,0,0,0,0,0,1,1
GE,1934,1,1,0,0,1,0,1,4
GE,1935,0,0,0,1,0,0,0,1
LU,1935,0,0,0,0,0,0,1,1
NE,1935,0,0,0,0,0,1,0,1
TI,1935,0,0,0,0,0,0,1,1
NE,1936,0,0,0,0,1,0,0,1
VD,1936,0,0,0,0,0,0,1,1
VS,1936,0,1,0,0,0,0,0,1
GE,1937,0,0,0,0,0,1,0,1
NE,1937,0,0,0,0,0,0,1,1
VS,1937,0,0,0,0,1,0,2,3
SZ,1938,0,1,0,0,0,0,0,1
BE,1939,0,0,1,0,0,0,0,1
VS,1939,0,0,0,0,1,0,0,1
GE,1940,0,1,0,0,0,1,0,2
LU,1940,0,0,1,0,0,0,0,1
GE,1941,0,0,0,0,0,0,1,1
BE,1942,0,0,1,0,0,0,0,1
GE,1942,0,0,0,0,2,0,2,4
GE,1943,0,0,0,0,1,0,1,2
NE,1943,0,0,0,0,1,0,0,1
SO,1943,0,1,0,0,0,0,0,1
VD,1943,0,0,0,0,1,0,0,1
VS,1943,0,0,0,0,1,0,0,1
GE,1944,1,0,0,0,0,0,0,1
NW,1944,0,0,0,0,1,0,0,1
SG,1944,0,0,0,0,1,0,0,1
TI,1944,0,0,0,1,0,0,0,1
VD,1944,1,0,0,0,0,0,0,1
VS,1944,0,0,1,0,0,0,0,1
ZH,1944,0,0,0,0,1,0,0,1
GE,1945,1,1,0,0,0,0,0,2
NE,1945,0,1,1,0,0,0,1,3
SH,1945,0,0,0,0,0,1,0,1
VD,1945,0,0,0,0,0,1,0,1
BS,1946,0,0,1,0,0,0,0,1
GE,1946,2,0,0,0,1,0,0,3
NE,1946,0,2,0,0,0,0,0,2
VD,1946,1,0,0,0,0,0,0,1
GE,1947,0,0,0,0,0,1,0,1
OW,1947,0,0,0,0,1,0,0,1
GE,1948,0,0,0,1,0,0,0,1
GL,1948,0,1,0,0,0,0,0,1
NE,1948,0,1,1,0,0,0,0,2
UR,1948,0,1,0,0,0,0,0,1
NE,1949,0,0,0,0,1,0,0,1
NW,1949,0,1,0,0,0,0,0,1
SG,1949,0,0,0,1,0,0,0,1
VS,1949,0,1,0,0,0,0,0,1
GE,1950,0,0,0,0,1,0,0,1
GE,1951,0,0,0,1,0,0,1,2
SG,1951,1,0,0,0,0,0,0,1
VS,1951,0,1,0,1,0,0,0,2
ZH,1951,1,0,0,0,0,0,0,1
GE,1952,1,1,1,0,2,0,1,6
VD,1952,1,0,0,0,0,0,0,1
GE,1953,3,0,0,1,0,0,0,4
SO,1953,1,0,0,0,0,0,0,1
AG,1954,0,0,0,1,0,0,0,1
BL,1954,1,0,0,0,0,0,0,1
GE,1954,0,0,1,0,0,0,0,1
SO,1954,0,0,0,1,0,0,0,1
SZ,1954,0,0,0,1,0,0,0,1
UR,1954,0,0,0,1,0,0,0,1
VD,1954,0,0,0,0,0,1,0,1
VS,1954,0,0,0,0,0,1,0,1
BS,1955,1,0,0,0,0,0,0,1
GE,1955,2,1,2,0,0,0,0,5
VD,1955,0,0,0,1,0,0,0,1
ZH,1955,1,0,0,0,0,0,0,1
BS,1956,1,1,0,0,0,0,0,2
GE,1956,3,1,1,0,1,0,0,6
GE,1957,1,0,0,0,0,0,0,1
SO,1957,1,0,0,0,0,0,0,1
VD,1957,1,1,0,0,1,0,0,3
GE,1958,2,0,1,0,0,3,0,6
TI,1958,0,2,0,0,0,0,2,4
VD,1958,1,0,0,0,0,0,0,1
VS,1958,0,0,0,1,0,0,0,1
BE,1959,1,1,0,0,0,0,0,2
FR,1959,0,1,0,0,0,0,0,1
GE,1959,1,0,0,0,0,0,1,2
NE,1959,0,1,0,0,1,0,0,2
GE,1960,0,0,0,0,0,0,1,1
ZH,1960,0,1,1,0,0,0,0,2
AG,1961,0,0,0,0,1,0,0,1
BS,1961,0,0,1,0,0,0,0,1
GE,1961,2,1,0,1,0,0,0,4
NE,1961,0,0,1,0,0,0,0,1
TG,1961,0,1,0,0,0,0,0,1
TI,1961,0,1,0,0,0,0,0,1
VD,1961,0,1,0,0,1,0,1,3
ZH,1961,1,0,0,0,0,0,1,2
GE,1962,2,0,0,0,0,0,0,2
NE,1962,0,1,0,0,0,0,0,1
SG,1962,0,0,0,0,1,0,0,1
TI,1962,0,0,0,1,0,0,0,1
UR,1962,1,0,0,1,0,0,0,2
VS,1962,0,0,1,0,0,0,0,1
GR,1963,1,0,0,0,0,0,0,1
NE,1963,0,0,2,0,0,0,0,2
SO,1963,0,0,0,0,0,0,1,1
TI,1963,0,0,0,0,0,0,1,1
VD,1963,0,0,0,0,1,0,0,1
VS,1963,1,0,1,0,0,0,0,2
FR,1964,0,1,0,0,0,0,0,1
GE,1964,0,0,1,2,1,0,2,6
GL,1964,0,1,0,0,0,0,0,1
NE,1964,1,0,0,0,0,0,0,1
VD,1964,0,1,0,0,0,0,0,1
ZH,1964,1,0,0,0,0,0,0,1
FR,1965,1,1,0,0,0,0,0,2
GE,1965,0,2,0,0,1,0,0,3
GR,1965,0,0,0,0,0,1,0,1
VD,1965,0,1,0,0,1,0,0,2
VS,1965,0,0,1,1,0,0,0,2
BE,1966,0,0,0,0,1,0,0,1
FR,1966,1,0,0,0,0,0,0,1
GE,1966,2,0,0,1,0,0,0,3
NE,1966,0,0,1,0,0,0,0,1
VD,1966,1,0,0,0,0,0,0,1
BS,1967,0,0,1,0,0,0,0,1
FR,1967,3,0,0,0,0,0,0,3
GE,1967,0,0,1,0,0,0,0,1
SG,1967,0,1,0,0,0,0,0,1
TI,1967,0,0,0,1,0,0,0,1
UR,1967,0,0,0,0,0,1,0,1
VS,1967,1,2,0,0,0,0,0,3
BS,1968,0,1,0,0,0,0,0,1
GE,1968,0,0,0,1,0,1,0,2
GL,1968,0,0,0,0,0,0,1,1
LU,1968,0,0,0,0,0,0,1,1
NE,1968,0,0,1,0,0,0,0,1
ZH,1968,0,0,1,0,0,0,0,1
BS,1969,1,0,0,0,0,0,0,1
GE,1969,0,0,1,1,3,0,0,5
LU,1969,0,3,0,0,0,0,0,3
NE,1969,0,0,1,0,0,0,0,1
TG,1969,1,0,0,0,0,0,0,1
TI,1969,0,0,0,1,1,0,0,2
VS,1969,0,0,0,0,0,1,0,1
ZH,1969,0,0,1,0,0,0,0,1
AG,1970,0,1,0,0,0,0,0,1
BS,1970,0,0,1,0,0,0,0,1
GE,1970,1,1,0,1,3,0,0,6
GL,1970,0,1,0,0,0,0,0,1
NE,1970,0,0,0,0,1,0,0,1
SG,1970,1,0,0,0,0,0,0,1
SO,1970,1,0,0,0,0,0,0,1
TI,1970,0,1,0,0,0,0,0,1
VD,1970,1,0,0,1,2,0,1,5
BS,1971,0,0,1,0,0,0,0,1
GE,1971,0,1,2,0,0,0,0,3
SO,1971,0,0,1,0,0,0,1,2
TI,1971,0,0,0,1,0,0,0,1
UR,1971,0,1,0,0,0,0,0,1
VD,1971,0,2,1,0,1,0,0,4
BE,1972,0,0,0,1,0,0,0,1
BS,1972,0,1,0,0,0,0,0,1
GL,1972,0,0,1,0,0,0,0,1
TI,1972,0,0,0,0,1,1,0,2
VS,1972,0,0,1,0,0,0,0,1
BS,1973,1,0,0,0,0,0,0,1
FR,1973,0,0,1,0,0,0,0,1
GE,1973,0,0,0,5,1,1,0,7
GL,1973,0,0,1,0,0,0,0,1
NE,1973,0,1,2,0,0,0,0,3
SG,1973,0,0,1,0,0,0,0,1
SO,1973,0,0,1,0,0,0,0,1
UR,1973,0,1,0,0,0,0,1,2
VS,1973,0,0,1,0,1,0,0,2
FR,1974,0,0,1,0,0,0,0,1
GE,1974,3,0,1,0,1,0,0,5
GR,1974,0,0,2,0,0,0,0,2
LU,1974,0,0,0,2,0,0,0,2
SG,1974,0,0,1,0,0,0,0,1
SO,1974,0,0,1,0,0,0,0,1
SZ,1974,0,1,0,0,0,0,0,1
TI,1974,0,0,1,2,0,0,1,4
VD,1974,0,1,0,1,0,0,0,2
ZH,1974,1,0,0,0,0,0,0,1
BS,1975,1,0,0,0,0,0,0,1
GE,1975,2,0,0,1,1,0,1,5
GR,1975,0,0,0,1,0,0,0,1
LU,1975,0,1,0,0,0,0,0,1
NW,1975,1,0,0,0,0,0,0,1
TG,1975,0,0,0,0,1,0,0,1
TI,1975,1,1,0,1,0,1,0,4
VD,1975,1,1,1,1,0,0,0,4
VS,1975,0,0,2,1,0,0,1,4
ZH,1975,0,0,1,0,0,0,0,1
BL,1976,0,0,0,0,1,0,0,1
BS,1976,0,0,0,0,0,1,0,1
FR,1976,0,0,0,0,1,0,0,1
GE,1976,3,1,0,2,0,0,0,6
GL,1976,0,0,0,0,0,0,1,1
NE,1976,0,0,1,0,0,0,0,1
SG,1976,0,0,2,0,0,0,0,2
SZ,1976,0,0,1,0,0,0,0,1
TG,1976,0,0,0,0,1,0,0,1
TI,1976,1,0,0,0,0,0,0,1
VD,1976,0,0,0,2,0,0,0,2
VS,1976,0,1,0,0,0,1,0,2
FR,1977,1,0,0,0,0,0,0,1
GE,1977,1,1,1,1,0,0,1,5
NE,1977,0,0,0,0,0,0,1,1
SG,1977,0,1,1,0,0,0,0,2
TG,1977,0,0,0,0,2,0,0,2
VD,1977,0,0,2,1,0,0,2,5
VS,1977,0,0,1,0,0,0,0,1
ZG,1977,1,0,0,0,0,0,0,1
BL,1978,0,1,1,0,0,0,0,2
BS,1978,1,0,0,0,0,0,0,1
FR,1978,1,0,1,0,0,0,0,2
GE,1978,2,1,0,2,1,0,1,7
GL,1978,2,0,0,0,0,0,1,3
GR,1978,0,0,1,0,0,0,0,1
JU,1978,1,2,5,1,0,0,1,10
NE,1978,0,4,12,0,2,0,0,18
TI,1978,0,0,0,0,0,0,2,2
VD,1978,1,1,0,0,2,0,0,4
VS,1978,0,0,0,0,0,1,0,1
FR,1979,0,0,1,0,0,0,0,1
GE,1979,2,6,0,0,0,0,1,9
GR,1979,0,1,0,0,0,0,0,1
JU,1979,1,0,0,0,0,0,0,1
LU,1979,0,0,1,0,0,0,0,1
NE,1979,2,0,0,0,0,0,0,2
SG,1979,1,0,0,0,0,0,0,1
TG,1979,1,0,0,0,0,0,0,1
TI,1979,1,2,0,1,0,0,0,4
VD,1979,2,0,2,1,0,0,0,5
VS,1979,1,0,0,0,0,0,0,1
ZH,1979,1,0,0,0,0,0,0,1
BS,1980,2,0,0,0,0,0,0,2
GE,1980,0,0,0,0,1,0,0,1
JU,1980,0,0,0,0,1,0,1,2
NE,1980,0,2,1,1,0,1,0,5
NW,1980,1,0,0,0,0,0,0,1
SG,1980,0,0,1,0,0,0,0,1
SZ,1980,1,0,0,0,0,0,0,1
TI,1980,0,2,0,0,0,0,0,2
VD,1980,0,0,1,0,0,0,0,1
VS,1980,0,0,0,0,2,0,0,2
ZG,1980,0,0,0,3,0,0,0,3
FR,1981,1,1,0,0,0,0,0,2
GE,1981,2,1,1,0,1,0,0,5
GL,1981,0,0,2,0,0,0,0,2
JU,1981,1,0,0,0,0,0,0,1
NE,1981,2,0,1,0,0,0,0,3
SG,1981,0,0,1,0,0,0,0,1
SO,1981,0,0,0,1,0,0,0,1
TI,1981,0,0,1,0,0,0,0,1
VD,1981,1,2,1,0,0,0,1,5
VS,1981,0,0,0,0,0,1,1,2
FR,1982,1,0,0,1,0,0,0,2
GE,1982,5,0,0,2,2,0,0,9
GR,1982,0,0,1,0,0,0,0,1
LU,1982,1,0,2,0,0,0,0,3
NE,1982,2,0,1,0,0,0,0,3
TI,1982,0,0,0,2,0,0,0,2
UR,1982,1,0,0,1,1,0,0,3
VD,1982,1,0,1,2,0,0,2,6
VS,1982,2,0,2,0,0,0,0,4
BS,1983,1,0,0,0,0,0,0,1
FR,1983,1,0,0,2,0,0,0,3
GE,1983,2,5,2,1,1,0,1,12
GL,1983,0,0,1,0,0,0,0,1
GR,1983,0,1,0,0,0,0,0,1
NE,1983,3,1,1,0,1,0,0,6
NW,1983,0,0,0,1,0,0,0,1
SG,1983,0,0,1,0,0,0,0,1
SO,1983,0,0,1,0,0,0,0,1
SZ,1983,0,0,1,0,0,0,0,1
UR,1983,2,3,1,0,0,0,1,7
VD,1983,2,2,1,0,1,0,0,6
VS,1983,0,0,0,0,2,0,0,2
ZH,1983,1,0,0,0,0,0,0,1
BL,1984,0,0,1,0,0,0,0,1
BS,1984,0,2,0,0,0,0,0,2
FR,1984,0,0,0,1,0,0,1,2
GE,1984,1,5,2,1,0,0,2,11
LU,1984,0,0,1,0,0,0,0,1
NE,1984,0,1,4,1,0,0,0,6
SG,1984,1,0,1,0,0,0,0,2
TI,1984,0,1,0,0,1,0,0,2
UR,1984,0,0,0,0,1,0,0,1
VD,1984,1,1,2,1,1,0,1,7
VS,1984,1,0,2,0,0,0,0,3
ZH,1984,0,0,2,0,0,0,0,2
BL,1985,0,1,0,0,0,0,0,1
BS,1985,0,0,1,0,0,0,0,1
FR,1985,0,1,0,0,1,0,0,2
GE,1985,3,1,1,0,0,2,1,8
JU,1985,2,0,1,0,0,0,0,3
NE,1985,0,0,1,0,1,0,0,2
SH,1985,0,0,1,0,0,0,0,1
TI,1985,1,1,0,1,1,0,1,5
UR,1985,2,0,1,0,0,0,1,4
VD,1985,0,1,0,1,3,0,0,5
VS,1985,0,0,2,0,0,0,0,2
ZG,1985,1,0,0,0,0,0,0,1
ZH,1985,1,0,1,0,0,0,0,2
FR,1986,1,0,2,1,1,0,3,8
GE,1986,5,2,2,4,2,0,0,15
GL,1986,1,0,0,0,0,0,0,1
JU,1986,1,0,0,0,1,0,0,2
LU,1986,0,0,0,0,0,0,1,1
NE,1986,0,1,0,1,0,0,0,2
SO,1986,0,0,0,0,0,0,1,1
TI,1986,0,0,0,2,2,0,0,4
UR,1986,1,1,0,1,1,0,0,4
VD,1986,1,3,1,0,1,0,2,8
VS,1986,1,1,0,0,0,0,0,2
ZH,1986,1,0,1,0,0,0,0,2
AG,1987,0,1,0,0,0,0,0,1
AR,1987,0,1,0,0,0,0,0,1
FR,1987,0,0,1,1,0,0,1,3
GE,1987,2,3,1,1,0,0,0,7
LU,1987,0,0,1,0,0,0,0,1
NE,1987,0,0,1,1,0,0,0,2
SG,1987,3,0,0,0,0,0,0,3
SH,1987,1,0,0,0,0,0,0,1
SZ,1987,0,0,0,0,0,1,0,1
TG,1987,0,0,1,0,0,0,0,1
TI,1987,3,0,1,1,0,0,0,5
VD,1987,1,4,0,0,0,1,3,9
VS,1987,1,1,0,1,0,0,0,3
ZH,1987,1,0,0,0,0,0,0,1
BE,1988,1,0,0,0,0,0,0,1
BL,1988,1,0,0,0,0,1,0,2
BS,1988,0,0,1,0,0,0,0,1
FR,1988,2,0,1,0,0,0,0,3
GE,1988,5,2,1,3,2,0,2,15
GL,1988,0,0,1,0,0,0,0,1
JU,1988,0,0,0,0,1,0,0,1
NE,1988,1,1,1,0,0,0,0,3
NW,1988,2,0,0,0,0,1,0,3
SZ,1988,0,0,1,0,0,0,0,1
TG,1988,0,0,1,0,0,0,0,1
TI,1988,0,1,0,0,0,0,1,2
UR,1988,1,1,0,1,0,0,1,4
VD,1988,0,2,0,1,2,2,1,8
VS,1988,0,0,2,0,0,1,0,3
ZH,1988,0,0,3,0,0,0,0,3
BS,1989,1,0,1,0,0,0,0,2
FR,1989,0,0,2,0,0,0,0,2
GE,1989,2,1,2,3,1,0,2,11
GL,1989,3,0,0,0,0,0,0,3
GR,1989,0,0,1,0,0,0,0,1
JU,1989,1,0,0,0,0,0,0,1
LU,1989,0,0,1,0,0,0,0,1
NE,1989,0,1,1,1,0,0,0,3
NW,1989,0,1,0,0,0,0,0,1
SO,1989,1,0,2,0,0,0,0,3
SZ,1989,0,0,1,0,0,0,0,1
TG,1989,0,1,0,0,0,0,0,1
TI,1989,1,0,2,0,0,0,0,3
UR,1989,0,2,0,0,0,0,1,3
VD,1989,0,0,1,3,1,0,1,6
VS,1989,0,1,1,0,0,0,0,2
ZG,1989,1,0,1,0,0,0,0,2
ZH,1989,0,0,3,0,0,0,0,3
BL,1990,0,1,0,0,0,1,0,2
BS,1990,0,0,1,0,0,0,0,1
FR,1990,2,1,1,0,0,0,0,4
GE,1990,1,1,1,1,4,1,1,10
GL,1990,1,0,0,0,0,0,0,1
JU,1990,1,0,1,0,0,0,0,2
NE,1990,0,2,0,0,0,0,0,2
SG,1990,0,0,1,0,0,0,0,1
SO,1990,0,0,1,0,0,0,0,1
SZ,1990,0,0,1,0,0,0,0,1
TI,1990,1,0,2,0,0,0,1,4
UR,1990,1,0,0,0,0,0,1,2
VD,1990,0,2,0,1,2,0,0,5
VS,1990,1,1,0,5,0,0,0,7
ZH,1990,0,0,0,1,0,0,0,1
BS,1991,0,0,2,0,0,0,0,2
FR,1991,3,1,3,0,0,1,0,8
GE,1991,6,0,2,0,0,0,1,9
GL,1991,1,0,0,0,0,0,1,2
GR,1991,0,1,0,0,0,0,0,1
NE,1991,0,0,1,0,1,1,0,3
SG,1991,0,0,1,0,0,0,0,1
SO,1991,1,0,0,0,0,0,0,1
SZ,1991,0,0,2,0,0,1,0,3
TG,1991,1,0,0,0,0,0,0,1
TI,1991,0,0,0,1,0,0,1,2
UR,1991,0,0,1,0,0,0,0,1
VD,1991,0,1,0,1,1,2,1,6
VS,1991,1,0,0,1,1,0,1,4
ZG,1991,1,0,1,0,0,0,0,2
ZH,1991,0,0,2,0,0,0,0,2
BL,1992,1,0,0,0,0,0,0,1
BS,1992,0,0,1,0,0,0,0,1
FR,1992,2,1,2,2,1,1,0,9
GE,1992,4,1,2,1,1,1,0,10
LU,1992,0,0,1,0,0,0,0,1
NE,1992,0,0,0,0,1,0,0,1
NW,1992,1,0,0,0,0,0,0,1
SG,1992,0,0,1,0,0,0,0,1
TI,1992,2,4,4,2,0,0,0,12
UR,1992,0,0,0,1,2,0,1,4
VD,1992,2,3,3,0,1,0,2,11
VS,1992,1,1,1,0,1,0,1,5
ZG,1992,0,0,1,0,0,0,0,1
ZH,1992,0,0,1,0,0,0,0,1
AR,1993,0,1,0,0,0,0,0,1
BE,1993,2,0,0,0,0,0,0,2
BS,1993,2,1,1,0,0,0,0,4
FR,1993,0,0,5,1,1,0,1,8
GE,1993,3,1,6,3,3,2,1,19
GR,1993,0,1,0,0,0,0,0,1
LU,1993,0,0,2,0,0,2,0,4
NE,1993,0,0,0,0,0,2,2,4
NW,1993,1,0,2,0,2,2,0,7
SG,1993,1,0,0,0,0,0,0,1
SO,1993,0,1,1,0,0,0,0,2
TI,1993,1,0,1,2,0,2,0,6
UR,1993,0,0,0,1,0,0,0,1
VD,1993,0,2,0,3,4,1,2,12
VS,1993,1,1,0,0,0,0,0,2
ZG,1993,0,0,1,0,0,0,0,1
AG,1994,0,0,0,4,0,0,0,4
AI,1994,0,0,0,0,0,0,1,1
BE,1994,1,0,0,0,0,0,0,1
BS,1994,0,1,0,0,0,0,0,1
FR,1994,0,0,2,1,0,1,0,4
GE,1994,0,3,1,3,4,1,1,13
GL,1994,1,0,0,0,0,0,0,1
GR,1994,0,3,0,0,0,0,0,3
JU,1994,1,1,2,0,0,0,0,4
NE,1994,0,2,1,0,0,0,0,3
SG,1994,1,0,0,0,0,0,0,1
SH,1994,1,0,0,0,0,0,0,1
SO,1994,0,0,1,0,0,0,0,1
SZ,1994,0,0,2,0,0,0,0,2
TI,1994,5,3,2,0,2,3,2,17
UR,1994,2,1,0,0,0,0,0,3
VD,1994,0,0,2,2,0,1,1,6
VS,1994,1,1,0,0,1,0,0,3
AG,1995,0,0,0,1,0,0,0,1
BE,1995,10,1,0,0,0,0,1,12
BL,1995,0,1,0,0,0,0,0,1
BS,1995,1,1,0,0,0,0,0,2
FR,1995,0,2,3,0,0,0,1,6
GE,1995,0,1,1,2,1,0,0,5
GL,1995,2,0,0,0,0,0,0,2
GR,1995,0,0,0,1,0,0,0,1
LU,1995,2,0,0,0,0,0,3,5
NE,1995,4,5,8,1,1,0,0,19
SG,1995,0,0,1,0,0,0,0,1
SH,1995,0,0,1,0,0,0,0,1
TG,1995,1,0,0,0,1,1,0,3
TI,1995,2,2,1,2,0,0,0,7
UR,1995,1,1,1,0,0,3,1,7
VD,1995,1,2,2,2,3,0,0,10
VS,1995,2,0,0,0,0,0,1,3
ZH,1995,0,0,2,0,1,0,0,3
AG,1996,0,0,0,0,0,2,0,2
BE,1996,8,0,1,0,1,0,0,10
BS,1996,0,0,2,1,0,0,0,3
FR,1996,0,0,2,1,1,1,0,5
GE,1996,5,2,1,0,1,2,0,11
GL,1996,0,0,1,0,0,0,0,1
GR,1996,0,1,0,0,0,0,0,1
JU,1996,0,1,2,0,0,0,0,3
LU,1996,1,1,0,0,0,0,0,2
NE,1996,2,2,4,1,1,1,1,12
NW,1996,1,0,2,0,0,0,1,4
SO,1996,0,0,3,0,0,0,0,3
SZ,1996,0,0,1,0,0,0,0,1
TG,1996,0,0,0,0,1,0,0,1
TI,1996,2,1,4,1,1,1,2,12
UR,1996,1,0,0,2,0,0,0,3
VD,1996,5,3,1,0,4,0,1,14
VS,1996,2,4,1,2,1,0,0,10
ZG,1996,0,0,2,0,0,0,0,2
AG,1997,0,1,4,0,0,0,0,5
BL,1997,1,0,0,0,0,0,0,1
BS,1997,0,0,0,0,1,0,0,1
FR,1997,2,0,3,0,2,0,0,7
GE,1997,3,5,3,2,1,0,5,19
GL,1997,2,0,0,0,0,0,0,2
GR,1997,1,0,0,0,0,0,0,1
LU,1997,2,0,1,0,0,0,0,3
NE,1997,1,4,2,1,4,1,0,13
NW,1997,0,0,2,1,0,0,0,3
SG,1997,1,0,0,0,0,0,0,1
SO,1997,0,2,3,0,0,0,0,5
SZ,1997,0,0,3,0,0,1,0,4
TI,1997,2,3,4,1,0,0,5,15
UR,1997,1,0,0,1,0,1,0,3
VD,1997,2,2,2,3,3,0,5,17
VS,1997,4,3,0,0,0,1,0,8
ZG,1997,2,0,2,0,0,0,0,4
ZH,1997,0,0,2,0,0,0,0,2
AG,1998,1,0,0,0,0,0,0,1
BL,1998,0,0,1,0,0,0,0,1
FR,1998,0,2,2,1,1,0,1,7
GE,1998,2,6,5,1,0,0,1,15
GR,1998,0,2,1,0,1,0,0,4
LU,1998,0,1,1,0,0,0,0,2
NE,1998,4,1,0,0,2,0,0,7
NW,1998,1,0,1,0,0,0,0,2
SG,1998,0,0,3,0,0,0,0,3
SO,1998,1,0,1,0,0,0,0,2
SZ,1998,0,0,1,0,0,0,0,1
TI,1998,2,6,4,0,6,0,2,20
UR,1998,1,2,1,1,1,1,0,7
VD,1998,0,1,1,2,4,2,0,10
VS,1998,2,1,0,0,4,0,1,8
ZG,1998,0,0,1,0,0,0,0,1
ZH,1998,1,0,8,0,0,0,0,9
AG,1999,0,2,0,0,0,0,0,2
BE,1999,0,0,2,0,0,0,0,2
BL,1999,0,0,0,0,0,1,0,1
BS,1999,0,1,0,0,0,0,0,1
FR,1999,2,3,1,1,1,1,1,10
GE,1999,4,4,1,5,0,1,5,20
GL,1999,0,1,0,0,0,1,0,2
JU,1999,0,0,2,0,0,0,0,2
LU,1999,2,1,3,0,0,0,1,7
NE,1999,4,5,4,2,1,1,1,18
SG,1999,0,0,1,0,0,0,0,1
SH,1999,1,0,0,0,0,0,0,1
SO,1999,0,0,3,0,0,0,0,3
TG,1999,1,0,0,0,1,0,0,2
TI,1999,1,3,4,2,0,0,0,10
UR,1999,2,0,1,1,0,0,1,5
VD,1999,6,3,1,0,0,2,2,14
VS,1999,3,1,2,2,0,0,0,8
ZG,1999,1,0,0,0,0,0,0,1
ZH,1999,1,0,2,0,0,0,0,3
AG,2000,0,0,0,0,0,1,0,1
AR,2000,0,0,0,0,1,0,0,1
BS,2000,0,2,0,0,0,0,0,2
FR,2000,0,1,1,0,1,1,0,4
GE,2000,3,3,4,2,1,2,0,15
GL,2000,0,0,1,0,0,0,0,1
GR,2000,0,0,0,0,1,0,0,1
JU,2000,2,0,2,0,1,0,0,5
LU,2000,0,1,2,0,0,0,0,3
NE,2000,0,5,2,0,0,0,1,8
SO,2000,1,0,0,0,0,0,0,1
SZ,2000,0,0,2,0,0,0,0,2
TI,2000,4,1,3,2,2,0,2,14
UR,2000,1,1,2,2,0,0,0,6
VD,2000,3,2,5,0,1,4,0,15
VS,2000,1,3,1,0,0,1,0,6
ZG,2000,1,0,0,2,0,1,0,4
ZH,2000,0,0,5,0,0,0,0,5
BE,2001,0,0,5,0,0,0,0,5
BS,2001,0,0,1,0,0,0,0,1
FR,2001,4,1,3,1,2,0,0,11
GE,2001,7,8,3,4,1,6,1,30
GL,2001,0,2,2,0,0,0,0,4
GR,2001,0,0,0,0,0,0,1,1
JU,2001,1,0,0,0,0,0,0,1
LU,2001,1,0,4,0,0,0,0,5
NE,2001,1,0,2,0,0,2,4,9
NW,2001,0,0,1,0,0,0,0,1
SZ,2001,1,0,0,0,0,0,0,1
TI,2001,2,0,4,3,1,0,3,13
UR,2001,2,2,2,0,1,1,0,8
VD,2001,4,2,2,1,0,4,1,14
VS,2001,3,3,3,0,0,0,0,9
ZG,2001,1,0,4,0,2,0,0,7
ZH,2001,0,0,3,0,0,0,0,3
AG,2002,0,2,0,0,0,1,0,3
AI,2002,1,0,0,0,0,0,0,1
BL,2002,2,0,2,0,0,0,0,4
BS,2002,1,0,2,0,0,0,0,3
FR,2002,1,0,1,0,1,0,0,3
GE,2002,2,4,3,3,3,2,1,18
GL,2002,0,0,1,0,0,0,0,1
LU,2002,0,2,3,0,0,0,0,5
NE,2002,3,0,27,1,0,0,0,31
OW,2002,1,0,0,0,0,0,0,1
SH,2002,0,0,0,0,0,1,0,1
SO,2002,0,0,1,0,0,0,0,1
SZ,2002,0,0,2,0,0,0,0,2
TI,2002,4,4,3,0,2,0,0,13
UR,2002,4,1,2,0,1,0,2,10
VD,2002,13,3,8,0,1,3,0,28
VS,2002,2,0,10,1,1,0,0,14
ZG,2002,1,0,2,0,0,0,0,3
ZH,2002,0,1,2,0,0,0,0,3
AI,2003,0,0,0,0,0,0,1,1
BE,2003,1,0,0,0,0,0,0,1
BL,2003,0,0,1,0,0,0,0,1
BS,2003,3,0,0,0,0,0,0,3
FR,2003,0,0,3,0,1,0,0,4
GE,2003,3,3,2,4,1,0,3,16
GL,2003,1,0,2,0,0,0,1,4
GR,2003,0,0,1,0,2,0,0,3
JU,2003,0,0,2,0,0,0,1,3
LU,2003,0,1,3,0,0,0,0,4
NE,2003,7,1,5,0,1,1,0,15
OW,2003,0,0,1,0,0,0,0,1
SO,2003,2,1,1,0,0,0,0,4
SZ,2003,0,1,0,0,0,0,0,1
TG,2003,0,6,5,0,0,0,0,11
TI,2003,5,3,1,2,3,0,0,14
UR,2003,2,0,1,1,1,0,1,6
VD,2003,3,5,6,0,3,6,4,27
VS,2003,0,0,2,3,0,0,0,5
ZG,2003,1,0,2,0,0,0,0,3
ZH,2003,2,0,1,0,0,0,0,3
AG,2004,0,0,1,0,0,0,0,1
BE,2004,2,0,0,0,0,0,0,2
BL,2004,1,0,0,0,0,0,0,1
BS,2004,1,0,1,0,0,0,0,2
FR,2004,1,2,3,0,1,0,0,7
GE,2004,6,3,2,1,1,3,2,18
JU,2004,3,0,2,0,0,0,1,6
LU,2004,1,0,1,0,0,0,1,3
NE,2004,2,7,2,1,0,0,3,15
NW,2004,1,0,0,0,0,0,0,1
SZ,2004,0,0,1,0,0,0,0,1
TG,2004,1,0,1,0,0,0,0,2
TI,2004,3,2,1,1,3,1,2,13
UR,2004,0,1,2,0,0,0,1,4
VD,2004,6,8,4,0,3,0,1,22
VS,2004,0,2,2,1,1,1,0,7
ZG,2004,0,1,0,0,0,0,0,1
ZH,2004,1,0,1,0,0,1,0,3
AG,2005,0,0,0,0,0,1,0,1
BE,2005,0,0,10,0,0,0,0,10
BL,2005,0,0,4,0,0,0,0,4
BS,2005,1,0,0,0,0,0,0,1
FR,2005,2,0,1,0,0,0,1,4
GE,2005,7,6,5,0,1,4,1,24
GR,2005,1,0,0,0,1,0,0,2
JU,2005,0,0,2,0,0,0,0,2
LU,2005,0,3,8,0,0,0,1,12
NE,2005,6,2,10,1,1,1,1,22
NW,2005,0,1,1,0,0,0,0,2
SH,2005,1,0,0,0,0,0,0,1
SO,2005,2,0,2,0,0,0,0,4
TG,2005,4,1,0,0,0,0,0,5
TI,2005,0,4,0,4,1,1,1,11
UR,2005,2,2,0,0,1,1,1,7
VD,2005,5,4,2,3,2,6,1,23
VS,2005,3,1,2,0,0,0,0,6
ZG,2005,2,0,0,2,0,0,0,4
ZH,2005,2,1,6,0,0,0,0,9
AI,2006,1,0,0,0,0,0,0,1
BE,2006,0,0,2,0,0,0,0,2
BL,2006,0,0,1,0,0,0,0,1
FR,2006,0,1,2,0,1,0,0,4
GE,2006,3,10,1,2,0,3,1,20
GL,2006,0,1,0,0,0,0,0,1
JU,2006,1,0,0,0,0,0,0,1
LU,2006,0,0,1,0,0,0,0,1
NE,2006,7,2,6,3,3,3,0,24
SG,2006,0,0,1,0,0,0,0,1
SH,2006,2,0,0,0,0,0,0,2
SO,2006,7,0,2,0,0,0,0,9
TG,2006,0,0,1,0,0,0,0,1
TI,2006,0,0,1,1,0,1,1,4
UR,2006,2,0,1,0,0,0,0,3
VD,2006,5,2,6,7,1,0,0,21
VS,2006,1,2,4,2,0,0,0,9
ZG,2006,0,1,1,1,0,0,0,3
ZH,2006,2,0,2,0,0,0,0,4
AG,2007,0,1,0,0,0,2,0,3
AR,2007,2,0,0,0,0,0,0,2
BE,2007,1,0,1,0,1,0,0,3
BL,2007,1,0,3,0,0,0,0,4
BS,2007,1,0,0,1,1,0,0,3
FR,2007,1,0,2,0,2,0,0,5
GE,2007,3,7,1,3,0,0,1,15
JU,2007,1,0,0,0,0,0,0,1
LU,2007,0,2,2,0,0,0,0,4
NE,2007,0,1,5,2,0,0,1,9
NW,2007,1,0,0,0,0,0,0,1
OW,2007,0,2,0,0,0,0,0,2
SG,2007,0,0,2,0,0,0,0,2
SO,2007,0,1,1,0,0,0,0,2
TG,2007,0,0,1,0,0,0,0,1
TI,2007,1,3,0,3,0,0,2,9
UR,2007,1,1,3,3,2,1,0,11
VD,2007,6,1,2,1,0,2,2,14
VS,2007,1,1,2,0,0,0,0,4
ZG,2007,0,0,0,0,2,0,0,2
ZH,2007,0,1,3,0,0,0,0,4
AG,2008,0,0,0,0,0,2,0,2
BE,2008,0,0,1,0,0,0,0,1
FR,2008,2,0,2,0,1,0,0,5
GE,2008,4,3,2,1,0,2,2,14
GL,2008,2,1,0,0,0,0,0,3
LU,2008,0,5,2,0,0,0,0,7
NE,2008,1,1,1,0,0,0,0,3
SG,2008,0,1,4,0,0,0,0,5
SZ,2008,0,0,1,0,0,0,0,1
TI,2008,3,2,1,1,1,0,2,10
UR,2008,0,2,4,0,0,0,0,6
VD,2008,5,2,2,0,2,0,2,13
VS,2008,0,1,1,1,0,1,0,4
ZH,2008,0,0,4,0,0,0,0,4
AG,2009,0,1,7,5,0,0,0,13
BE,2009,1,0,0,0,0,0,0,1
FR,2009,0,2,1,0,1,0,0,4
GE,2009,5,4,2,1,2,4,0,18
GR,2009,0,0,0,0,1,0,0,1
JU,2009,0,0,0,0,1,0,0,1
NE,2009,2,1,3,0,2,0,0,8
NW,2009,0,0,1,0,0,0,0,1
SG,2009,0,0,1,0,0,0,0,1
SO,2009,0,2,0,0,0,0,0,2
TI,2009,3,0,5,1,0,0,0,9
UR,2009,3,0,1,0,3,0,1,8
VD,2009,1,4,1,0,1,1,2,10
VS,2009,0,0,2,0,0,0,0,2
ZG,2009,0,2,0,0,1,0,0,3
ZH,2009,2,1,5,0,0,0,0,8
AI,2010,0,1,0,0,0,0,0,1
AR,2010,0,0,1,0,0,0,0,1
BE,2010,23,0,3,0,1,0,0,27
BL,2010,0,0,1,0,0,0,0,1
BS,2010,0,0,0,1,0,0,0,1
FR,2010,0,1,1,0,1,0,0,3
GE,2010,7,4,2,0,1,6,0,20
LU,2010,1,0,2,0,0,0,0,3
NE,2010,4,1,0,0,0,0,0,5
OW,2010,5,0,0,0,0,1,0,6
SG,2010,0,1,1,0,0,0,0,2
SO,2010,0,0,1,0,0,0,0,1
TG,2010,0,0,1,0,0,0,0,1
TI,2010,2,0,2,1,1,0,3,9
UR,2010,2,2,0,0,0,0,0,4
VD,2010,5,2,1,1,2,0,1,12
VS,2010,3,1,3,0,1,0,0,8
ZG,2010,2,0,1,0,1,0,0,4
ZH,2010,0,2,1,0,0,0,0,3
AG,2011,0,0,0,0,0,0,2,2
BE,2011,1,0,1,0,0,0,1,3
BS,2011,1,0,0,0,0,0,0,1
FR,2011,2,1,4,0,0,0,0,7
GE,2011,3,0,1,0,0,0,5,9
GL,2011,2,0,0,0,0,0,0,2
JU,2011,1,0,0,0,0,0,0,1
LU,2011,0,0,1,0,0,0,0,1
NE,2011,0,1,4,0,0,0,1,6
SG,2011,0,0,1,0,0,0,0,1
SO,2011,0,2,1,0,0,0,0,3
TG,2011,0,0,3,0,0,0,0,3
TI,2011,4,0,1,2,1,0,0,8
UR,2011,2,1,0,3,0,0,0,6
VD,2011,2,1,5,0,0,2,1,11
VS,2011,1,0,3,0,0,0,0,4
ZG,2011,0,1,0,0,0,0,0,1
ZH,2011,1,0,4,0,0,0,0,5
AG,2012,6,0,1,0,0,0,0,7
BE,2012,0,0,1,0,0,0,0,1
FR,2012,0,0,0,1,0,0,0,1
GE,2012,0,8,0,0,0,1,1,10
LU,2012,0,0,3,1,0,0,0,4
NE,2012,2,0,1,0,0,0,1,4
NW,2012,1,0,0,0,0,0,0,1
SG,2012,1,0,3,0,0,0,0,4
SO,2012,0,0,1,0,0,0,0,1
SZ,2012,0,0,1,0,0,0,0,1
TG,2012,0,0,1,0,0,0,0,1
TI,2012,5,1,3,0,2,0,0,11
UR,2012,0,0,1,0,1,0,1,3
VD,2012,0,0,0,0,0,0,1,1
VS,2012,2,1,2,0,1,0,0,6
ZG,2012,0,0,0,1,1,0,0,2
ZH,2012,0,0,1,0,0,0,1,2
AG,2013,1,1,0,0,0,0,1,3
BL,2013,0,0,1,0,0,0,0,1
FR,2013,0,0,0,1,0,0,0,1
GE,2013,6,2,1,2,1,3,0,15
GL,2013,2,0,0,0,0,0,0,2
GR,2013,1,0,0,0,0,1,0,2
LU,2013,0,0,5,0,0,0,0,5
NE,2013,4,3,1,0,0,0,0,8
SG,2013,0,0,2,0,0,0,0,2
SO,2013,0,0,3,0,0,0,0,3
SZ,2013,0,0,1,0,0,0,0,1
TI,2013,0,1,0,1,1,1,1,5
UR,2013,0,0,0,1,0,0,2,3
VD,2013,2,1,1,0,0,0,0,4
VS,2013,0,0,1,0,0,0,0,1
ZG,2013,0,0,1,0,0,0,0,1
ZH,2013,0,0,1,0,0,1,3,5
AG,2014,2,0,0,0,0,0,0,2
BE,2014,2,0,1,0,0,0,0,3
BL,2014,1,0,0,0,0,0,0,1
FR,2014,0,1,0,1,0,0,0,2
GE,2014,11,6,1,0,0,2,3,23
LU,2014,0,0,4,0,0,0,0,4
NE,2014,1,1,1,0,1,0,0,4
SG,2014,0,0,4,0,0,0,0,4
SO,2014,0,0,1,0,0,0,0,1
TI,2014,1,0,6,2,0,0,2,11
UR,2014,0,1,0,1,0,1,0,3
VD,2014,0,0,7,0,0,0,2,9
VS,2014,0,1,0,0,0,0,0,1
ZG,2014,0,0,0,0,1,1,0,2
ZH,2014,0,0,0,0,0,1,0,1
AG,2015,0,0,0,0,0,1,0,1
BE,2015,1,0,2,0,0,0,1,4
FR,2015,0,0,2,0,0,0,0,2
GE,2015,1,1,2,0,1,1,0,6
LU,2015,1,0,1,0,0,0,0,2
NE,2015,1,1,3,1,0,0,0,6
UR,2015,0,0,1,2,0,0,0,3
VD,2015,1,0,2,0,0,1,0,4
VS,2015,1,0,2,0,0,1,0,4
ZG,2015,0,0,0,0,0,0,1,1
ZH,2015,0,0,1,0,0,0,0,1
AG,2016,1,0,1,0,0,0,0,2
BS,2016,6,0,0,0,0,0,0,6
FR,2016,0,0,1,0,0,0,0,1
GE,2016,5,0,9,0,1,0,1,16
GL,2016,1,0,0,0,0,0,0,1
LU,2016,0,0,5,0,0,0,0,5
NE,2016,0,0,3,0,0,0,0,3
TI,2016,0,1,0,1,1,0,1,4
VD,2016,1,1,0,2,1,0,0,5
VS,2016,0,3,2,0,0,0,0,5
ZG,2016,4,0,1,0,0,0,0,5
ZH,2016,1,0,0,0,0,1,0,2
AG,2017,1,1,0,0,0,1,0,3
AI,2017,2,0,0,0,0,0,0,2
BS,2017,4,0,0,0,0,0,0,4
FR,2017,1,0,1,0,0,0,0,2
GE,2017,7,0,3,0,1,2,2,15
JU,2017,0,0,1,0,0,0,0,1
LU,2017,0,0,1,0,0,0,0,1
NE,2017,1,1,1,1,0,0,1,5
SG,2017,0,1,0,0,0,0,0,1
SH,2017,1,0,0,0,0,0,0,1
SO,2017,0,0,3,0,0,0,0,3
TI,2017,8,0,0,2,0,0,0,10
UR,2017,0,1,0,0,0,0,0,1
VD,2017,1,0,1,0,0,0,1,3
VS,2017,1,0,2,1,1,0,0,5
ZG,2017,0,0,2,0,0,0,0,2
ZH,2017,2,1,0,0,0,0,0,3
BE,2018,0,0,1,0,0,0,0,1
BL,2018,7,0,0,0,0,0,0,7
BS,2018,2,0,0,0,0,0,0,2
FR,2018,1,1,0,0,0,0,0,2
GE,2018,4,0,1,1,1,3,0,10
LU,2018,0,4,1,0,0,0,0,5
NE,2018,1,0,0,2,0,0,0,3
NW,2018,6,0,0,0,0,0,0,6
SZ,2018,0,0,1,0,0,0,0,1
TI,2018,1,1,0,0,0,1,0,3
UR,2018,0,1,0,1,0,0,0,2
VD,2018,3,1,2,1,2,1,1,11
VS,2018,0,0,2,0,0,0,0,2
ZG,2018,0,0,1,0,0,0,0,1
ZH,2018,0,0,1,0,0,0,0,1
BL,2019,3,0,0,0,0,0,0,3
BS,2019,1,0,0,0,0,0,0,1
FR,2019,1,0,2,2,0,0,0,5
GE,2019,3,1,0,0,0,0,0,4
LU,2019,0,3,1,0,0,0,0,4
NE,2019,1,1,1,0,0,0,0,3
SG,2019,0,0,1,0,0,0,0,1
TI,2019,0,0,0,0,2,0,1,3
UR,2019,4,2,0,0,0,0,0,6
VD,2019,0,0,1,2,1,0,0,4
VS,2019,2,0,2,2,0,0,0,6
ZG,2019,0,0,1,0,0,0,0,1
ZH,2019,1,0,0,0,0,0,0,1
BL,2020,0,0,0,1,0,0,0,1
BS,2020,1,0,0,0,0,0,0,1
FR,2020,0,1,2,0,0,0,0,3
GE,2020,1,6,3,0,1,1,0,12
LU,2020,0,0,2,0,0,0,0,2
NE,2020,0,0,0,1,0,0,0,1
OW,2020,0,1,0,0,0,0,0,1
TI,2020,1,1,0,0,0,1,0,3
UR,2020,2,3,1,1,0,1,0,8
VD,2020,2,1,0,0,0,0,0,3
VS,2020,2,0,3,0,0,0,0,5
ZG,2020,0,4,1,0,0,0,0,5
ZH,2020,2,1,0,0,0,0,0,3
AG,2021,0,0,0,0,0,1,0,1
AI,2021,0,1,0,0,0,0,1,2
BL,2021,1,0,1,0,0,0,0,2
BS,2021,1,0,1,0,1,0,0,3
FR,2021,1,0,0,0,0,0,0,1
GE,2021,0,5,2,1,1,1,1,11
JU,2021,0,0,0,0,2,0,0,2
LU,2021,0,0,7,0,0,0,0,7
NE,2021,1,0,1,0,1,0,0,3
TI,2021,2,1,0,0,0,0,1,4
UR,2021,1,0,0,0,1,1,0,3
VD,2021,1,0,2,0,2,1,0,6
VS,2021,1,0,1,1,0,0,0,3
ZG,2021,0,0,0,0,1,0,0,1
ZH,2021,4,0,0,0,0,0,0,4
BE,2022,2,0,0,0,0,0,0,2
BL,2022,1,0,1,0,0,1,0,3
BS,2022,0,0,0,0,1,0,0,1
FR,2022,0,1,1,0,0,0,0,2
GE,2022,1,3,1,0,0,0,0,5
GL,2022,2,0,0,0,0,0,1,3
JU,2022,1,0,0,0,0,0,0,1
LU,2022,0,1,3,0,0,0,0,4
NE,2022,0,0,0,1,1,0,0,2
TI,2022,0,1,1,0,0,0,0,2
UR,2022,2,1,0,0,0,0,1,4
VD,2022,0,0,4,0,0,0,1,5
VS,2022,0,0,0,1,0,0,1,2
ZG,2022,1,0,0,0,0,0,0,1
AG,2023,0,0,1,0,0,0,0,1
BS,2023,0,1,0,1,0,0,0,2
GE,2023,1,2,0,0,1,0,1,5
LU,2023,0,1,9,0,0,0,0,10
NE,2023,0,0,1,0,1,0,0,2
OW,2023,0,0,0,0,0,0,1,1
SG,2023,0,0,1,0,0,0,0,1
TI,2023,3,2,0,2,1,0,0,8
UR,2023,0,0,1,0,0,0,0,1
VD,2023,5,0,1,0,0,0,0,6
VS,2023,0,0,1,0,0,1,0,2
ZG,2023,1,0,0,1,0,0,0,2
ZH,2023,0,0,1,0,2,0,0,3
BE,2024,1,0,0,0,0,0,0,1
BS,2024,1,0,0,0,0,0,0,1
GE,2024,1,1,0,2,0,2,1,7
GL,2024,0,0,0,0,0,1,0,1
GR,2024,2,0,0,0,0,0,0,2
LU,2024,0,0,9,0,0,0,0,9
NE,2024,0,0,1,0,0,0,0,1
SG,2024,0,0,2,0,0,0,0,2
TI,2024,2,0,1,0,0,1,0,4
UR,2024,0,1,0,3,0,0,1,5
VD,2024,2,0,0,0,1,0,0,3
VS,2024,1,0,2,0,1,0,0,4
ZG,2024,0,1,0,0,0,0,0,1
BS,2025,1,1,0,0,0,0,0,2
FR,2025,0,1,0,0,0,0,0,1
GE,2025,1,3,0,0,1,1,2,8
GR,2025,11,0,0,0,0,0,0,11
LU,2025,0,0,4,0,0,0,0,4
NE,2025,1,1,0,0,0,0,0,2
SO,2025,2,0,0,0,0,0,1,3
SZ,2025,0,0,1,0,0,0,0,1
TG,2025,0,0,1,0,0,0,0,1
TI,2025,2,0,0,1,0,0,0,3
UR,2025,0,1,0,2,0,0,1,4
VD,2025,2,1,0,0,0,0,0,3
VS,2025,1,0,0,1,0,0,0,2
ZG,2025,0,0,1,0,0,0,0,1
FR,2026,0,1,0,0,0,0,0,1
GE,2026,1,0,2,1,0,0,0,4
GL,2026,0,0,4,0,0,0,0,4
JU,2026,0,0,1,0,0,0,1,2
LU,2026,0,0,1,0,0,0,0,1
SZ,2026,1,0,0,0,0,0,0,1
TG,2026,0,0,0,0,0,0,1,1
TI,2026,1,2,0,1,0,0,0,4
UR,2026,0,0,4,0,0,0,0,4
VD,2026,0,1,0,1,0,0,0,2
VS,2026,1,0,0,0,0,0,0,1
