# Swiss Law Collection — cantonal acts of type 'Ordinance' by canton, year and legal domain
# year = enactment year; 'unknown' rows are undated laws
# source: Calculs propres basés sur la base de données de l'Institut pour le fédéralisme (LexFind); https://swiss-law-as-source.github.io
canton,year,etat,sante,educ,infra,eco,fin,autres,total
BS,1852,0,0,0,1,0,0,0,1
BE,1862,1,0,0,0,0,0,0,1
GL,1878,0,0,0,1,0,0,0,1
OW,1878,0,0,0,0,1,0,0,1
OW,1880,0,0,0,0,1,0,0,1
ZH,1880,0,0,0,1,0,0,0,1
AG,1885,1,0,0,0,0,0,0,1
GL,1888,0,1,0,0,0,0,0,1
NE,1889,1,0,0,0,0,0,0,1
GL,1892,0,0,0,0,0,0,1,1
SO,1893,0,1,0,0,0,0,0,1
NE,1894,0,1,0,0,0,0,0,1
BS,1895,0,0,0,1,0,0,0,1
AR,1896,0,0,1,0,0,0,0,1
ZH,1900,0,0,1,0,0,0,0,1
NW,1901,0,1,0,0,0,0,0,1
BE,1902,0,0,0,1,0,0,0,1
BL,1902,0,0,0,1,0,0,0,1
JU,1902,0,0,0,1,0,0,0,1
TG,1902,0,0,0,1,0,0,0,1
UR,1902,0,0,0,1,0,0,0,1
BE,1903,0,0,0,0,0,1,0,1
VD,1903,0,0,0,1,0,0,0,1
SO,1905,0,0,0,0,0,0,1,1
BE,1907,1,1,0,0,0,0,0,2
NE,1907,0,0,2,0,0,0,0,2
LU,1908,0,0,0,0,0,1,0,1
BL,1909,0,0,0,0,0,1,0,1
GL,1909,0,0,0,0,1,0,0,1
SO,1909,0,0,1,0,0,0,0,1
LU,1910,0,0,0,0,0,1,0,1
NE,1910,0,0,0,1,0,0,2,3
AG,1911,0,1,0,0,0,0,1,2
BE,1911,0,0,0,1,1,0,2,4
BS,1911,0,1,0,0,0,0,0,1
LU,1911,0,0,0,0,0,0,1,1
NE,1911,0,0,0,0,0,0,1,1
ZH,1911,0,0,0,0,1,0,2,3
BS,1912,0,1,0,0,0,0,0,1
SO,1912,1,0,0,0,0,1,0,2
ZG,1912,0,0,0,0,0,0,1,1
AG,1913,0,0,0,0,1,0,0,1
AR,1914,0,1,0,0,0,0,0,1
AG,1915,0,1,0,0,0,1,1,3
TI,1915,0,0,0,0,0,1,0,1
BL,1916,0,1,0,0,0,0,0,1
SH,1916,0,0,0,1,0,0,0,1
ZH,1916,0,0,0,0,0,0,1,1
AG,1917,0,0,0,1,0,0,0,1
AG,1918,0,0,0,0,1,1,0,2
BS,1918,1,0,0,1,0,0,0,2
GR,1918,0,0,0,0,0,0,1,1
TG,1918,0,2,0,0,0,0,0,2
AG,1919,1,0,0,0,0,1,0,2
VS,1919,0,0,0,0,0,0,1,1
AR,1920,0,0,0,0,0,0,1,1
LU,1920,1,0,0,0,0,0,0,1
NE,1920,2,0,0,1,0,0,0,3
VS,1920,0,0,0,0,0,0,1,1
GL,1922,1,0,0,0,0,0,0,1
BE,1923,0,0,0,1,0,0,0,1
BS,1923,0,0,0,0,1,0,0,1
JU,1923,0,0,0,1,1,0,0,2
LU,1923,0,1,0,1,0,0,0,2
TI,1923,0,0,1,0,0,0,0,1
BS,1924,1,0,0,0,0,0,0,1
AG,1925,0,1,0,0,0,0,0,1
AI,1925,0,1,0,0,0,0,0,1
AR,1925,0,1,0,0,0,0,0,1
BL,1925,0,2,0,0,0,0,0,2
GR,1925,0,1,0,0,0,0,0,1
LU,1925,0,1,0,0,0,0,0,1
SO,1925,0,0,0,1,0,0,0,1
UR,1925,0,1,0,0,0,0,0,1
ZG,1925,0,1,0,0,0,0,0,1
GL,1926,0,0,0,0,1,0,0,1
SH,1926,0,1,0,0,0,0,0,1
TI,1926,0,0,0,1,0,0,0,1
GL,1927,1,0,0,0,0,0,0,1
ZH,1927,1,1,0,0,0,0,0,2
TI,1928,1,0,0,0,0,0,0,1
BS,1929,0,1,0,0,1,0,1,3
VS,1929,0,0,0,0,0,0,1,1
AG,1930,0,1,0,0,0,0,0,1
BS,1930,0,0,2,0,0,0,0,2
JU,1930,0,0,0,1,0,0,0,1
AG,1931,0,0,0,1,0,0,0,1
BE,1931,1,0,0,1,0,0,0,2
BS,1931,0,2,0,0,1,0,0,3
NE,1931,0,1,0,1,0,0,0,2
TG,1931,1,0,0,0,0,0,0,1
ZH,1932,1,0,0,0,0,0,0,1
BS,1933,0,0,0,1,0,0,0,1
SG,1933,0,0,0,1,0,0,0,1
TI,1933,0,0,0,0,0,0,1,1
BE,1934,0,0,0,0,1,0,0,1
BS,1934,0,0,0,0,1,0,0,1
GL,1934,0,2,0,0,0,0,0,2
JU,1934,0,0,0,0,1,0,0,1
SH,1934,1,0,0,0,0,0,0,1
SZ,1934,0,1,0,1,0,0,0,2
ZH,1934,1,0,0,0,0,0,0,1
OW,1935,0,0,0,0,0,0,1,1
SO,1935,0,1,0,0,0,0,0,1
SZ,1935,0,0,0,0,1,0,0,1
TI,1935,0,0,0,0,1,0,0,1
BS,1936,1,0,0,0,0,0,0,1
SZ,1936,0,0,0,0,1,0,0,1
AG,1937,0,1,0,0,0,0,0,1
BL,1937,0,0,0,1,0,0,0,1
BS,1937,0,1,0,0,0,0,0,1
NW,1937,0,0,0,0,1,0,0,1
AG,1938,0,1,0,0,0,0,0,1
BL,1938,0,1,0,0,0,0,0,1
ZG,1938,0,1,0,0,0,0,0,1
BE,1939,1,0,0,0,0,0,0,1
SH,1939,1,0,0,0,0,0,0,1
SO,1939,0,0,0,0,0,1,0,1
BS,1940,0,1,0,0,0,0,0,1
SO,1940,0,0,0,0,0,0,1,1
ZG,1940,0,0,0,0,0,0,1,1
AR,1941,0,1,0,0,0,0,0,1
BS,1941,0,2,0,0,0,0,0,2
ZG,1941,0,0,0,0,0,0,1,1
AG,1942,0,1,0,0,0,0,0,1
BE,1942,1,0,0,0,0,0,1,2
LU,1942,0,0,1,0,0,0,0,1
UR,1942,0,0,0,0,0,0,1,1
ZH,1942,0,0,0,1,0,0,0,1
AG,1943,0,0,0,0,1,0,0,1
BE,1943,0,0,1,0,0,0,0,1
GL,1943,0,0,0,0,1,0,0,1
NE,1943,0,0,0,1,0,0,0,1
OW,1943,0,0,0,0,1,0,0,1
SG,1943,0,0,0,0,2,0,0,2
SO,1943,0,1,0,0,1,0,0,2
SZ,1943,1,0,0,0,0,0,0,1
ZG,1943,0,0,0,0,0,0,1,1
AG,1944,0,1,0,0,0,0,1,2
BS,1944,0,0,0,1,0,0,0,1
FR,1944,0,0,0,0,0,0,1,1
SH,1944,0,0,0,0,0,0,1,1
SZ,1944,0,0,0,0,1,0,0,1
BE,1945,1,0,0,0,0,0,0,1
BL,1945,0,0,0,0,0,1,0,1
BS,1945,0,1,0,0,0,0,0,1
NW,1945,0,0,0,0,1,0,0,1
SG,1945,0,1,0,0,0,0,0,1
SO,1945,0,0,0,1,0,0,0,1
TI,1945,0,0,0,0,0,0,1,1
AG,1946,0,1,0,0,0,0,1,2
GR,1946,0,0,1,0,0,0,0,1
LU,1946,0,0,0,0,1,0,0,1
NE,1946,1,0,0,0,0,0,0,1
TG,1946,0,0,1,0,0,0,0,1
ZH,1946,0,0,0,1,0,0,0,1
JU,1947,0,0,0,0,0,0,1,1
SO,1947,0,1,0,0,0,0,0,1
AR,1948,1,0,0,0,0,0,0,1
BE,1948,0,1,0,0,0,0,0,1
BL,1948,1,0,0,0,0,0,0,1
GL,1948,0,1,0,0,0,0,0,1
OW,1948,0,0,0,0,1,0,0,1
SG,1948,1,0,0,0,0,0,0,1
SO,1948,0,0,0,0,0,1,0,1
TG,1948,0,1,1,0,0,0,0,2
TI,1948,0,0,0,1,0,0,0,1
AI,1949,0,0,0,0,0,1,0,1
GL,1949,0,0,0,0,0,0,1,1
SH,1949,1,0,0,0,0,0,0,1
ZH,1949,1,0,0,0,0,0,0,1
AG,1950,0,1,0,0,0,0,0,1
BL,1950,1,0,0,0,0,0,0,1
BS,1950,1,0,0,0,0,0,0,1
GL,1950,0,0,0,1,0,0,0,1
GR,1950,0,1,0,0,0,0,0,1
SZ,1950,0,0,0,1,0,0,0,1
AG,1951,0,0,0,1,0,1,0,2
AR,1951,0,0,0,1,0,1,0,2
BE,1951,1,0,0,0,0,0,0,1
BL,1951,2,1,0,1,0,0,0,4
BS,1951,0,0,0,1,0,0,0,1
JU,1951,0,1,0,0,0,0,0,1
NE,1951,0,0,0,1,0,0,0,1
OW,1951,0,0,1,1,0,0,0,2
SG,1951,1,0,0,1,0,0,1,3
SH,1951,0,1,0,0,0,0,0,1
SO,1951,1,0,0,1,0,0,0,2
SZ,1951,0,0,0,1,0,0,0,1
TI,1951,1,0,0,0,0,0,0,1
UR,1951,0,0,0,1,0,0,0,1
VS,1951,0,0,0,1,0,0,0,1
ZG,1951,0,0,0,1,0,0,1,2
ZH,1951,0,0,0,1,0,0,0,1
AG,1952,0,1,0,0,0,0,0,1
AR,1952,0,0,0,1,0,0,0,1
BL,1952,1,0,0,0,0,0,0,1
BS,1952,0,1,0,0,0,0,0,1
OW,1952,1,0,0,0,0,0,0,1
SG,1952,0,3,0,1,0,0,1,5
TI,1952,0,0,0,0,0,0,1,1
ZH,1952,0,0,0,0,0,1,0,1
AG,1953,0,1,0,0,0,0,0,1
LU,1953,0,2,0,1,0,0,1,4
SO,1953,0,0,0,0,0,0,1,1
ZG,1953,0,1,0,0,0,0,0,1
ZH,1953,0,0,0,1,0,0,0,1
AG,1954,0,0,0,1,0,0,0,1
BE,1954,0,0,4,0,0,0,0,4
LU,1954,1,0,0,0,0,0,0,1
NE,1954,0,0,0,1,0,0,0,1
SO,1954,1,1,0,1,0,0,0,3
TI,1954,0,0,0,0,0,0,1,1
ZH,1954,0,0,0,2,0,0,0,2
SG,1955,0,0,0,1,0,0,0,1
SO,1955,1,0,0,1,0,0,0,2
VS,1955,0,1,0,0,0,0,0,1
ZH,1955,0,1,0,0,0,0,0,1
JU,1956,0,0,0,0,0,0,1,1
ZH,1956,0,0,0,1,0,0,0,1
AG,1957,0,0,0,0,1,0,0,1
BL,1957,1,0,0,0,0,0,0,1
BS,1957,0,0,1,0,0,0,0,1
GE,1957,0,0,0,1,0,0,0,1
LU,1957,0,0,0,0,0,0,1,1
SG,1957,0,0,0,0,0,0,1,1
ZH,1957,0,0,0,0,0,0,1,1
AG,1958,0,1,0,0,0,0,0,1
AI,1958,0,0,0,1,0,0,0,1
BS,1958,0,0,0,1,0,0,0,1
GL,1958,1,0,0,0,0,0,0,1
GR,1958,1,0,0,0,0,0,0,1
LU,1958,1,1,0,0,0,0,0,2
SO,1958,1,0,0,0,0,0,0,1
VS,1958,0,1,0,0,0,0,0,1
ZH,1958,0,1,0,0,0,0,1,2
AG,1959,0,1,0,0,0,0,0,1
AR,1959,0,0,0,1,0,0,0,1
BL,1959,0,1,0,1,0,0,0,2
GE,1959,0,0,0,1,0,0,0,1
JU,1959,1,0,0,0,0,0,0,1
LU,1959,0,1,0,0,0,0,0,1
SO,1959,1,0,0,0,0,0,1,2
SZ,1959,1,1,0,0,0,0,0,2
ZH,1959,0,0,0,0,1,0,0,1
AG,1960,0,0,0,1,0,0,0,1
AR,1960,0,0,0,1,0,0,0,1
BE,1960,0,0,0,1,0,0,0,1
BL,1960,0,0,0,4,0,0,0,4
BS,1960,0,1,0,0,0,0,0,1
JU,1960,0,0,0,2,0,0,0,2
OW,1960,0,1,0,0,0,0,0,1
SG,1960,0,0,0,1,0,0,0,1
SH,1960,1,0,0,0,0,0,0,1
SO,1960,0,0,0,0,0,0,1,1
ZH,1960,1,1,0,1,0,0,1,4
AG,1961,0,1,0,0,2,0,0,3
BE,1961,0,2,0,1,1,0,0,4
BL,1961,0,0,1,0,0,0,0,1
BS,1961,0,0,0,1,0,0,0,1
GR,1961,0,0,1,0,0,0,1,2
SG,1961,1,0,0,1,0,0,0,2
SH,1961,0,1,0,0,0,0,0,1
SO,1961,1,0,0,1,0,0,0,2
TG,1961,0,0,0,0,1,0,0,1
TI,1961,0,1,0,0,0,0,0,1
BS,1962,0,1,0,0,0,0,0,1
LU,1962,0,0,0,1,0,0,0,1
SH,1962,1,0,1,0,0,0,0,2
SO,1962,0,1,0,1,0,0,0,2
TI,1962,1,0,0,1,0,0,0,2
ZG,1962,0,0,0,0,1,0,0,1
ZH,1962,0,1,0,0,0,0,0,1
AG,1963,0,0,0,0,1,0,0,1
AR,1963,0,0,1,0,0,0,0,1
BL,1963,0,0,0,1,0,0,0,1
GL,1963,0,3,0,0,0,0,0,3
LU,1963,1,0,0,0,0,0,0,1
NE,1963,0,0,0,0,1,0,0,1
SG,1963,0,0,0,1,0,0,0,1
SO,1963,0,0,1,0,0,0,0,1
SZ,1963,1,0,0,0,0,1,0,2
ZH,1963,0,3,0,0,0,0,0,3
AG,1964,1,1,0,0,0,0,0,2
BE,1964,0,0,0,2,0,0,0,2
BS,1964,0,1,1,1,0,0,0,3
FR,1964,0,1,0,0,0,0,0,1
GL,1964,1,1,0,0,0,0,0,2
JU,1964,0,0,0,0,1,0,0,1
LU,1964,0,0,0,1,0,0,0,1
NE,1964,0,0,0,1,0,0,0,1
SG,1964,1,0,0,0,0,0,0,1
SO,1964,0,3,0,0,0,0,0,3
SZ,1964,0,0,0,0,0,1,0,1
TG,1964,0,0,0,1,0,0,0,1
ZG,1964,0,1,0,0,0,0,0,1
ZH,1964,1,1,0,1,0,0,0,3
BL,1965,0,0,0,2,0,0,0,2
LU,1965,0,1,0,0,0,0,0,1
NE,1965,0,0,0,2,0,0,0,2
OW,1965,1,0,0,0,0,0,0,1
SH,1965,0,0,1,0,0,0,0,1
SO,1965,0,0,0,1,0,0,0,1
TG,1965,0,0,0,1,0,0,0,1
ZG,1965,2,0,0,0,0,0,0,2
ZH,1965,0,0,1,1,0,0,0,2
AG,1966,1,1,1,1,0,1,0,5
BE,1966,0,0,0,1,1,0,0,2
BS,1966,0,0,1,0,0,1,0,2
FR,1966,0,0,0,17,0,0,0,17
GL,1966,0,2,0,0,0,0,0,2
GR,1966,1,0,0,0,0,0,0,1
LU,1966,0,1,0,0,0,0,0,1
SG,1966,1,0,0,1,0,1,0,3
SH,1966,0,0,0,0,0,1,0,1
TI,1966,0,0,0,1,0,0,0,1
UR,1966,0,0,0,0,1,0,0,1
ZG,1966,0,1,0,0,0,0,0,1
ZH,1966,1,0,0,1,0,0,0,2
AG,1967,0,0,0,0,0,1,0,1
BL,1967,0,0,0,0,0,1,0,1
BS,1967,0,1,0,1,0,0,0,2
FR,1967,1,0,0,0,0,0,0,1
GL,1967,0,0,0,0,0,1,0,1
LU,1967,0,0,0,1,0,0,0,1
NW,1967,0,1,0,0,0,0,0,1
SG,1967,0,2,0,0,0,0,0,2
SO,1967,1,0,0,2,0,2,0,5
SZ,1967,0,0,0,1,0,0,0,1
ZH,1967,0,0,0,3,0,1,0,4
AG,1968,1,1,0,0,0,0,0,2
BL,1968,0,1,1,2,0,0,0,4
BS,1968,0,1,0,0,0,0,1,2
LU,1968,0,0,0,1,0,0,2,3
NE,1968,0,0,0,1,0,1,0,2
SG,1968,1,0,0,0,0,0,0,1
SH,1968,0,0,1,0,0,1,0,2
SO,1968,0,0,0,1,0,0,0,1
TG,1968,0,0,0,0,0,1,0,1
ZH,1968,0,0,0,0,0,1,0,1
AG,1969,0,2,2,1,1,0,0,6
AR,1969,1,0,0,0,0,0,0,1
BE,1969,0,0,0,1,0,0,0,1
BL,1969,0,0,0,0,2,0,0,2
BS,1969,1,0,1,0,0,0,0,2
GR,1969,1,0,0,1,0,0,0,2
JU,1969,1,0,0,0,0,0,0,1
LU,1969,0,0,0,2,0,0,0,2
NE,1969,0,0,0,1,1,0,0,2
NW,1969,1,0,0,0,1,3,0,5
SG,1969,2,1,0,0,0,0,0,3
SO,1969,1,1,0,0,1,0,0,3
VS,1969,0,1,0,0,1,0,0,2
ZH,1969,0,1,0,3,0,0,0,4
AG,1970,1,0,0,0,0,0,0,1
AR,1970,0,0,0,0,0,0,1,1
BE,1970,0,0,0,1,0,0,0,1
BL,1970,1,0,0,0,0,0,0,1
BS,1970,0,0,0,1,0,0,0,1
GR,1970,1,2,0,0,0,0,0,3
LU,1970,0,1,0,3,0,0,0,4
NE,1970,0,0,0,0,0,1,0,1
SG,1970,4,0,0,1,1,0,0,6
SO,1970,1,0,1,0,0,0,1,3
SZ,1970,1,1,0,0,0,0,1,3
ZH,1970,2,0,0,2,0,0,0,4
AG,1971,0,2,0,0,0,0,0,2
AI,1971,2,0,0,0,0,0,0,2
AR,1971,0,1,0,0,0,0,0,1
BE,1971,0,1,0,0,0,0,0,1
BL,1971,0,0,0,1,0,0,0,1
BS,1971,1,1,2,0,1,0,0,5
FR,1971,0,0,0,0,1,0,0,1
GL,1971,0,0,1,0,0,0,0,1
GR,1971,1,1,2,0,0,0,0,4
LU,1971,0,1,0,1,0,0,0,2
SG,1971,1,0,1,1,0,1,0,4
SO,1971,2,2,2,0,0,0,0,6
TG,1971,0,1,0,0,0,0,0,1
TI,1971,0,0,0,1,0,0,0,1
ZH,1971,1,0,1,0,1,0,0,3
AG,1972,1,1,1,0,1,0,1,5
AI,1972,0,1,0,0,1,0,1,3
BE,1972,1,1,0,0,0,0,0,2
BL,1972,2,0,0,2,0,1,0,5
BS,1972,1,1,1,1,0,0,0,4
FR,1972,0,0,0,1,0,0,0,1
GL,1972,0,0,1,0,0,0,0,1
GR,1972,1,0,0,0,0,0,1,2
LU,1972,1,0,0,0,0,0,1,2
NE,1972,1,0,0,1,0,0,0,2
NW,1972,0,0,0,1,0,0,0,1
OW,1972,0,0,0,1,0,0,1,2
SG,1972,1,0,0,1,0,2,0,4
SH,1972,0,1,0,0,0,0,0,1
SO,1972,0,0,0,1,0,0,1,2
SZ,1972,0,0,0,0,0,0,1,1
TG,1972,1,0,0,0,0,0,0,1
ZG,1972,0,0,0,1,0,0,0,1
ZH,1972,0,0,0,1,0,0,0,1
AG,1973,1,1,0,0,0,0,0,2
AI,1973,1,1,0,1,0,0,0,3
AR,1973,0,0,0,1,0,1,0,2
BE,1973,0,0,1,0,0,1,0,2
BL,1973,0,1,0,1,0,0,0,2
BS,1973,1,2,3,1,0,0,0,7
FR,1973,0,0,0,0,0,0,1,1
LU,1973,4,0,0,1,0,0,0,5
NW,1973,0,0,0,0,0,0,1,1
OW,1973,0,1,0,2,0,0,0,3
SH,1973,1,1,1,0,0,0,0,3
SO,1973,0,0,2,0,0,0,0,2
SZ,1973,0,0,1,1,0,0,0,2
TG,1973,0,0,0,1,1,0,0,2
ZG,1973,0,0,0,0,0,0,1,1
BE,1974,0,2,0,0,0,0,0,2
BL,1974,1,0,1,0,0,1,0,3
BS,1974,2,0,0,3,0,0,0,5
GL,1974,1,0,1,0,0,0,0,2
GR,1974,1,1,2,0,0,0,2,6
JU,1974,0,1,0,0,1,0,0,2
LU,1974,0,0,0,2,0,0,0,2
NW,1974,0,0,0,1,0,0,0,1
SG,1974,1,0,1,3,0,1,0,6
SH,1974,1,0,0,0,0,0,0,1
SO,1974,2,0,2,1,0,0,0,5
SZ,1974,0,0,1,1,0,1,0,3
TG,1974,0,1,0,1,0,0,0,2
TI,1974,0,0,0,1,0,0,0,1
VS,1974,0,1,1,0,0,0,0,2
ZG,1974,1,0,0,0,0,0,0,1
ZH,1974,1,0,0,0,0,0,0,1
AG,1975,0,0,1,1,0,0,0,2
AI,1975,0,0,0,0,0,0,1,1
BE,1975,0,1,4,0,0,0,0,5
BL,1975,0,1,0,0,1,1,0,3
BS,1975,1,1,3,0,1,0,0,6
FR,1975,0,0,0,0,0,0,1,1
GL,1975,0,0,0,0,2,0,0,2
GR,1975,0,1,1,1,0,0,0,3
LU,1975,1,0,0,0,0,0,3,4
NE,1975,0,0,0,19,0,0,0,19
NW,1975,0,0,0,1,0,0,0,1
OW,1975,1,0,0,1,0,0,0,2
SG,1975,1,1,0,4,0,0,0,6
SZ,1975,1,0,1,0,1,0,0,3
TG,1975,0,0,0,1,0,0,0,1
ZG,1975,0,0,0,0,0,0,1,1
ZH,1975,1,1,0,2,0,0,1,5
AG,1976,1,0,0,1,0,0,0,2
BE,1976,1,0,0,0,0,0,0,1
BL,1976,0,1,0,1,1,0,0,3
BS,1976,1,1,0,0,0,0,0,2
GL,1976,0,1,0,0,0,0,0,1
GR,1976,0,1,2,0,0,0,0,3
JU,1976,0,2,0,0,0,0,0,2
LU,1976,1,2,0,0,1,0,1,5
NE,1976,1,0,0,0,0,0,0,1
NW,1976,1,0,0,0,0,0,0,1
OW,1976,0,0,0,1,1,0,0,2
SG,1976,0,1,1,0,1,0,1,4
SH,1976,0,1,0,0,0,0,0,1
SO,1976,0,0,2,0,0,0,0,2
SZ,1976,0,0,0,1,0,0,0,1
TG,1976,1,1,0,1,0,0,0,3
TI,1976,0,1,0,0,0,0,0,1
VS,1976,0,0,0,0,0,3,0,3
ZH,1976,1,0,2,1,0,0,1,5
AG,1977,0,0,0,1,0,0,0,1
AI,1977,0,0,0,0,0,0,1,1
BL,1977,1,1,0,3,0,0,0,5
BS,1977,2,1,0,1,0,0,0,4
GR,1977,0,1,0,1,0,0,1,3
JU,1977,0,1,0,0,0,0,0,1
LU,1977,1,0,0,1,0,0,1,3
OW,1977,0,0,0,0,0,0,1,1
SG,1977,1,0,1,1,1,1,2,7
SH,1977,0,0,0,1,0,1,1,3
SO,1977,1,0,2,0,0,0,1,4
TG,1977,2,0,0,0,1,0,0,3
TI,1977,0,0,0,1,0,0,0,1
ZG,1977,1,0,0,2,0,0,0,3
ZH,1977,1,0,0,4,0,0,1,6
AG,1978,0,1,1,1,0,0,0,3
AI,1978,0,0,0,0,0,1,0,1
BE,1978,0,1,0,1,0,0,0,2
BL,1978,0,0,0,0,0,0,1,1
BS,1978,0,0,1,0,0,0,1,2
FR,1978,0,1,0,0,0,0,0,1
GL,1978,0,0,0,0,1,0,0,1
GR,1978,1,0,0,0,0,0,1,2
JU,1978,25,21,20,20,26,8,9,129
LU,1978,2,0,1,1,0,0,0,4
NE,1978,0,0,0,1,0,0,0,1
NW,1978,0,0,0,0,1,0,0,1
OW,1978,0,1,0,0,0,0,0,1
SG,1978,0,2,0,0,0,0,2,4
SH,1978,2,2,1,0,0,0,0,5
SO,1978,0,0,2,5,0,0,3,10
SZ,1978,0,1,0,0,0,0,0,1
TG,1978,1,0,0,0,0,0,1,2
TI,1978,0,1,0,0,0,0,0,1
ZH,1978,4,1,0,3,0,0,0,8
AG,1979,0,1,0,0,0,0,0,1
AI,1979,0,0,0,0,0,0,1,1
BE,1979,0,1,1,0,0,0,1,3
BL,1979,1,1,0,5,0,0,0,7
BS,1979,1,1,0,1,0,0,0,3
FR,1979,0,0,0,6,0,1,0,7
GL,1979,0,0,0,1,0,0,0,1
GR,1979,0,1,0,0,0,0,0,1
JU,1979,2,3,1,0,0,1,0,7
LU,1979,0,0,0,0,0,0,1,1
NE,1979,0,1,1,1,0,0,0,3
SG,1979,0,1,0,1,2,0,0,4
SH,1979,1,0,0,2,0,0,0,3
SO,1979,3,2,1,1,0,0,0,7
SZ,1979,0,0,0,1,0,0,0,1
TG,1979,2,0,0,0,0,0,0,2
TI,1979,0,0,0,1,0,0,0,1
ZG,1979,0,1,0,0,0,0,0,1
ZH,1979,1,0,0,0,2,0,1,4
AG,1980,0,1,0,0,0,0,1,2
BE,1980,3,1,0,0,0,1,0,5
BL,1980,1,0,0,4,1,0,0,6
BS,1980,4,0,1,1,1,0,0,7
FR,1980,1,0,1,0,0,0,0,2
GR,1980,3,0,0,0,0,0,0,3
JU,1980,11,2,1,10,0,0,1,25
LU,1980,1,1,0,0,0,0,0,2
OW,1980,0,0,0,0,1,0,2,3
SG,1980,7,1,2,1,0,0,0,11
SH,1980,2,0,0,2,0,0,0,4
SO,1980,1,0,2,0,0,0,0,3
SZ,1980,0,0,0,3,0,0,0,3
TG,1980,3,1,0,0,0,0,1,5
TI,1980,1,0,0,0,0,0,0,1
ZG,1980,0,2,0,1,0,0,1,4
ZH,1980,5,1,0,1,1,0,0,8
AG,1981,2,0,0,1,1,2,1,7
AR,1981,0,1,0,0,0,0,0,1
BE,1981,1,0,0,0,0,0,0,1
BL,1981,3,0,0,1,0,2,0,6
BS,1981,2,0,0,3,0,0,0,5
FR,1981,1,0,0,0,0,0,0,1
GL,1981,1,0,0,0,1,0,0,2
JU,1981,5,3,1,0,0,0,1,10
LU,1981,1,1,0,0,0,0,0,2
NE,1981,1,0,1,1,0,0,0,3
NW,1981,2,0,0,0,0,0,0,2
OW,1981,3,0,0,0,0,0,1,4
SG,1981,3,3,2,0,0,0,0,8
SH,1981,0,0,0,0,1,0,0,1
SO,1981,1,0,0,0,1,0,1,3
SZ,1981,1,1,0,0,0,0,0,2
TG,1981,0,1,0,3,0,0,0,4
ZG,1981,1,2,0,0,0,0,1,4
ZH,1981,1,3,0,2,1,0,0,7
AG,1982,2,0,0,1,0,0,0,3
AI,1982,0,0,0,0,0,1,0,1
BE,1982,2,1,0,0,1,0,1,5
BL,1982,1,0,0,0,0,1,1,3
BS,1982,1,5,2,1,0,0,0,9
GR,1982,2,0,2,0,0,0,0,4
JU,1982,5,0,1,1,2,2,2,13
LU,1982,0,0,0,0,0,0,1,1
NE,1982,1,1,0,0,0,0,0,2
NW,1982,0,1,0,0,0,0,0,1
OW,1982,0,1,0,1,0,0,0,2
SG,1982,0,2,1,1,1,1,0,6
SH,1982,0,3,0,0,0,0,0,3
SO,1982,0,0,2,0,0,0,0,2
SZ,1982,0,0,0,0,0,0,1,1
TG,1982,3,1,0,0,1,0,0,5
UR,1982,0,1,0,0,0,0,0,1
VD,1982,0,0,1,0,0,0,0,1
ZG,1982,1,0,0,0,1,0,0,2
ZH,1982,0,0,0,0,0,2,0,2
AG,1983,2,2,0,1,0,0,0,5
AI,1983,0,1,0,0,0,0,0,1
BE,1983,0,2,2,1,0,0,0,5
BL,1983,0,0,1,1,0,0,1,3
BS,1983,1,2,0,1,0,0,0,4
FR,1983,1,0,0,0,0,0,1,2
GL,1983,0,1,0,1,0,0,1,3
JU,1983,2,1,6,1,1,0,1,12
LU,1983,0,4,0,0,0,0,1,5
NE,1983,1,1,0,2,0,0,0,4
OW,1983,3,2,0,1,0,0,0,6
SG,1983,1,1,1,0,0,0,1,4
SH,1983,0,0,2,0,0,1,1,4
SO,1983,2,3,1,0,0,0,0,6
SZ,1983,0,2,0,1,0,0,0,3
TG,1983,0,2,1,2,0,0,0,5
VS,1983,1,0,1,0,1,0,0,3
ZG,1983,1,4,0,0,0,0,0,5
ZH,1983,0,1,0,3,0,0,0,4
AG,1984,5,1,1,2,0,0,0,9
AR,1984,0,1,0,0,1,0,1,3
BE,1984,1,0,0,0,0,0,0,1
BL,1984,2,6,6,1,2,1,1,19
BS,1984,3,2,0,1,2,0,1,9
GL,1984,0,2,0,0,0,1,0,3
GR,1984,1,2,1,1,0,0,0,5
JU,1984,2,1,4,0,1,0,0,8
LU,1984,0,0,0,2,0,0,0,2
NE,1984,0,1,0,2,0,0,0,3
OW,1984,0,0,0,1,1,0,0,2
SG,1984,3,0,2,1,0,1,0,7
SH,1984,2,3,3,0,0,0,0,8
SO,1984,1,0,0,1,0,0,0,2
SZ,1984,0,2,1,0,0,0,0,3
TG,1984,3,1,0,0,0,0,0,4
ZG,1984,0,0,1,0,0,0,1,2
ZH,1984,2,1,1,0,0,0,0,4
AG,1985,1,1,6,0,0,0,1,9
AI,1985,0,0,0,0,1,0,0,1
BE,1985,0,2,1,6,0,1,0,10
BL,1985,0,2,0,1,0,0,0,3
BS,1985,0,0,1,0,0,0,0,1
GL,1985,0,0,0,1,0,0,0,1
GR,1985,0,2,1,0,0,0,0,3
JU,1985,6,0,0,2,0,0,0,8
LU,1985,0,5,0,0,0,0,0,5
NE,1985,0,1,0,0,0,1,0,2
OW,1985,0,0,1,0,0,0,1,2
SG,1985,1,3,0,0,0,0,0,4
SH,1985,0,0,3,1,0,0,0,4
SO,1985,0,1,0,0,1,0,1,3
TG,1985,1,1,0,0,0,0,0,2
TI,1985,0,0,0,0,1,0,0,1
VS,1985,0,0,1,1,2,0,0,4
ZG,1985,1,0,0,2,0,0,1,4
ZH,1985,0,0,1,1,0,0,1,3
AG,1986,2,0,1,0,0,0,1,4
AI,1986,0,0,0,0,1,0,0,1
AR,1986,0,1,0,0,0,0,1,2
BE,1986,2,0,2,0,0,0,0,4
BS,1986,0,2,0,1,0,0,1,4
FR,1986,0,0,0,1,1,0,1,3
GL,1986,0,0,1,0,0,0,0,1
GR,1986,1,0,0,0,0,0,0,1
JU,1986,3,0,3,1,2,0,0,9
LU,1986,0,0,0,1,0,0,1,2
NE,1986,0,0,2,2,0,1,0,5
OW,1986,1,0,0,0,0,1,0,2
SG,1986,1,3,3,0,1,0,1,9
SH,1986,1,1,0,1,0,0,0,3
SO,1986,5,5,0,1,0,12,1,24
SZ,1986,0,0,0,1,0,1,0,2
TG,1986,0,1,0,0,0,0,1,2
TI,1986,0,0,0,0,1,0,0,1
VS,1986,1,0,1,0,0,0,0,2
ZH,1986,1,0,3,0,0,2,1,7
AG,1987,1,0,1,0,0,0,1,3
AI,1987,1,0,0,0,0,0,0,1
AR,1987,0,0,0,1,0,0,0,1
BE,1987,3,0,1,1,0,0,0,5
BL,1987,0,0,0,0,1,1,0,2
BS,1987,1,0,0,0,1,0,0,2
FR,1987,1,0,1,0,0,0,0,2
GL,1987,1,0,0,0,0,0,0,1
GR,1987,0,0,1,0,0,0,0,1
JU,1987,1,2,1,0,0,1,0,5
LU,1987,1,0,0,0,0,0,2,3
NE,1987,0,0,0,3,0,0,1,4
NW,1987,1,0,1,0,0,0,0,2
OW,1987,2,1,0,2,0,0,1,6
SG,1987,2,1,0,1,1,0,0,5
SH,1987,1,0,1,1,0,0,0,3
SO,1987,7,1,4,1,1,2,2,18
SZ,1987,0,2,0,0,0,1,0,3
TI,1987,0,1,0,1,0,0,0,2
VS,1987,0,0,2,0,0,0,0,2
ZH,1987,2,0,3,1,0,0,0,6
AG,1988,2,0,1,0,0,0,0,3
AR,1988,0,0,1,0,0,0,0,1
BE,1988,0,0,2,0,0,0,0,2
BL,1988,1,2,0,2,0,0,1,6
BS,1988,3,0,0,0,0,1,0,4
FR,1988,1,0,0,2,0,0,0,3
GE,1988,0,0,0,0,0,0,1,1
GL,1988,1,0,0,0,0,0,0,1
GR,1988,0,0,2,0,0,0,0,2
JU,1988,4,3,2,0,0,2,1,12
LU,1988,0,2,0,1,0,0,2,5
NE,1988,1,0,0,1,0,0,1,3
NW,1988,0,0,0,1,0,0,0,1
OW,1988,0,1,0,0,0,0,1,2
SG,1988,0,1,1,2,2,0,0,6
SH,1988,2,3,2,2,1,0,3,13
SO,1988,7,0,5,0,1,0,1,14
SZ,1988,0,0,0,3,0,0,0,3
TG,1988,2,2,0,0,1,1,1,7
VD,1988,0,0,1,0,0,0,0,1
ZH,1988,3,1,1,1,0,0,0,6
AG,1989,0,0,0,1,0,0,0,1
AI,1989,0,0,1,0,0,0,0,1
AR,1989,0,0,0,1,0,0,0,1
BE,1989,2,1,0,2,0,0,0,5
BL,1989,2,0,1,0,0,0,0,3
BS,1989,2,3,0,4,0,0,0,9
FR,1989,0,0,0,0,1,0,2,3
GL,1989,0,0,0,1,1,0,0,2
JU,1989,2,3,0,0,0,5,0,10
LU,1989,1,1,0,1,0,1,0,4
NE,1989,0,1,0,3,0,0,0,4
OW,1989,0,0,1,0,0,0,1,2
SG,1989,1,2,0,1,0,0,0,4
SH,1989,0,0,0,0,0,0,1,1
SO,1989,1,2,1,3,0,1,1,9
SZ,1989,1,1,0,0,0,0,0,2
TG,1989,0,0,0,1,0,0,0,1
TI,1989,0,1,0,0,0,0,1,2
VS,1989,0,0,0,0,1,0,0,1
ZG,1989,0,0,0,0,4,0,0,4
AG,1990,1,2,0,1,0,0,0,4
AI,1990,1,0,0,0,1,0,0,2
BE,1990,2,3,0,3,0,0,0,8
BL,1990,4,2,1,3,0,0,0,10
BS,1990,0,2,0,1,0,0,0,3
FR,1990,2,1,0,0,0,0,0,3
GL,1990,0,4,0,0,0,0,0,4
GR,1990,0,2,1,0,0,1,1,5
JU,1990,4,2,3,0,0,2,0,11
LU,1990,0,1,0,2,0,0,0,3
NE,1990,1,1,1,2,0,0,0,5
NW,1990,1,0,0,0,0,0,0,1
OW,1990,0,1,0,1,0,0,1,3
SG,1990,0,2,1,1,0,0,0,4
SH,1990,0,1,1,1,0,0,0,3
SO,1990,4,1,3,0,1,0,2,11
SZ,1990,0,1,0,0,0,0,0,1
TG,1990,1,0,1,0,0,0,0,2
TI,1990,2,1,0,0,0,0,0,3
ZG,1990,0,1,1,0,0,0,0,2
ZH,1990,2,0,0,0,0,1,0,3
AG,1991,4,0,2,1,0,1,0,8
AR,1991,1,1,0,1,0,0,0,3
BE,1991,0,0,3,3,1,1,0,8
BL,1991,4,2,3,2,0,0,0,11
BS,1991,1,3,1,1,0,0,0,6
FR,1991,1,0,0,1,0,0,0,2
GL,1991,0,6,2,0,1,1,0,10
GR,1991,1,1,1,1,1,0,0,5
JU,1991,6,3,2,1,1,2,0,15
LU,1991,1,2,1,1,0,0,1,6
NE,1991,0,0,0,1,1,0,1,3
OW,1991,1,0,0,2,0,0,2,5
SG,1991,3,3,1,0,0,2,0,9
SH,1991,1,1,0,2,0,0,0,4
SO,1991,4,1,3,0,0,0,1,9
SZ,1991,1,0,0,1,0,1,0,3
TG,1991,4,1,1,0,1,0,3,10
TI,1991,0,0,0,2,1,0,0,3
VS,1991,0,0,1,0,0,0,0,1
ZG,1991,0,0,0,1,1,0,0,2
ZH,1991,1,0,0,1,0,0,0,2
AG,1992,1,0,0,1,1,0,1,4
AI,1992,0,1,1,0,0,0,0,2
AR,1992,1,0,0,0,0,0,0,1
BE,1992,1,1,9,0,2,0,0,13
BL,1992,0,2,0,3,0,0,0,5
BS,1992,2,2,2,5,0,0,1,12
FR,1992,3,0,2,0,0,0,0,5
GL,1992,0,0,0,0,0,1,0,1
GR,1992,0,1,0,0,0,0,1,2
JU,1992,3,0,2,0,0,3,2,10
LU,1992,1,0,1,1,0,0,0,3
NE,1992,1,0,1,3,1,0,0,6
NW,1992,0,0,0,1,0,0,0,1
OW,1992,3,1,2,2,0,0,0,8
SG,1992,2,1,0,1,0,0,0,4
SH,1992,1,1,2,3,0,0,0,7
SO,1992,0,2,1,1,1,1,2,8
SZ,1992,1,2,0,0,1,1,0,5
TG,1992,4,0,0,3,0,4,3,14
TI,1992,0,0,0,1,0,0,0,1
VS,1992,2,1,0,0,0,0,0,3
ZG,1992,1,0,3,1,0,0,1,6
ZH,1992,2,2,0,5,0,1,2,12
AG,1993,1,0,3,0,2,0,1,7
AI,1993,0,0,0,0,0,0,1,1
AR,1993,1,1,1,0,0,0,0,3
BE,1993,2,2,1,2,1,0,3,11
BL,1993,1,1,2,6,1,1,3,15
BS,1993,1,1,0,3,1,0,1,7
FR,1993,0,0,0,0,2,0,1,3
GL,1993,2,1,0,0,0,0,0,3
GR,1993,1,1,1,0,0,0,0,3
JU,1993,3,12,6,1,1,1,0,24
LU,1993,1,4,1,0,0,0,1,7
NE,1993,2,1,0,1,1,0,2,7
OW,1993,2,0,0,1,0,0,0,3
SG,1993,3,4,0,1,1,0,0,9
SH,1993,0,0,1,1,2,0,0,4
SO,1993,2,1,2,3,2,1,3,14
SZ,1993,0,1,0,0,0,0,0,1
TG,1993,1,2,0,0,1,1,1,6
TI,1993,1,0,0,1,0,0,0,2
ZG,1993,1,2,0,0,0,1,0,4
ZH,1993,6,0,2,0,2,0,1,11
AG,1994,0,1,1,3,0,1,1,7
AI,1994,0,0,1,0,0,0,2,3
AR,1994,0,2,1,0,1,1,0,5
BE,1994,9,3,1,0,0,3,0,16
BL,1994,3,1,0,5,0,2,0,11
BS,1994,2,6,0,0,0,3,0,11
FR,1994,0,4,0,0,0,0,0,4
GL,1994,2,0,0,1,0,2,0,5
GR,1994,1,3,1,0,2,0,2,9
JU,1994,2,6,6,1,0,3,0,18
LU,1994,0,1,0,0,0,2,1,4
NE,1994,0,7,1,1,1,0,0,10
OW,1994,2,0,2,2,0,0,0,6
SG,1994,0,3,0,2,0,1,0,6
SH,1994,1,0,2,2,0,0,0,5
SO,1994,1,1,8,1,0,3,1,15
SZ,1994,0,0,2,1,0,1,1,5
TG,1994,1,0,1,1,2,1,0,6
TI,1994,1,1,1,1,0,0,0,4
UR,1994,0,0,0,0,0,1,0,1
VD,1994,0,0,1,0,0,0,0,1
VS,1994,0,1,0,0,0,0,0,1
ZG,1994,1,0,0,0,0,0,0,1
ZH,1994,3,0,0,0,0,2,0,5
AG,1995,4,1,1,0,0,0,0,6
AI,1995,0,0,0,0,1,0,2,3
AR,1995,2,2,0,1,2,0,0,7
BE,1995,14,3,3,2,4,0,2,28
BL,1995,2,4,0,2,0,1,2,11
BS,1995,5,3,0,2,0,0,0,10
FR,1995,1,2,1,1,0,0,1,6
GL,1995,0,1,1,2,0,0,0,4
GR,1995,1,1,1,1,4,0,1,9
JU,1995,1,5,1,0,0,0,0,7
LU,1995,5,2,3,1,1,0,0,12
NE,1995,2,4,2,2,0,0,1,11
NW,1995,0,1,0,0,0,0,0,1
OW,1995,5,2,1,5,0,1,0,14
SG,1995,2,4,0,1,1,0,0,8
SH,1995,2,1,3,0,2,0,1,9
SO,1995,3,3,8,0,1,1,3,19
SZ,1995,2,1,0,1,0,0,0,4
TG,1995,3,4,2,0,0,0,0,9
TI,1995,0,0,0,1,1,0,0,2
VS,1995,1,0,1,0,0,0,1,3
ZG,1995,2,1,0,1,0,0,2,6
ZH,1995,1,1,0,2,1,0,0,5
AG,1996,3,1,0,0,0,3,0,7
AI,1996,1,1,1,1,0,0,1,5
AR,1996,1,1,0,0,1,0,1,4
BE,1996,3,2,6,1,2,0,3,17
BL,1996,1,1,1,3,0,2,0,8
BS,1996,1,5,1,2,1,0,0,10
FR,1996,1,0,0,0,0,1,0,2
GL,1996,1,1,1,2,1,0,2,8
GR,1996,0,0,5,0,1,0,1,7
JU,1996,1,2,2,0,0,2,0,7
LU,1996,3,0,2,5,0,0,2,12
NE,1996,0,1,1,1,0,0,2,5
NW,1996,0,0,0,3,0,0,0,3
OW,1996,0,1,0,0,1,0,0,2
SG,1996,5,6,2,5,1,2,1,22
SH,1996,2,4,1,0,0,0,1,8
SO,1996,8,3,6,4,2,3,0,26
SZ,1996,0,2,0,0,0,0,0,2
TG,1996,2,4,2,1,2,2,1,14
TI,1996,1,0,0,0,0,0,0,1
VS,1996,0,11,1,1,5,3,0,21
ZG,1996,4,2,0,0,1,0,0,7
ZH,1996,3,0,0,0,0,1,1,5
AG,1997,1,1,3,2,1,2,0,10
AI,1997,1,2,0,4,0,1,1,9
AR,1997,1,2,0,1,0,0,0,4
BE,1997,4,0,1,2,8,1,1,17
BL,1997,3,7,1,4,1,0,1,17
BS,1997,4,8,1,0,0,0,0,13
FR,1997,1,0,2,0,1,0,1,5
GL,1997,0,0,0,1,0,3,0,4
GR,1997,2,1,0,0,1,0,1,5
JU,1997,4,6,2,1,1,0,0,14
LU,1997,0,0,0,3,1,0,0,4
NE,1997,1,0,3,1,4,1,0,10
NW,1997,0,2,0,0,0,0,1,3
OW,1997,1,1,1,0,0,0,0,3
SG,1997,2,2,0,2,0,0,0,6
SH,1997,2,2,2,3,1,0,0,10
SO,1997,2,3,3,2,0,1,1,12
SZ,1997,0,2,0,3,0,0,0,5
TG,1997,3,0,3,3,0,0,0,9
TI,1997,0,1,0,1,0,0,0,2
VS,1997,3,2,0,0,0,0,0,5
ZG,1997,0,0,1,1,0,0,0,2
ZH,1997,5,1,3,4,1,2,1,17
AG,1998,3,1,1,3,0,0,0,8
AI,1998,1,1,1,0,0,0,0,3
AR,1998,0,1,0,2,0,0,1,4
BE,1998,2,2,3,3,1,0,1,12
BL,1998,4,4,2,12,5,1,2,30
BS,1998,3,1,3,1,0,1,0,9
FR,1998,0,0,0,0,1,2,0,3
GL,1998,0,1,0,3,0,0,0,4
GR,1998,3,5,7,2,2,2,0,21
JU,1998,3,5,0,2,0,1,0,11
LU,1998,2,0,0,3,0,1,0,6
NE,1998,2,1,0,2,0,1,1,7
NW,1998,15,1,0,1,0,0,0,17
OW,1998,2,2,2,2,1,0,0,9
SG,1998,1,3,0,2,1,2,2,11
SH,1998,1,1,0,2,0,0,0,4
SO,1998,1,0,4,1,2,0,1,9
SZ,1998,0,0,1,0,0,0,1,2
TG,1998,2,0,2,0,0,0,1,5
TI,1998,1,2,0,0,0,0,0,3
VS,1998,2,0,0,0,2,0,1,5
ZG,1998,3,1,2,0,0,1,1,8
ZH,1998,7,4,9,1,1,3,2,27
AG,1999,1,0,0,1,2,0,0,4
AI,1999,1,0,3,0,2,0,3,9
AR,1999,1,1,0,0,0,0,0,2
BE,1999,3,1,0,3,0,0,1,8
BL,1999,7,3,1,11,3,0,1,26
BS,1999,0,5,4,4,0,1,0,14
FR,1999,0,2,0,3,0,1,0,6
GL,1999,2,1,0,1,1,0,0,5
GR,1999,1,0,3,0,0,0,0,4
JU,1999,3,0,2,2,1,0,2,10
LU,1999,1,0,5,3,1,0,2,12
NE,1999,0,3,2,3,0,0,0,8
NW,1999,1,0,0,1,1,0,2,5
OW,1999,2,0,1,2,0,1,1,7
SG,1999,1,3,1,2,0,0,0,7
SH,1999,0,1,2,0,1,0,3,7
SO,1999,1,2,1,2,1,0,0,7
SZ,1999,2,0,0,0,0,0,1,3
TG,1999,4,1,1,2,0,0,1,9
TI,1999,0,2,0,0,0,0,1,3
VS,1999,0,2,0,1,2,1,1,7
ZG,1999,3,2,0,2,0,0,0,7
ZH,1999,5,0,6,3,2,0,4,20
AG,2000,4,0,6,3,2,3,2,20
AI,2000,0,2,1,2,0,1,4,10
AR,2000,0,2,0,0,0,4,0,6
BE,2000,2,2,3,1,1,13,1,23
BL,2000,7,1,1,14,0,0,0,23
BS,2000,3,4,5,4,1,0,1,18
FR,2000,2,4,0,0,1,1,1,9
GL,2000,1,1,1,0,1,4,2,10
GR,2000,2,2,1,0,1,0,1,7
JU,2000,4,2,2,1,2,4,2,17
LU,2000,0,2,0,0,0,2,2,6
NE,2000,2,0,1,1,0,1,0,5
NW,2000,2,2,3,2,0,6,1,16
OW,2000,2,1,1,2,1,0,0,7
SG,2000,2,4,0,2,0,0,2,10
SH,2000,1,3,0,0,1,0,3,8
SO,2000,5,1,4,1,0,0,2,13
SZ,2000,0,0,0,1,0,3,0,4
TG,2000,4,3,0,0,1,0,0,8
TI,2000,0,1,0,0,0,0,0,1
VD,2000,0,2,0,0,0,0,0,2
VS,2000,0,1,3,0,1,2,0,7
ZG,2000,1,1,1,2,0,1,0,6
ZH,2000,2,3,5,1,1,0,1,13
AG,2001,2,2,3,1,1,1,0,10
AI,2001,1,0,1,1,2,2,1,8
AR,2001,0,1,1,1,0,0,0,3
BE,2001,5,4,1,1,0,2,0,13
BL,2001,3,6,1,3,0,2,0,15
BS,2001,3,4,1,1,0,0,0,9
FR,2001,6,4,2,0,1,4,1,18
GE,2001,0,1,0,0,0,0,0,1
GL,2001,0,1,1,2,0,1,0,5
GR,2001,3,0,3,0,2,2,1,11
JU,2001,4,2,3,1,0,3,0,13
LU,2001,4,0,3,1,1,1,8,18
NE,2001,1,1,0,0,0,2,0,4
NW,2001,5,0,2,0,0,2,2,11
OW,2001,2,1,1,4,2,3,0,13
SG,2001,1,4,3,1,1,1,1,12
SH,2001,0,1,4,0,1,1,0,7
SO,2001,1,2,1,0,1,0,0,5
SZ,2001,0,2,0,2,1,6,0,11
TG,2001,2,1,3,0,1,0,0,7
TI,2001,0,0,0,1,2,0,0,3
VS,2001,2,1,0,0,1,0,0,4
ZG,2001,0,1,2,1,0,1,0,5
ZH,2001,3,1,0,1,0,1,2,8
AG,2002,4,3,10,0,1,0,0,18
AI,2002,2,1,0,2,1,1,0,7
AR,2002,5,2,0,0,0,0,0,7
BE,2002,6,3,1,1,0,1,3,15
BL,2002,5,4,5,14,2,0,2,32
BS,2002,4,5,1,2,0,0,0,12
FR,2002,8,3,3,9,0,1,4,28
GE,2002,0,2,0,0,0,0,0,2
GL,2002,0,3,6,1,0,0,1,11
GR,2002,1,6,2,0,1,0,0,10
JU,2002,4,5,3,1,0,0,2,15
LU,2002,6,1,2,1,3,2,4,19
NE,2002,4,0,1,0,0,0,1,6
NW,2002,1,3,0,0,3,0,0,7
OW,2002,4,1,1,3,1,0,2,12
SG,2002,4,6,1,1,1,1,0,14
SH,2002,3,4,0,2,1,0,3,13
SO,2002,2,0,2,1,0,0,1,6
SZ,2002,0,1,4,0,1,2,1,9
TG,2002,6,1,2,0,2,0,1,12
TI,2002,0,1,0,1,1,1,1,5
VS,2002,1,0,4,0,0,1,0,6
ZG,2002,4,1,1,1,0,0,5,12
ZH,2002,3,5,3,1,1,0,0,13
AG,2003,1,2,5,2,1,0,2,13
AI,2003,0,1,0,0,0,0,0,1
AR,2003,0,2,3,3,2,0,1,11
BE,2003,1,2,3,3,2,0,4,15
BL,2003,4,0,8,2,1,1,1,17
BS,2003,5,2,7,2,0,0,3,19
FR,2003,15,3,5,8,7,0,1,39
GE,2003,0,1,0,0,0,0,0,1
GL,2003,3,3,1,1,2,1,0,11
GR,2003,3,1,2,0,2,0,1,9
JU,2003,2,1,2,0,2,1,0,8
LU,2003,8,1,3,3,0,0,1,16
NE,2003,5,3,3,1,0,0,2,14
NW,2003,1,0,3,0,1,0,0,5
OW,2003,1,2,0,1,1,0,1,6
SG,2003,3,17,5,0,2,0,1,28
SH,2003,2,1,6,0,2,0,0,11
SO,2003,5,0,0,0,0,0,0,5
SZ,2003,1,3,1,2,0,0,0,7
TG,2003,15,1,3,1,0,0,0,20
TI,2003,0,2,0,0,2,0,0,4
VS,2003,0,2,0,2,1,2,0,7
ZG,2003,2,2,2,0,1,0,2,9
ZH,2003,2,1,1,1,0,1,4,10
AG,2004,2,6,4,1,0,0,1,14
AI,2004,0,1,0,0,2,0,0,3
AR,2004,5,1,0,0,0,0,1,7
BE,2004,7,3,3,2,2,3,1,21
BL,2004,5,3,6,3,3,1,0,21
BS,2004,3,10,5,0,2,0,1,21
FR,2004,7,10,6,2,3,3,2,33
GE,2004,2,1,0,0,1,0,0,4
GL,2004,0,1,0,2,0,0,0,3
GR,2004,0,3,5,1,2,1,1,13
JU,2004,4,1,5,1,1,2,1,15
LU,2004,2,2,0,4,1,0,3,12
NE,2004,3,4,2,1,2,2,3,17
NW,2004,2,2,1,2,0,0,0,7
OW,2004,10,2,1,1,3,1,2,20
SG,2004,5,14,2,0,1,0,1,23
SH,2004,4,2,6,0,1,0,1,14
SO,2004,2,3,3,0,3,0,0,11
SZ,2004,1,2,0,0,0,1,0,4
TG,2004,3,2,2,1,0,0,0,8
TI,2004,1,0,0,0,0,2,1,4
VS,2004,2,0,0,2,3,0,0,7
ZG,2004,2,3,3,1,0,1,0,10
ZH,2004,8,3,4,1,1,1,5,23
AG,2005,2,4,7,3,0,4,1,21
AI,2005,0,2,1,1,0,0,0,4
AR,2005,0,0,0,2,2,0,1,5
BE,2005,10,3,16,0,1,0,2,32
BL,2005,2,4,6,4,0,1,1,18
BS,2005,9,1,6,2,0,2,2,22
FR,2005,10,9,14,2,6,3,2,46
GE,2005,0,2,0,1,0,1,0,4
GL,2005,0,1,0,0,0,0,0,1
GR,2005,3,3,0,1,0,0,3,10
JU,2005,5,3,1,0,1,1,2,13
LU,2005,3,3,4,0,0,0,2,12
NE,2005,5,2,9,1,0,0,1,18
NW,2005,1,3,1,2,0,1,1,9
OW,2005,5,4,2,10,2,1,1,25
SG,2005,4,10,4,0,0,1,2,21
SH,2005,4,2,5,3,0,1,1,16
SO,2005,5,3,1,0,0,0,0,9
SZ,2005,1,1,0,0,0,0,1,3
TG,2005,3,2,2,1,0,0,0,8
TI,2005,2,7,0,0,0,1,0,10
VD,2005,1,0,0,0,0,0,0,1
VS,2005,4,0,0,0,1,2,0,7
ZG,2005,1,0,2,4,1,0,2,10
ZH,2005,10,3,1,1,0,1,2,18
AG,2006,4,1,4,1,0,0,0,10
AI,2006,1,0,1,0,1,0,0,3
AR,2006,0,0,1,1,0,0,0,2
BE,2006,9,2,4,2,0,0,0,17
BL,2006,1,2,4,3,0,0,0,10
BS,2006,2,0,1,0,1,0,0,4
FR,2006,2,9,7,3,4,4,0,29
GE,2006,0,1,0,0,0,0,0,1
GL,2006,5,3,2,5,1,1,3,20
GR,2006,3,3,2,1,2,0,1,12
JU,2006,3,3,2,1,3,1,1,14
LU,2006,1,0,0,1,0,0,1,3
NE,2006,3,6,0,0,1,1,4,15
NW,2006,5,2,0,0,1,0,0,8
OW,2006,1,3,2,1,0,0,3,10
SG,2006,2,1,1,0,0,0,0,4
SH,2006,1,1,1,0,1,0,0,4
SO,2006,2,0,1,0,1,0,0,4
SZ,2006,1,0,0,0,0,0,0,1
TG,2006,0,0,1,0,1,0,1,3
TI,2006,0,1,0,0,0,1,0,2
VS,2006,0,1,0,0,0,3,2,6
ZG,2006,2,1,2,0,0,0,1,6
ZH,2006,2,1,1,2,0,0,3,9
AG,2007,6,4,11,0,1,0,1,23
AI,2007,1,0,1,0,0,0,2,4
AR,2007,2,4,0,0,0,2,0,8
BE,2007,4,1,6,2,0,0,0,13
BL,2007,4,5,0,5,1,0,0,15
BS,2007,5,5,2,1,0,0,0,13
FR,2007,2,4,1,0,4,1,0,12
GE,2007,0,2,0,0,0,0,0,2
GL,2007,0,2,1,0,0,0,0,3
GR,2007,1,1,3,0,0,1,1,7
JU,2007,3,3,2,0,0,0,1,9
LU,2007,1,3,8,0,0,0,0,12
NE,2007,0,1,0,1,0,1,1,4
NW,2007,0,0,1,0,0,0,0,1
OW,2007,0,0,3,2,2,1,1,9
SG,2007,0,3,2,1,0,1,0,7
SH,2007,0,1,1,0,0,0,0,2
SO,2007,1,0,1,0,0,0,0,2
SZ,2007,1,1,0,0,0,1,1,4
TG,2007,1,3,2,0,0,0,0,6
TI,2007,0,1,1,1,1,1,0,5
VS,2007,1,3,1,1,0,0,0,6
ZG,2007,5,3,0,0,0,0,5,13
ZH,2007,1,3,5,1,0,1,0,11
AG,2008,2,2,1,4,2,0,2,13
AI,2008,0,2,1,0,0,0,1,4
AR,2008,0,1,0,1,0,0,0,2
BE,2008,2,0,5,2,1,0,0,10
BL,2008,2,3,2,1,0,0,0,8
BS,2008,3,1,5,1,0,0,1,11
FR,2008,4,3,0,2,0,1,0,10
GE,2008,0,1,0,0,0,0,0,1
GL,2008,1,1,1,0,0,0,0,3
GR,2008,3,1,5,1,1,0,0,11
JU,2008,4,3,2,0,1,1,0,11
LU,2008,0,1,1,0,1,0,2,5
NE,2008,2,2,2,4,0,0,1,11
NW,2008,2,0,1,3,3,1,0,10
OW,2008,1,6,2,4,1,0,0,14
SG,2008,1,7,0,2,1,0,0,11
SH,2008,0,1,0,0,1,0,1,3
SO,2008,2,0,0,0,0,0,0,2
SZ,2008,1,1,0,1,0,0,0,3
TG,2008,0,0,0,2,0,0,0,2
TI,2008,0,1,0,0,2,2,0,5
VS,2008,0,0,2,0,1,0,0,3
ZG,2008,9,1,3,0,0,0,1,14
ZH,2008,3,4,0,0,0,1,3,11
AG,2009,1,6,2,1,1,0,3,14
AI,2009,0,0,0,0,0,0,1,1
AR,2009,3,0,1,0,0,0,0,4
BE,2009,5,1,4,0,0,0,1,11
BL,2009,2,1,0,13,0,1,0,17
BS,2009,2,0,2,1,0,0,0,5
FR,2009,4,5,1,1,3,0,0,14
GL,2009,0,1,0,1,0,0,0,2
GR,2009,2,1,1,0,0,0,0,4
JU,2009,1,0,1,1,0,1,0,4
LU,2009,5,1,3,1,0,0,1,11
NE,2009,0,1,1,1,0,0,0,3
NW,2009,1,1,4,3,2,0,0,11
OW,2009,2,1,2,0,1,0,1,7
SG,2009,0,7,2,1,0,0,0,10
SH,2009,2,0,1,0,0,0,0,3
SO,2009,0,1,0,3,0,0,0,4
SZ,2009,0,1,0,0,0,0,1,2
TG,2009,3,0,0,0,0,0,0,3
TI,2009,0,1,1,0,0,6,0,8
VS,2009,0,6,0,0,1,0,0,7
ZG,2009,3,0,0,0,0,1,0,4
ZH,2009,3,1,6,1,0,0,0,11
AG,2010,4,2,2,0,0,0,1,9
AR,2010,1,2,0,2,0,0,1,6
BE,2010,3,1,1,0,0,0,2,7
BL,2010,1,1,1,7,0,2,1,13
BS,2010,1,4,4,1,0,0,1,11
FR,2010,8,1,3,3,3,0,1,19
GE,2010,1,0,0,1,0,0,0,2
GL,2010,0,0,0,1,1,1,0,3
GR,2010,6,3,0,0,0,0,1,10
JU,2010,3,2,0,0,0,2,0,7
LU,2010,2,3,1,1,0,1,3,11
NE,2010,3,0,0,2,0,0,1,6
NW,2010,1,5,0,7,0,1,0,14
OW,2010,3,2,2,4,1,1,0,13
SG,2010,2,11,0,1,0,0,0,14
SH,2010,3,1,0,0,0,0,0,4
SO,2010,0,1,1,0,0,0,0,2
SZ,2010,0,3,0,0,1,0,0,4
TG,2010,4,3,0,0,0,0,0,7
TI,2010,1,0,0,0,0,1,1,3
VS,2010,1,0,1,0,0,0,0,2
ZG,2010,3,3,0,0,0,0,1,7
ZH,2010,3,0,1,0,1,0,1,6
AG,2011,1,2,0,0,0,0,3,6
AI,2011,0,1,1,0,1,0,2,5
BE,2011,4,1,2,1,0,0,0,8
BL,2011,1,2,4,16,0,1,0,24
BS,2011,2,1,1,2,1,0,0,7
FR,2011,5,7,0,1,0,0,0,13
GE,2011,1,1,0,0,0,0,0,2
GL,2011,1,0,0,1,1,0,0,3
GR,2011,0,0,0,0,0,0,1,1
JU,2011,5,1,2,0,0,1,0,9
LU,2011,1,0,0,0,0,0,2,3
NE,2011,0,0,1,0,0,0,0,1
NW,2011,0,1,0,0,1,0,0,2
OW,2011,1,2,2,3,1,0,0,9
SG,2011,3,6,1,1,0,0,0,11
SO,2011,2,1,0,0,0,1,0,4
TG,2011,0,0,0,0,0,0,2,2
TI,2011,0,1,0,0,0,1,0,2
VS,2011,0,2,0,0,0,0,0,2
ZG,2011,7,1,0,0,0,0,1,9
ZH,2011,3,1,3,0,0,1,1,9
AG,2012,6,4,2,4,2,0,1,19
AI,2012,0,0,0,0,0,0,1,1
AR,2012,0,0,0,1,1,0,4,6
BE,2012,1,0,5,0,1,0,2,9
BL,2012,2,0,1,14,1,1,1,20
BS,2012,1,0,2,1,0,0,1,5
FR,2012,4,4,4,1,2,0,2,17
GL,2012,0,1,1,0,0,0,4,6
GR,2012,0,0,1,0,0,0,5,6
JU,2012,5,1,1,1,1,0,1,10
LU,2012,0,1,0,0,0,0,0,1
NE,2012,1,1,0,0,0,0,0,2
NW,2012,1,2,1,0,1,0,4,9
OW,2012,1,2,1,2,0,0,3,9
SG,2012,0,48,3,1,0,0,1,53
SH,2012,0,0,0,0,0,0,1,1
SO,2012,1,0,0,0,0,0,0,1
SZ,2012,0,0,1,0,0,1,3,5
TG,2012,1,0,1,0,0,1,2,5
TI,2012,0,1,0,0,0,0,0,1
VS,2012,4,2,5,0,1,0,0,12
ZG,2012,0,0,1,1,1,3,6,12
ZH,2012,2,2,1,0,0,0,7,12
AG,2013,2,2,1,0,1,1,1,8
AI,2013,1,0,0,0,0,1,1,3
AR,2013,0,1,0,0,2,0,0,3
BE,2013,0,1,2,0,0,0,2,5
BL,2013,8,1,0,2,1,1,0,13
BS,2013,2,1,1,2,0,0,1,7
FR,2013,0,1,0,1,3,0,0,5
GL,2013,2,1,0,0,1,0,1,5
GR,2013,0,1,1,0,0,0,0,2
JU,2013,2,2,0,1,0,0,1,6
LU,2013,0,1,0,0,0,0,1,2
NE,2013,0,1,0,0,0,0,1,2
NW,2013,1,1,0,1,3,0,0,6
OW,2013,2,1,0,0,1,0,1,5
SG,2013,3,0,1,0,1,0,0,5
SH,2013,1,1,0,0,2,0,2,6
SO,2013,0,1,0,0,0,0,0,1
TG,2013,2,0,0,0,1,0,0,3
TI,2013,0,1,0,0,0,0,0,1
VS,2013,0,2,0,0,0,0,0,2
ZG,2013,1,1,2,0,0,0,1,5
ZH,2013,0,0,2,1,0,0,2,5
AI,2014,1,1,0,0,0,1,0,3
AR,2014,0,2,0,0,1,0,0,3
BE,2014,2,2,2,1,0,0,0,7
BL,2014,3,0,0,5,0,0,0,8
BS,2014,1,4,4,0,0,0,0,9
FR,2014,2,1,1,1,0,1,0,6
GL,2014,1,0,0,1,0,1,0,3
GR,2014,0,0,2,0,0,0,0,2
JU,2014,3,1,1,0,0,1,2,8
LU,2014,1,0,1,0,0,0,1,3
NE,2014,4,0,1,1,0,0,1,7
NW,2014,0,6,0,1,0,0,0,7
OW,2014,1,4,0,1,0,0,1,7
SG,2014,0,1,2,0,0,0,1,4
SO,2014,1,0,0,0,0,0,0,1
SZ,2014,1,1,0,0,0,0,0,2
TG,2014,0,0,3,0,0,0,0,3
TI,2014,0,1,0,0,1,0,0,2
VS,2014,0,1,5,1,0,0,0,7
ZG,2014,1,0,0,0,0,0,0,1
ZH,2014,1,0,1,0,0,1,1,4
AG,2015,1,1,1,1,1,0,0,5
AI,2015,0,0,0,0,0,1,0,1
AR,2015,0,0,0,0,0,2,0,2
BE,2015,1,1,2,1,0,0,0,5
BL,2015,1,0,0,1,0,1,0,3
BS,2015,0,0,3,0,0,0,1,4
FR,2015,2,4,5,3,2,0,0,16
GL,2015,0,2,0,0,1,2,0,5
GR,2015,3,0,2,0,1,0,1,7
JU,2015,2,0,0,2,0,2,0,6
LU,2015,0,1,0,0,0,0,0,1
NE,2015,3,1,3,2,0,1,0,10
NW,2015,1,1,0,1,0,0,0,3
OW,2015,3,3,0,1,0,0,0,7
SG,2015,1,1,4,3,0,0,0,9
SH,2015,1,0,2,0,0,0,0,3
SO,2015,2,0,1,0,1,0,1,5
SZ,2015,2,0,1,0,0,0,0,3
TG,2015,1,0,1,0,0,0,0,2
TI,2015,0,1,1,0,0,0,0,2
VS,2015,0,0,2,0,1,0,0,3
ZG,2015,1,0,2,1,0,0,1,5
ZH,2015,2,0,1,1,0,0,0,4
AG,2016,2,1,0,1,0,0,1,5
AI,2016,0,0,0,1,0,0,0,1
AR,2016,1,2,0,1,1,0,0,5
BE,2016,1,0,1,0,0,0,0,2
BL,2016,1,0,3,3,1,0,2,10
BS,2016,1,2,1,1,0,0,1,6
FR,2016,5,4,2,1,2,0,0,14
GL,2016,1,0,0,1,0,0,0,2
GR,2016,1,0,0,0,0,0,1,2
JU,2016,4,0,0,2,0,1,1,8
NE,2016,0,0,2,1,1,0,0,4
NW,2016,0,0,0,1,0,0,1,2
OW,2016,0,3,2,3,0,0,2,10
SG,2016,2,1,1,0,0,0,0,4
SH,2016,0,0,0,0,0,0,1,1
SZ,2016,0,0,0,2,0,0,0,2
TG,2016,0,0,0,0,0,1,0,1
TI,2016,0,1,3,0,2,3,1,10
VS,2016,1,1,0,0,0,0,1,3
ZG,2016,2,0,0,0,0,0,0,2
ZH,2016,4,0,0,0,0,0,0,4
AG,2017,3,2,0,1,0,0,0,6
AI,2017,0,0,0,0,0,0,1,1
AR,2017,0,0,1,0,1,1,0,3
BE,2017,1,0,1,0,0,0,0,2
BL,2017,2,0,1,2,0,1,1,7
BS,2017,3,0,0,1,0,0,0,4
FR,2017,3,0,3,2,0,0,1,9
GE,2017,0,1,0,0,0,0,0,1
GL,2017,3,0,1,1,0,0,0,5
GR,2017,0,0,0,1,0,0,0,1
JU,2017,1,0,1,0,0,1,1,4
LU,2017,3,0,2,0,0,0,0,5
NE,2017,1,0,2,1,0,1,0,5
NW,2017,0,0,0,5,0,0,0,5
OW,2017,3,0,0,1,6,0,1,11
SH,2017,2,0,1,0,0,0,0,3
SZ,2017,0,0,0,0,0,0,1,1
TG,2017,2,0,0,1,0,0,0,3
TI,2017,0,0,0,0,0,1,0,1
VS,2017,4,2,0,0,0,0,0,6
ZG,2017,1,2,0,1,0,1,0,5
ZH,2017,2,1,2,0,0,0,0,5
AG,2018,0,1,0,0,0,1,0,2
AI,2018,0,1,0,0,0,0,1,2
BE,2018,3,0,3,0,0,0,1,7
BL,2018,2,1,0,3,0,0,0,6
BS,2018,2,0,1,1,0,0,1,5
FR,2018,1,0,1,0,0,0,1,3
GL,2018,0,0,0,0,0,1,0,1
GR,2018,1,0,0,0,1,0,0,2
JU,2018,1,2,0,0,0,1,0,4
LU,2018,1,1,0,0,0,0,0,2
NE,2018,0,0,0,3,0,0,0,3
NW,2018,1,2,0,0,0,0,0,3
OW,2018,1,0,1,2,0,0,0,4
SG,2018,1,0,0,1,1,0,0,3
SH,2018,0,0,2,0,0,0,0,2
SO,2018,2,0,0,0,0,0,0,2
TI,2018,0,2,0,0,0,1,0,3
VS,2018,0,0,0,1,0,0,0,1
ZG,2018,0,1,2,0,0,1,1,5
ZH,2018,2,3,2,1,0,0,1,9
AG,2019,1,1,1,0,1,1,0,5
AI,2019,0,1,0,2,0,1,0,4
AR,2019,3,1,0,0,0,0,0,4
BE,2019,2,2,2,0,0,0,0,6
BL,2019,0,1,1,0,0,1,0,3
BS,2019,0,1,0,1,0,0,1,3
FR,2019,2,0,0,0,0,1,0,3
GR,2019,0,0,0,1,1,0,0,2
JU,2019,0,0,0,0,0,2,1,3
NE,2019,1,2,0,0,0,0,0,3
NW,2019,0,0,0,1,0,0,0,1
OW,2019,2,0,0,1,1,0,0,4
SG,2019,1,1,5,0,0,0,3,10
SO,2019,1,2,0,0,0,1,0,4
SZ,2019,0,1,0,2,0,0,0,3
TG,2019,1,0,0,0,0,0,0,1
TI,2019,0,0,0,1,1,0,0,2
VS,2019,1,0,1,1,0,0,0,3
ZG,2019,1,0,0,0,0,0,0,1
ZH,2019,1,0,1,0,1,0,0,3
AG,2020,2,5,1,1,0,1,0,10
AI,2020,0,3,0,1,1,1,0,6
AR,2020,0,4,0,1,0,0,1,6
BE,2020,5,12,4,0,0,0,0,21
BL,2020,1,4,0,2,0,0,0,7
BS,2020,2,8,6,1,1,0,0,18
FR,2020,1,25,5,0,0,0,1,32
GE,2020,0,1,0,0,0,0,0,1
GL,2020,0,3,1,1,1,0,1,7
GR,2020,0,0,0,0,3,0,0,3
JU,2020,2,7,1,1,0,1,0,12
LU,2020,0,5,1,0,0,1,1,8
NE,2020,0,0,1,1,0,0,0,2
NW,2020,2,8,2,2,0,1,0,15
OW,2020,2,2,0,3,1,1,0,9
SG,2020,2,10,2,0,1,2,0,17
SH,2020,0,2,9,0,0,0,0,11
SO,2020,2,11,2,0,1,0,0,16
SZ,2020,1,2,0,1,0,0,0,4
TG,2020,0,1,0,0,0,0,0,1
TI,2020,0,5,0,1,0,0,0,6
VS,2020,0,2,2,0,0,0,0,4
ZG,2020,0,5,3,2,0,1,0,11
ZH,2020,1,2,6,2,1,1,0,13
AG,2021,3,3,2,1,0,0,1,10
AI,2021,1,1,0,0,1,0,1,4
AR,2021,0,3,0,0,1,0,0,4
BE,2021,4,4,3,0,0,0,2,13
BL,2021,2,4,3,11,0,0,0,20
BS,2021,0,2,1,0,1,0,1,5
FR,2021,7,2,1,2,0,1,2,15
GL,2021,0,1,0,0,0,0,0,1
GR,2021,1,1,0,0,0,0,0,2
JU,2021,0,0,1,0,1,1,0,3
LU,2021,0,2,0,0,0,0,1,3
NE,2021,1,0,2,0,0,1,0,4
NW,2021,0,4,0,1,0,0,0,5
OW,2021,0,2,1,0,0,1,2,6
SG,2021,0,4,2,1,0,0,0,7
SH,2021,0,0,1,0,0,0,0,1
SO,2021,1,2,1,0,0,1,0,5
TG,2021,1,0,0,0,0,0,0,1
TI,2021,0,0,0,0,0,0,1,1
VS,2021,0,2,2,0,1,0,1,6
ZG,2021,2,1,0,0,0,0,0,3
ZH,2021,2,3,5,0,0,0,1,11
AG,2022,1,2,0,1,0,1,0,5
AI,2022,0,0,2,0,1,0,0,3
AR,2022,0,1,0,0,0,0,1,2
BE,2022,3,1,5,0,0,0,0,9
BL,2022,2,2,0,4,0,0,0,8
BS,2022,0,3,1,0,0,0,0,4
FR,2022,2,1,0,0,1,1,0,5
GL,2022,1,2,1,1,0,0,1,6
GR,2022,1,1,1,1,0,0,0,4
JU,2022,1,3,0,0,0,1,0,5
LU,2022,0,0,1,0,0,0,0,1
NE,2022,0,1,1,1,1,0,0,4
NW,2022,0,0,2,0,0,0,0,2
OW,2022,0,1,0,0,0,0,0,1
SG,2022,1,0,1,1,0,0,1,4
SH,2022,0,1,0,0,0,0,0,1
SO,2022,0,2,0,2,0,1,0,5
SZ,2022,0,0,0,1,0,0,0,1
TG,2022,0,1,0,2,0,1,0,4
TI,2022,0,1,1,1,0,0,1,4
UR,2022,0,1,1,0,0,0,0,2
VS,2022,0,1,0,0,0,0,2,3
ZG,2022,3,1,0,0,0,0,0,4
ZH,2022,2,1,1,3,0,0,0,7
AG,2023,1,1,0,1,0,1,0,4
AR,2023,0,0,3,0,0,0,0,3
BE,2023,1,3,1,1,2,1,0,9
BL,2023,0,1,0,0,0,1,0,2
BS,2023,3,0,0,2,0,0,1,6
FR,2023,2,2,1,1,1,0,0,7
GL,2023,0,1,0,2,0,2,0,5
GR,2023,2,0,0,0,0,0,0,2
JU,2023,2,0,0,0,0,2,0,4
NE,2023,1,1,0,0,0,1,0,3
OW,2023,0,0,1,0,0,0,0,1
SG,2023,1,0,1,0,0,1,0,3
SH,2023,0,1,2,2,0,0,0,5
SO,2023,0,0,0,1,0,0,0,1
SZ,2023,0,1,1,1,0,0,1,4
TI,2023,0,0,0,0,1,0,0,1
UR,2023,0,0,0,1,0,0,0,1
ZG,2023,0,2,0,1,0,0,0,3
ZH,2023,0,1,0,1,1,1,0,4
AG,2024,2,1,3,0,0,2,1,9
AI,2024,0,1,0,0,0,1,0,2
AR,2024,0,1,0,0,0,0,0,1
BE,2024,1,0,0,1,0,0,0,2
BL,2024,1,0,1,1,0,0,0,3
BS,2024,3,2,0,1,0,0,0,6
FR,2024,1,1,1,0,0,1,2,6
GL,2024,3,1,0,1,1,0,0,6
GR,2024,8,0,0,1,0,0,0,9
JU,2024,3,0,1,4,0,1,1,10
LU,2024,1,1,0,0,0,0,0,2
NE,2024,0,0,1,1,0,0,0,2
NW,2024,0,2,0,2,0,0,0,4
OW,2024,1,1,1,2,1,0,0,6
SG,2024,0,2,0,0,0,0,0,2
SH,2024,0,2,0,0,0,0,0,2
SO,2024,0,2,1,1,0,1,0,5
SZ,2024,0,1,0,1,0,0,0,2
TI,2024,1,0,0,1,1,0,0,3
UR,2024,0,0,0,2,0,0,0,2
VS,2024,2,2,0,0,0,0,0,4
ZG,2024,2,1,1,2,0,0,0,6
ZH,2024,0,1,0,0,0,0,0,1
AG,2025,1,1,11,1,0,0,0,14
AI,2025,1,0,0,2,0,1,0,4
AR,2025,0,1,0,2,0,0,0,3
BE,2025,1,0,3,0,1,0,1,6
BL,2025,0,1,0,2,0,0,0,3
BS,2025,2,2,0,0,0,0,1,5
FR,2025,1,3,4,2,1,1,0,12
GE,2025,0,0,0,1,0,0,0,1
GL,2025,1,0,0,5,0,0,0,6
GR,2025,3,1,0,0,1,0,0,5
JU,2025,5,1,1,1,1,1,1,11
LU,2025,0,0,1,0,0,0,2,3
NE,2025,0,0,0,1,1,0,0,2
NW,2025,0,0,0,1,0,0,1,2
OW,2025,1,0,0,0,0,0,0,1
SG,2025,2,0,0,0,0,1,0,3
SH,2025,0,0,1,0,0,0,0,1
TG,2025,1,0,0,0,0,1,0,2
TI,2025,0,0,0,0,0,1,0,1
VS,2025,0,0,0,1,0,0,0,1
ZG,2025,6,0,1,0,1,0,0,8
ZH,2025,0,3,0,0,0,0,0,3
AG,2026,0,0,1,0,0,0,0,1
AR,2026,1,0,0,0,0,0,0,1
BL,2026,1,1,0,0,0,0,0,2
BS,2026,2,1,0,1,0,0,0,4
FR,2026,0,0,0,1,0,0,0,1
GL,2026,2,1,6,0,0,0,0,9
GR,2026,0,0,6,0,2,0,0,8
JU,2026,0,0,0,1,0,1,1,3
LU,2026,1,0,0,1,0,0,1,3
NW,2026,1,0,0,0,0,0,0,1
OW,2026,0,0,3,0,0,0,0,3
SG,2026,0,1,0,0,0,0,0,1
SH,2026,1,1,0,0,0,0,0,2
SO,2026,0,1,0,0,0,0,0,1
SZ,2026,1,0,0,1,0,0,0,2
TI,2026,0,0,0,0,2,0,0,2
ZG,2026,0,0,2,1,0,0,0,3
ZH,2026,1,0,1,0,0,0,0,2
FR,unknown,0,0,0,0,0,0,1,1
