DATAFLOW,CANTON,DOMAIN,TIME_PERIOD,OBS_VALUE
SLC:DF_CONCORDATS(1.0),GE,etat,1564,1
SLC:DF_CONCORDATS(1.0),VD,etat,1564,1
SLC:DF_CONCORDATS(1.0),AG,etat,1632,1
SLC:DF_CONCORDATS(1.0),AI,etat,1632,1
SLC:DF_CONCORDATS(1.0),BL,etat,1632,1
SLC:DF_CONCORDATS(1.0),FR,etat,1632,1
SLC:DF_CONCORDATS(1.0),NW,etat,1632,1
SLC:DF_CONCORDATS(1.0),OW,etat,1632,1
SLC:DF_CONCORDATS(1.0),SG,etat,1632,1
SLC:DF_CONCORDATS(1.0),SH,etat,1632,1
SLC:DF_CONCORDATS(1.0),UR,etat,1632,1
SLC:DF_CONCORDATS(1.0),ZH,etat,1632,1
SLC:DF_CONCORDATS(1.0),GE,etat,1726,1
SLC:DF_CONCORDATS(1.0),SO,infra,1780,1
SLC:DF_CONCORDATS(1.0),SZ,etat,1824,1
SLC:DF_CONCORDATS(1.0),BE,etat,1828,4
SLC:DF_CONCORDATS(1.0),BL,etat,1828,2
SLC:DF_CONCORDATS(1.0),BS,etat,1828,5
SLC:DF_CONCORDATS(1.0),LU,etat,1828,2
SLC:DF_CONCORDATS(1.0),SO,etat,1828,5
SLC:DF_CONCORDATS(1.0),TG,etat,1828,1
SLC:DF_CONCORDATS(1.0),ZG,etat,1828,3
SLC:DF_CONCORDATS(1.0),SO,etat,1830,1
SLC:DF_CONCORDATS(1.0),BL,etat,1834,1
SLC:DF_CONCORDATS(1.0),SZ,sante,1840,1
SLC:DF_CONCORDATS(1.0),UR,sante,1840,1
SLC:DF_CONCORDATS(1.0),AG,educ,1841,1
SLC:DF_CONCORDATS(1.0),BL,educ,1841,1
SLC:DF_CONCORDATS(1.0),OW,educ,1841,1
SLC:DF_CONCORDATS(1.0),SG,educ,1841,1
SLC:DF_CONCORDATS(1.0),SZ,etat,1841,1
SLC:DF_CONCORDATS(1.0),SZ,fin,1841,1
SLC:DF_CONCORDATS(1.0),SZ,infra,1841,1
SLC:DF_CONCORDATS(1.0),ZH,educ,1841,1
SLC:DF_CONCORDATS(1.0),ZH,etat,1841,1
SLC:DF_CONCORDATS(1.0),ZH,fin,1841,1
SLC:DF_CONCORDATS(1.0),ZH,infra,1841,1
SLC:DF_CONCORDATS(1.0),TG,etat,1846,2
SLC:DF_CONCORDATS(1.0),ZH,etat,1846,2
SLC:DF_CONCORDATS(1.0),AI,etat,1848,1
SLC:DF_CONCORDATS(1.0),NW,autres,1850,1
SLC:DF_CONCORDATS(1.0),BE,etat,1851,2
SLC:DF_CONCORDATS(1.0),SO,etat,1851,2
SLC:DF_CONCORDATS(1.0),LU,infra,1858,1
SLC:DF_CONCORDATS(1.0),SZ,infra,1858,1
SLC:DF_CONCORDATS(1.0),BL,etat,1863,1
SLC:DF_CONCORDATS(1.0),BS,etat,1863,1
SLC:DF_CONCORDATS(1.0),SG,etat,1869,1
SLC:DF_CONCORDATS(1.0),TG,etat,1869,1
SLC:DF_CONCORDATS(1.0),SG,etat,1870,6
SLC:DF_CONCORDATS(1.0),SH,etat,1870,1
SLC:DF_CONCORDATS(1.0),SZ,etat,1870,3
SLC:DF_CONCORDATS(1.0),TG,etat,1870,1
SLC:DF_CONCORDATS(1.0),ZH,etat,1870,6
SLC:DF_CONCORDATS(1.0),AG,etat,1874,1
SLC:DF_CONCORDATS(1.0),NW,etat,1874,1
SLC:DF_CONCORDATS(1.0),OW,etat,1874,1
SLC:DF_CONCORDATS(1.0),TG,etat,1886,2
SLC:DF_CONCORDATS(1.0),ZH,etat,1886,2
SLC:DF_CONCORDATS(1.0),AG,fin,1887,1
SLC:DF_CONCORDATS(1.0),UR,fin,1887,1
SLC:DF_CONCORDATS(1.0),ZH,fin,1887,1
SLC:DF_CONCORDATS(1.0),BS,fin,1888,1
SLC:DF_CONCORDATS(1.0),SO,fin,1888,1
SLC:DF_CONCORDATS(1.0),AG,autres,1889,1
SLC:DF_CONCORDATS(1.0),AI,autres,1889,1
SLC:DF_CONCORDATS(1.0),BE,etat,1889,1
SLC:DF_CONCORDATS(1.0),FR,autres,1889,1
SLC:DF_CONCORDATS(1.0),FR,etat,1889,2
SLC:DF_CONCORDATS(1.0),GL,autres,1889,1
SLC:DF_CONCORDATS(1.0),JU,etat,1889,1
SLC:DF_CONCORDATS(1.0),LU,autres,1889,1
SLC:DF_CONCORDATS(1.0),NE,autres,1889,1
SLC:DF_CONCORDATS(1.0),NW,autres,1889,1
SLC:DF_CONCORDATS(1.0),OW,autres,1889,1
SLC:DF_CONCORDATS(1.0),SG,autres,1889,1
SLC:DF_CONCORDATS(1.0),SG,etat,1889,1
SLC:DF_CONCORDATS(1.0),SH,autres,1889,1
SLC:DF_CONCORDATS(1.0),SO,autres,1889,1
SLC:DF_CONCORDATS(1.0),TG,etat,1889,1
SLC:DF_CONCORDATS(1.0),UR,autres,1889,1
SLC:DF_CONCORDATS(1.0),ZG,autres,1889,1
SLC:DF_CONCORDATS(1.0),ZH,autres,1889,1
SLC:DF_CONCORDATS(1.0),NW,autres,1890,1
SLC:DF_CONCORDATS(1.0),TG,etat,1890,1
SLC:DF_CONCORDATS(1.0),UR,autres,1890,1
SLC:DF_CONCORDATS(1.0),SG,etat,1891,1
SLC:DF_CONCORDATS(1.0),TG,etat,1891,1
SLC:DF_CONCORDATS(1.0),TG,infra,1891,1
SLC:DF_CONCORDATS(1.0),BE,autres,1893,2
SLC:DF_CONCORDATS(1.0),LU,fin,1894,1
SLC:DF_CONCORDATS(1.0),BE,etat,1895,1
SLC:DF_CONCORDATS(1.0),NE,etat,1895,1
SLC:DF_CONCORDATS(1.0),AR,autres,1896,1
SLC:DF_CONCORDATS(1.0),LU,autres,1896,1
SLC:DF_CONCORDATS(1.0),NE,autres,1896,1
SLC:DF_CONCORDATS(1.0),SZ,autres,1896,1
SLC:DF_CONCORDATS(1.0),TG,autres,1896,1
SLC:DF_CONCORDATS(1.0),TI,autres,1896,1
SLC:DF_CONCORDATS(1.0),ZG,autres,1896,1
SLC:DF_CONCORDATS(1.0),SO,fin,1899,1
SLC:DF_CONCORDATS(1.0),NW,educ,1900,1
SLC:DF_CONCORDATS(1.0),GE,autres,1901,1
SLC:DF_CONCORDATS(1.0),GL,autres,1901,1
SLC:DF_CONCORDATS(1.0),GR,autres,1901,1
SLC:DF_CONCORDATS(1.0),SH,etat,1901,2
SLC:DF_CONCORDATS(1.0),SO,autres,1901,1
SLC:DF_CONCORDATS(1.0),ZH,etat,1901,2
SLC:DF_CONCORDATS(1.0),BS,autres,1902,1
SLC:DF_CONCORDATS(1.0),ZH,etat,1902,1
SLC:DF_CONCORDATS(1.0),BL,autres,1903,1
SLC:DF_CONCORDATS(1.0),VD,autres,1903,1
SLC:DF_CONCORDATS(1.0),LU,autres,1905,1
SLC:DF_CONCORDATS(1.0),BL,etat,1906,1
SLC:DF_CONCORDATS(1.0),BS,etat,1906,1
SLC:DF_CONCORDATS(1.0),GR,fin,1906,1
SLC:DF_CONCORDATS(1.0),TG,fin,1906,1
SLC:DF_CONCORDATS(1.0),ZH,fin,1906,1
SLC:DF_CONCORDATS(1.0),NE,educ,1907,2
SLC:DF_CONCORDATS(1.0),TG,etat,1907,1
SLC:DF_CONCORDATS(1.0),VD,educ,1907,1
SLC:DF_CONCORDATS(1.0),ZH,etat,1907,1
SLC:DF_CONCORDATS(1.0),BL,etat,1909,1
SLC:DF_CONCORDATS(1.0),BS,etat,1909,1
SLC:DF_CONCORDATS(1.0),FR,etat,1909,1
SLC:DF_CONCORDATS(1.0),GE,etat,1909,1
SLC:DF_CONCORDATS(1.0),JU,etat,1909,1
SLC:DF_CONCORDATS(1.0),NW,etat,1909,1
SLC:DF_CONCORDATS(1.0),SO,etat,1909,1
SLC:DF_CONCORDATS(1.0),TG,etat,1909,1
SLC:DF_CONCORDATS(1.0),TI,etat,1909,1
SLC:DF_CONCORDATS(1.0),VD,etat,1909,1
SLC:DF_CONCORDATS(1.0),ZG,etat,1909,1
SLC:DF_CONCORDATS(1.0),NE,infra,1910,1
SLC:DF_CONCORDATS(1.0),SO,fin,1910,1
SLC:DF_CONCORDATS(1.0),VD,fin,1910,1
SLC:DF_CONCORDATS(1.0),VD,infra,1911,1
SLC:DF_CONCORDATS(1.0),BL,fin,1912,1
SLC:DF_CONCORDATS(1.0),BS,fin,1912,1
SLC:DF_CONCORDATS(1.0),NE,fin,1912,2
SLC:DF_CONCORDATS(1.0),SO,infra,1912,2
SLC:DF_CONCORDATS(1.0),AG,infra,1914,2
SLC:DF_CONCORDATS(1.0),AR,infra,1914,1
SLC:DF_CONCORDATS(1.0),GL,infra,1914,1
SLC:DF_CONCORDATS(1.0),SG,infra,1914,2
SLC:DF_CONCORDATS(1.0),SH,infra,1914,2
SLC:DF_CONCORDATS(1.0),SO,infra,1914,1
SLC:DF_CONCORDATS(1.0),SZ,infra,1914,1
SLC:DF_CONCORDATS(1.0),TG,infra,1914,1
SLC:DF_CONCORDATS(1.0),ZG,infra,1914,1
SLC:DF_CONCORDATS(1.0),ZH,infra,1914,2
SLC:DF_CONCORDATS(1.0),GL,infra,1915,1
SLC:DF_CONCORDATS(1.0),SZ,infra,1916,1
SLC:DF_CONCORDATS(1.0),ZG,infra,1916,1
SLC:DF_CONCORDATS(1.0),ZH,infra,1916,1
SLC:DF_CONCORDATS(1.0),SH,etat,1918,3
SLC:DF_CONCORDATS(1.0),TG,etat,1918,2
SLC:DF_CONCORDATS(1.0),BL,infra,1919,1
SLC:DF_CONCORDATS(1.0),BS,infra,1919,1
SLC:DF_CONCORDATS(1.0),SZ,infra,1919,1
SLC:DF_CONCORDATS(1.0),ZG,infra,1919,1
SLC:DF_CONCORDATS(1.0),ZH,infra,1919,2
SLC:DF_CONCORDATS(1.0),AG,fin,1922,1
SLC:DF_CONCORDATS(1.0),BL,fin,1922,1
SLC:DF_CONCORDATS(1.0),FR,fin,1922,1
SLC:DF_CONCORDATS(1.0),LU,infra,1922,1
SLC:DF_CONCORDATS(1.0),OW,fin,1922,1
SLC:DF_CONCORDATS(1.0),SG,fin,1922,1
SLC:DF_CONCORDATS(1.0),ZH,etat,1922,2
SLC:DF_CONCORDATS(1.0),ZH,fin,1922,1
SLC:DF_CONCORDATS(1.0),GR,eco,1923,1
SLC:DF_CONCORDATS(1.0),AR,sante,1924,1
SLC:DF_CONCORDATS(1.0),AG,fin,1926,1
SLC:DF_CONCORDATS(1.0),TG,autres,1926,1
SLC:DF_CONCORDATS(1.0),TG,etat,1926,2
SLC:DF_CONCORDATS(1.0),TG,fin,1926,1
SLC:DF_CONCORDATS(1.0),ZH,autres,1926,1
SLC:DF_CONCORDATS(1.0),ZH,etat,1926,2
SLC:DF_CONCORDATS(1.0),ZH,fin,1926,2
SLC:DF_CONCORDATS(1.0),SZ,infra,1927,1
SLC:DF_CONCORDATS(1.0),ZH,infra,1927,1
SLC:DF_CONCORDATS(1.0),SH,fin,1928,1
SLC:DF_CONCORDATS(1.0),SZ,infra,1929,2
SLC:DF_CONCORDATS(1.0),ZH,infra,1929,1
SLC:DF_CONCORDATS(1.0),SZ,infra,1930,1
SLC:DF_CONCORDATS(1.0),ZG,infra,1930,1
SLC:DF_CONCORDATS(1.0),ZH,infra,1930,1
SLC:DF_CONCORDATS(1.0),GL,fin,1931,1
SLC:DF_CONCORDATS(1.0),SH,fin,1931,1
SLC:DF_CONCORDATS(1.0),SO,etat,1931,1
SLC:DF_CONCORDATS(1.0),TG,fin,1931,1
SLC:DF_CONCORDATS(1.0),ZH,infra,1931,1
SLC:DF_CONCORDATS(1.0),SZ,infra,1933,1
SLC:DF_CONCORDATS(1.0),TG,fin,1933,1
SLC:DF_CONCORDATS(1.0),ZG,fin,1933,1
SLC:DF_CONCORDATS(1.0),LU,fin,1934,1
SLC:DF_CONCORDATS(1.0),TG,fin,1934,1
SLC:DF_CONCORDATS(1.0),BL,fin,1936,1
SLC:DF_CONCORDATS(1.0),FR,fin,1936,1
SLC:DF_CONCORDATS(1.0),GR,fin,1936,1
SLC:DF_CONCORDATS(1.0),NW,fin,1936,1
SLC:DF_CONCORDATS(1.0),ZH,fin,1936,1
SLC:DF_CONCORDATS(1.0),ZH,infra,1936,1
SLC:DF_CONCORDATS(1.0),AG,infra,1937,2
SLC:DF_CONCORDATS(1.0),AI,infra,1937,1
SLC:DF_CONCORDATS(1.0),AR,infra,1937,2
SLC:DF_CONCORDATS(1.0),BE,infra,1937,1
SLC:DF_CONCORDATS(1.0),BL,infra,1937,1
SLC:DF_CONCORDATS(1.0),BS,infra,1937,1
SLC:DF_CONCORDATS(1.0),FR,infra,1937,1
SLC:DF_CONCORDATS(1.0),GL,infra,1937,1
SLC:DF_CONCORDATS(1.0),GR,eco,1937,1
SLC:DF_CONCORDATS(1.0),GR,fin,1937,1
SLC:DF_CONCORDATS(1.0),GR,infra,1937,1
SLC:DF_CONCORDATS(1.0),LU,autres,1937,1
SLC:DF_CONCORDATS(1.0),LU,infra,1937,1
SLC:DF_CONCORDATS(1.0),NW,infra,1937,1
SLC:DF_CONCORDATS(1.0),OW,infra,1937,1
SLC:DF_CONCORDATS(1.0),SG,autres,1937,1
SLC:DF_CONCORDATS(1.0),SG,fin,1937,1
SLC:DF_CONCORDATS(1.0),SG,infra,1937,1
SLC:DF_CONCORDATS(1.0),SH,infra,1937,1
SLC:DF_CONCORDATS(1.0),SO,infra,1937,2
SLC:DF_CONCORDATS(1.0),TG,autres,1937,1
SLC:DF_CONCORDATS(1.0),TG,infra,1937,1
SLC:DF_CONCORDATS(1.0),TI,autres,1937,1
SLC:DF_CONCORDATS(1.0),UR,infra,1937,1
SLC:DF_CONCORDATS(1.0),ZG,autres,1937,1
SLC:DF_CONCORDATS(1.0),ZG,infra,1937,1
SLC:DF_CONCORDATS(1.0),ZH,etat,1937,1
SLC:DF_CONCORDATS(1.0),BL,etat,1938,1
SLC:DF_CONCORDATS(1.0),BS,etat,1938,1
SLC:DF_CONCORDATS(1.0),FR,infra,1938,1
SLC:DF_CONCORDATS(1.0),SG,etat,1938,1
SLC:DF_CONCORDATS(1.0),SZ,infra,1938,4
SLC:DF_CONCORDATS(1.0),TG,etat,1938,1
SLC:DF_CONCORDATS(1.0),VD,infra,1938,1
SLC:DF_CONCORDATS(1.0),SH,educ,1939,1
SLC:DF_CONCORDATS(1.0),SO,educ,1939,1
SLC:DF_CONCORDATS(1.0),SZ,fin,1939,1
SLC:DF_CONCORDATS(1.0),SZ,infra,1939,1
SLC:DF_CONCORDATS(1.0),AI,autres,1940,2
SLC:DF_CONCORDATS(1.0),AR,autres,1940,2
SLC:DF_CONCORDATS(1.0),AR,etat,1940,1
SLC:DF_CONCORDATS(1.0),BL,etat,1940,1
SLC:DF_CONCORDATS(1.0),BS,etat,1940,1
SLC:DF_CONCORDATS(1.0),SG,etat,1940,1
SLC:DF_CONCORDATS(1.0),SO,autres,1941,1
SLC:DF_CONCORDATS(1.0),AG,eco,1943,1
SLC:DF_CONCORDATS(1.0),AI,eco,1943,1
SLC:DF_CONCORDATS(1.0),AR,eco,1943,1
SLC:DF_CONCORDATS(1.0),BE,eco,1943,1
SLC:DF_CONCORDATS(1.0),BL,eco,1943,2
SLC:DF_CONCORDATS(1.0),FR,autres,1943,1
SLC:DF_CONCORDATS(1.0),FR,eco,1943,1
SLC:DF_CONCORDATS(1.0),GE,eco,1943,1
SLC:DF_CONCORDATS(1.0),GL,eco,1943,2
SLC:DF_CONCORDATS(1.0),GR,eco,1943,1
SLC:DF_CONCORDATS(1.0),GR,fin,1943,1
SLC:DF_CONCORDATS(1.0),LU,eco,1943,1
SLC:DF_CONCORDATS(1.0),NE,eco,1943,2
SLC:DF_CONCORDATS(1.0),NE,educ,1943,1
SLC:DF_CONCORDATS(1.0),NW,eco,1943,1
SLC:DF_CONCORDATS(1.0),OW,etat,1943,1
SLC:DF_CONCORDATS(1.0),SG,eco,1943,1
SLC:DF_CONCORDATS(1.0),SH,autres,1943,1
SLC:DF_CONCORDATS(1.0),SO,eco,1943,1
SLC:DF_CONCORDATS(1.0),SZ,eco,1943,1
SLC:DF_CONCORDATS(1.0),TG,eco,1943,1
SLC:DF_CONCORDATS(1.0),UR,eco,1943,1
SLC:DF_CONCORDATS(1.0),VD,eco,1943,1
SLC:DF_CONCORDATS(1.0),ZG,eco,1943,1
SLC:DF_CONCORDATS(1.0),ZG,etat,1943,1
SLC:DF_CONCORDATS(1.0),ZH,eco,1943,1
SLC:DF_CONCORDATS(1.0),AI,autres,1944,1
SLC:DF_CONCORDATS(1.0),SG,fin,1944,1
SLC:DF_CONCORDATS(1.0),SO,fin,1944,1
SLC:DF_CONCORDATS(1.0),SZ,fin,1944,1
SLC:DF_CONCORDATS(1.0),VD,autres,1944,1
SLC:DF_CONCORDATS(1.0),SG,fin,1945,1
SLC:DF_CONCORDATS(1.0),SZ,fin,1945,1
SLC:DF_CONCORDATS(1.0),ZH,fin,1945,1
SLC:DF_CONCORDATS(1.0),SG,fin,1946,1
SLC:DF_CONCORDATS(1.0),ZH,fin,1946,1
SLC:DF_CONCORDATS(1.0),ZG,fin,1947,1
SLC:DF_CONCORDATS(1.0),ZH,fin,1947,2
SLC:DF_CONCORDATS(1.0),AI,fin,1948,1
SLC:DF_CONCORDATS(1.0),AR,fin,1948,1
SLC:DF_CONCORDATS(1.0),BL,educ,1948,1
SLC:DF_CONCORDATS(1.0),BL,etat,1948,1
SLC:DF_CONCORDATS(1.0),BL,fin,1948,1
SLC:DF_CONCORDATS(1.0),BS,educ,1948,1
SLC:DF_CONCORDATS(1.0),BS,etat,1948,1
SLC:DF_CONCORDATS(1.0),BS,fin,1948,1
SLC:DF_CONCORDATS(1.0),FR,fin,1948,1
SLC:DF_CONCORDATS(1.0),GE,fin,1948,1
SLC:DF_CONCORDATS(1.0),GL,fin,1948,1
SLC:DF_CONCORDATS(1.0),GR,fin,1948,1
SLC:DF_CONCORDATS(1.0),LU,fin,1948,1
SLC:DF_CONCORDATS(1.0),NW,fin,1948,1
SLC:DF_CONCORDATS(1.0),OW,etat,1948,1
SLC:DF_CONCORDATS(1.0),SG,fin,1948,1
SLC:DF_CONCORDATS(1.0),SH,fin,1948,1
SLC:DF_CONCORDATS(1.0),SO,fin,1948,1
SLC:DF_CONCORDATS(1.0),SZ,fin,1948,1
SLC:DF_CONCORDATS(1.0),TG,fin,1948,1
SLC:DF_CONCORDATS(1.0),VD,fin,1948,1
SLC:DF_CONCORDATS(1.0),VS,fin,1948,1
SLC:DF_CONCORDATS(1.0),ZG,etat,1948,1
SLC:DF_CONCORDATS(1.0),ZG,fin,1948,1
SLC:DF_CONCORDATS(1.0),ZH,fin,1948,1
SLC:DF_CONCORDATS(1.0),BL,etat,1949,1
SLC:DF_CONCORDATS(1.0),BS,etat,1949,1
SLC:DF_CONCORDATS(1.0),BL,infra,1950,2
SLC:DF_CONCORDATS(1.0),BS,infra,1950,1
SLC:DF_CONCORDATS(1.0),FR,infra,1950,1
SLC:DF_CONCORDATS(1.0),LU,autres,1950,1
SLC:DF_CONCORDATS(1.0),SO,infra,1950,1
SLC:DF_CONCORDATS(1.0),AI,infra,1951,3
SLC:DF_CONCORDATS(1.0),AR,infra,1951,1
SLC:DF_CONCORDATS(1.0),BE,infra,1951,1
SLC:DF_CONCORDATS(1.0),GL,infra,1951,1
SLC:DF_CONCORDATS(1.0),GR,infra,1951,1
SLC:DF_CONCORDATS(1.0),LU,infra,1951,1
SLC:DF_CONCORDATS(1.0),NE,infra,1951,1
SLC:DF_CONCORDATS(1.0),NW,infra,1951,1
SLC:DF_CONCORDATS(1.0),SG,infra,1951,2
SLC:DF_CONCORDATS(1.0),SO,infra,1951,1
SLC:DF_CONCORDATS(1.0),SZ,infra,1951,1
SLC:DF_CONCORDATS(1.0),VD,infra,1951,1
SLC:DF_CONCORDATS(1.0),VS,infra,1951,1
SLC:DF_CONCORDATS(1.0),ZG,infra,1951,1
SLC:DF_CONCORDATS(1.0),ZH,infra,1951,1
SLC:DF_CONCORDATS(1.0),SO,etat,1953,1
SLC:DF_CONCORDATS(1.0),BL,etat,1954,1
SLC:DF_CONCORDATS(1.0),BS,etat,1954,1
SLC:DF_CONCORDATS(1.0),FR,autres,1954,1
SLC:DF_CONCORDATS(1.0),JU,autres,1954,1
SLC:DF_CONCORDATS(1.0),NW,autres,1954,1
SLC:DF_CONCORDATS(1.0),OW,autres,1954,1
SLC:DF_CONCORDATS(1.0),SG,autres,1954,1
SLC:DF_CONCORDATS(1.0),SG,infra,1954,1
SLC:DF_CONCORDATS(1.0),SZ,infra,1954,1
SLC:DF_CONCORDATS(1.0),ZG,autres,1954,1
SLC:DF_CONCORDATS(1.0),ZG,fin,1954,1
SLC:DF_CONCORDATS(1.0),AG,infra,1955,1
SLC:DF_CONCORDATS(1.0),AI,eco,1955,1
SLC:DF_CONCORDATS(1.0),AR,autres,1955,1
SLC:DF_CONCORDATS(1.0),GR,fin,1955,1
SLC:DF_CONCORDATS(1.0),SG,fin,1955,1
SLC:DF_CONCORDATS(1.0),SH,infra,1955,1
SLC:DF_CONCORDATS(1.0),SZ,fin,1955,1
SLC:DF_CONCORDATS(1.0),TG,fin,1955,1
SLC:DF_CONCORDATS(1.0),ZG,fin,1955,1
SLC:DF_CONCORDATS(1.0),ZH,fin,1955,2
SLC:DF_CONCORDATS(1.0),ZH,infra,1955,2
SLC:DF_CONCORDATS(1.0),BE,autres,1957,1
SLC:DF_CONCORDATS(1.0),SH,autres,1957,1
SLC:DF_CONCORDATS(1.0),SH,infra,1957,1
SLC:DF_CONCORDATS(1.0),VD,autres,1957,1
SLC:DF_CONCORDATS(1.0),VS,autres,1957,1
SLC:DF_CONCORDATS(1.0),ZG,autres,1957,1
SLC:DF_CONCORDATS(1.0),AG,infra,1958,1
SLC:DF_CONCORDATS(1.0),AI,infra,1958,1
SLC:DF_CONCORDATS(1.0),BL,infra,1958,1
SLC:DF_CONCORDATS(1.0),GR,fin,1958,2
SLC:DF_CONCORDATS(1.0),SG,infra,1958,2
SLC:DF_CONCORDATS(1.0),SH,infra,1958,1
SLC:DF_CONCORDATS(1.0),SO,infra,1958,1
SLC:DF_CONCORDATS(1.0),SZ,infra,1958,2
SLC:DF_CONCORDATS(1.0),TG,fin,1958,1
SLC:DF_CONCORDATS(1.0),VD,infra,1958,2
SLC:DF_CONCORDATS(1.0),ZG,fin,1958,1
SLC:DF_CONCORDATS(1.0),ZH,infra,1958,3
SLC:DF_CONCORDATS(1.0),BE,etat,1959,1
SLC:DF_CONCORDATS(1.0),BE,sante,1959,1
SLC:DF_CONCORDATS(1.0),BL,sante,1959,1
SLC:DF_CONCORDATS(1.0),BS,sante,1959,1
SLC:DF_CONCORDATS(1.0),LU,autres,1959,1
SLC:DF_CONCORDATS(1.0),NW,infra,1959,1
SLC:DF_CONCORDATS(1.0),NW,sante,1959,1
SLC:DF_CONCORDATS(1.0),SO,autres,1959,1
SLC:DF_CONCORDATS(1.0),SO,etat,1959,1
SLC:DF_CONCORDATS(1.0),SZ,sante,1959,1
SLC:DF_CONCORDATS(1.0),VD,fin,1959,1
SLC:DF_CONCORDATS(1.0),ZG,sante,1959,1
SLC:DF_CONCORDATS(1.0),BL,fin,1960,1
SLC:DF_CONCORDATS(1.0),GE,infra,1960,1
SLC:DF_CONCORDATS(1.0),NE,fin,1960,1
SLC:DF_CONCORDATS(1.0),NE,infra,1960,1
SLC:DF_CONCORDATS(1.0),SG,fin,1960,1
SLC:DF_CONCORDATS(1.0),SO,infra,1960,1
SLC:DF_CONCORDATS(1.0),VD,fin,1960,1
SLC:DF_CONCORDATS(1.0),ZH,fin,1960,1
SLC:DF_CONCORDATS(1.0),BL,etat,1961,1
SLC:DF_CONCORDATS(1.0),BS,etat,1961,1
SLC:DF_CONCORDATS(1.0),SG,infra,1961,1
SLC:DF_CONCORDATS(1.0),ZH,infra,1961,1
SLC:DF_CONCORDATS(1.0),BL,fin,1962,1
SLC:DF_CONCORDATS(1.0),BL,infra,1962,1
SLC:DF_CONCORDATS(1.0),SO,fin,1962,1
SLC:DF_CONCORDATS(1.0),SO,sante,1962,1
SLC:DF_CONCORDATS(1.0),BL,educ,1963,1
SLC:DF_CONCORDATS(1.0),BS,sante,1963,1
SLC:DF_CONCORDATS(1.0),SZ,fin,1963,1
SLC:DF_CONCORDATS(1.0),AR,autres,1964,1
SLC:DF_CONCORDATS(1.0),BE,eco,1964,1
SLC:DF_CONCORDATS(1.0),BL,eco,1964,1
SLC:DF_CONCORDATS(1.0),BL,educ,1964,1
SLC:DF_CONCORDATS(1.0),BS,eco,1964,2
SLC:DF_CONCORDATS(1.0),BS,infra,1964,1
SLC:DF_CONCORDATS(1.0),GE,eco,1964,1
SLC:DF_CONCORDATS(1.0),GE,infra,1964,1
SLC:DF_CONCORDATS(1.0),LU,educ,1964,1
SLC:DF_CONCORDATS(1.0),SG,fin,1964,1
SLC:DF_CONCORDATS(1.0),SG,sante,1964,1
SLC:DF_CONCORDATS(1.0),SO,eco,1964,1
SLC:DF_CONCORDATS(1.0),SZ,educ,1964,1
SLC:DF_CONCORDATS(1.0),TG,sante,1964,1
SLC:DF_CONCORDATS(1.0),VD,eco,1964,1
SLC:DF_CONCORDATS(1.0),ZH,fin,1964,1
SLC:DF_CONCORDATS(1.0),BS,fin,1965,1
SLC:DF_CONCORDATS(1.0),LU,fin,1965,1
SLC:DF_CONCORDATS(1.0),SG,fin,1965,2
SLC:DF_CONCORDATS(1.0),TI,fin,1965,1
SLC:DF_CONCORDATS(1.0),SG,fin,1966,1
SLC:DF_CONCORDATS(1.0),ZG,fin,1966,1
SLC:DF_CONCORDATS(1.0),AG,infra,1967,1
SLC:DF_CONCORDATS(1.0),AI,etat,1967,1
SLC:DF_CONCORDATS(1.0),AR,etat,1967,1
SLC:DF_CONCORDATS(1.0),AR,fin,1967,1
SLC:DF_CONCORDATS(1.0),AR,infra,1967,2
SLC:DF_CONCORDATS(1.0),BL,etat,1967,1
SLC:DF_CONCORDATS(1.0),BS,etat,1967,1
SLC:DF_CONCORDATS(1.0),LU,fin,1967,1
SLC:DF_CONCORDATS(1.0),NW,etat,1967,1
SLC:DF_CONCORDATS(1.0),SG,fin,1967,1
SLC:DF_CONCORDATS(1.0),SG,infra,1967,4
SLC:DF_CONCORDATS(1.0),SH,fin,1967,1
SLC:DF_CONCORDATS(1.0),SO,infra,1967,1
SLC:DF_CONCORDATS(1.0),TG,infra,1967,3
SLC:DF_CONCORDATS(1.0),ZH,infra,1967,1
SLC:DF_CONCORDATS(1.0),FR,eco,1968,2
SLC:DF_CONCORDATS(1.0),GE,sante,1968,1
SLC:DF_CONCORDATS(1.0),GR,educ,1968,2
SLC:DF_CONCORDATS(1.0),SG,educ,1968,1
SLC:DF_CONCORDATS(1.0),SO,etat,1968,1
SLC:DF_CONCORDATS(1.0),SZ,infra,1968,1
SLC:DF_CONCORDATS(1.0),TG,fin,1968,1
SLC:DF_CONCORDATS(1.0),VD,eco,1968,1
SLC:DF_CONCORDATS(1.0),VD,educ,1968,1
SLC:DF_CONCORDATS(1.0),VD,fin,1968,1
SLC:DF_CONCORDATS(1.0),ZH,infra,1968,1
SLC:DF_CONCORDATS(1.0),AI,autres,1969,1
SLC:DF_CONCORDATS(1.0),AI,etat,1969,1
SLC:DF_CONCORDATS(1.0),AI,fin,1969,1
SLC:DF_CONCORDATS(1.0),AR,autres,1969,1
SLC:DF_CONCORDATS(1.0),AR,etat,1969,1
SLC:DF_CONCORDATS(1.0),AR,fin,1969,1
SLC:DF_CONCORDATS(1.0),AR,sante,1969,1
SLC:DF_CONCORDATS(1.0),BE,etat,1969,1
SLC:DF_CONCORDATS(1.0),FR,fin,1969,1
SLC:DF_CONCORDATS(1.0),GE,autres,1969,1
SLC:DF_CONCORDATS(1.0),GE,educ,1969,1
SLC:DF_CONCORDATS(1.0),GL,autres,1969,1
SLC:DF_CONCORDATS(1.0),GR,autres,1969,1
SLC:DF_CONCORDATS(1.0),LU,autres,1969,1
SLC:DF_CONCORDATS(1.0),LU,sante,1969,1
SLC:DF_CONCORDATS(1.0),NE,autres,1969,1
SLC:DF_CONCORDATS(1.0),NE,fin,1969,3
SLC:DF_CONCORDATS(1.0),NW,autres,1969,2
SLC:DF_CONCORDATS(1.0),SG,fin,1969,1
SLC:DF_CONCORDATS(1.0),SG,infra,1969,1
SLC:DF_CONCORDATS(1.0),SH,infra,1969,1
SLC:DF_CONCORDATS(1.0),SO,autres,1969,1
SLC:DF_CONCORDATS(1.0),SO,eco,1969,1
SLC:DF_CONCORDATS(1.0),SZ,autres,1969,1
SLC:DF_CONCORDATS(1.0),SZ,fin,1969,1
SLC:DF_CONCORDATS(1.0),TG,autres,1969,1
SLC:DF_CONCORDATS(1.0),TG,fin,1969,1
SLC:DF_CONCORDATS(1.0),TG,infra,1969,2
SLC:DF_CONCORDATS(1.0),TI,autres,1969,1
SLC:DF_CONCORDATS(1.0),VD,autres,1969,1
SLC:DF_CONCORDATS(1.0),ZG,fin,1969,2
SLC:DF_CONCORDATS(1.0),ZH,autres,1969,1
SLC:DF_CONCORDATS(1.0),AI,educ,1970,1
SLC:DF_CONCORDATS(1.0),AR,educ,1970,1
SLC:DF_CONCORDATS(1.0),BE,educ,1970,1
SLC:DF_CONCORDATS(1.0),BL,educ,1970,1
SLC:DF_CONCORDATS(1.0),BL,infra,1970,1
SLC:DF_CONCORDATS(1.0),BL,sante,1970,1
SLC:DF_CONCORDATS(1.0),BS,autres,1970,1
SLC:DF_CONCORDATS(1.0),BS,educ,1970,1
SLC:DF_CONCORDATS(1.0),FR,educ,1970,1
SLC:DF_CONCORDATS(1.0),GE,educ,1970,1
SLC:DF_CONCORDATS(1.0),GR,educ,1970,1
SLC:DF_CONCORDATS(1.0),LU,educ,1970,1
SLC:DF_CONCORDATS(1.0),LU,fin,1970,1
SLC:DF_CONCORDATS(1.0),NE,educ,1970,1
SLC:DF_CONCORDATS(1.0),NW,educ,1970,1
SLC:DF_CONCORDATS(1.0),SG,educ,1970,2
SLC:DF_CONCORDATS(1.0),SG,fin,1970,1
SLC:DF_CONCORDATS(1.0),SG,infra,1970,3
SLC:DF_CONCORDATS(1.0),SH,educ,1970,1
SLC:DF_CONCORDATS(1.0),SO,educ,1970,1
SLC:DF_CONCORDATS(1.0),SO,etat,1970,1
SLC:DF_CONCORDATS(1.0),SZ,educ,1970,1
SLC:DF_CONCORDATS(1.0),TG,educ,1970,1
SLC:DF_CONCORDATS(1.0),TG,infra,1970,4
SLC:DF_CONCORDATS(1.0),VD,educ,1970,1
SLC:DF_CONCORDATS(1.0),VS,educ,1970,1
SLC:DF_CONCORDATS(1.0),ZG,educ,1970,1
SLC:DF_CONCORDATS(1.0),ZH,fin,1970,1
SLC:DF_CONCORDATS(1.0),ZH,infra,1970,1
SLC:DF_CONCORDATS(1.0),AR,autres,1971,1
SLC:DF_CONCORDATS(1.0),AR,eco,1971,1
SLC:DF_CONCORDATS(1.0),AR,sante,1971,1
SLC:DF_CONCORDATS(1.0),BE,sante,1971,1
SLC:DF_CONCORDATS(1.0),BL,infra,1971,1
SLC:DF_CONCORDATS(1.0),BL,sante,1971,1
SLC:DF_CONCORDATS(1.0),BS,sante,1971,2
SLC:DF_CONCORDATS(1.0),GE,fin,1971,2
SLC:DF_CONCORDATS(1.0),GL,sante,1971,1
SLC:DF_CONCORDATS(1.0),GR,autres,1971,1
SLC:DF_CONCORDATS(1.0),GR,eco,1971,1
SLC:DF_CONCORDATS(1.0),LU,sante,1971,1
SLC:DF_CONCORDATS(1.0),NE,fin,1971,3
SLC:DF_CONCORDATS(1.0),NW,sante,1971,1
SLC:DF_CONCORDATS(1.0),SG,educ,1971,1
SLC:DF_CONCORDATS(1.0),SO,educ,1971,1
SLC:DF_CONCORDATS(1.0),SZ,educ,1971,1
SLC:DF_CONCORDATS(1.0),SZ,sante,1971,2
SLC:DF_CONCORDATS(1.0),TG,autres,1971,1
SLC:DF_CONCORDATS(1.0),TG,fin,1971,2
SLC:DF_CONCORDATS(1.0),TG,infra,1971,3
SLC:DF_CONCORDATS(1.0),TI,autres,1971,1
SLC:DF_CONCORDATS(1.0),UR,educ,1971,1
SLC:DF_CONCORDATS(1.0),VD,autres,1971,1
SLC:DF_CONCORDATS(1.0),VS,autres,1971,1
SLC:DF_CONCORDATS(1.0),VS,sante,1971,1
SLC:DF_CONCORDATS(1.0),ZH,educ,1971,1
SLC:DF_CONCORDATS(1.0),ZH,etat,1971,1
SLC:DF_CONCORDATS(1.0),ZH,infra,1971,3
SLC:DF_CONCORDATS(1.0),AG,fin,1972,1
SLC:DF_CONCORDATS(1.0),AI,eco,1972,1
SLC:DF_CONCORDATS(1.0),BE,etat,1972,2
SLC:DF_CONCORDATS(1.0),BE,fin,1972,1
SLC:DF_CONCORDATS(1.0),BS,sante,1972,1
SLC:DF_CONCORDATS(1.0),GR,eco,1972,1
SLC:DF_CONCORDATS(1.0),JU,educ,1972,1
SLC:DF_CONCORDATS(1.0),NE,fin,1972,3
SLC:DF_CONCORDATS(1.0),OW,sante,1972,1
SLC:DF_CONCORDATS(1.0),SG,sante,1972,1
SLC:DF_CONCORDATS(1.0),TG,infra,1972,1
SLC:DF_CONCORDATS(1.0),TI,educ,1972,1
SLC:DF_CONCORDATS(1.0),VD,fin,1972,1
SLC:DF_CONCORDATS(1.0),ZG,sante,1972,1
SLC:DF_CONCORDATS(1.0),ZH,infra,1972,1
SLC:DF_CONCORDATS(1.0),AR,educ,1973,3
SLC:DF_CONCORDATS(1.0),AR,fin,1973,1
SLC:DF_CONCORDATS(1.0),BE,fin,1973,1
SLC:DF_CONCORDATS(1.0),BL,fin,1973,1
SLC:DF_CONCORDATS(1.0),BL,infra,1973,1
SLC:DF_CONCORDATS(1.0),BS,fin,1973,1
SLC:DF_CONCORDATS(1.0),BS,infra,1973,1
SLC:DF_CONCORDATS(1.0),FR,fin,1973,1
SLC:DF_CONCORDATS(1.0),GE,fin,1973,1
SLC:DF_CONCORDATS(1.0),GL,fin,1973,1
SLC:DF_CONCORDATS(1.0),GL,infra,1973,1
SLC:DF_CONCORDATS(1.0),GR,fin,1973,1
SLC:DF_CONCORDATS(1.0),LU,fin,1973,1
SLC:DF_CONCORDATS(1.0),NE,educ,1973,1
SLC:DF_CONCORDATS(1.0),NE,fin,1973,3
SLC:DF_CONCORDATS(1.0),NE,infra,1973,1
SLC:DF_CONCORDATS(1.0),SG,educ,1973,1
SLC:DF_CONCORDATS(1.0),SG,fin,1973,3
SLC:DF_CONCORDATS(1.0),SG,infra,1973,1
SLC:DF_CONCORDATS(1.0),SO,educ,1973,1
SLC:DF_CONCORDATS(1.0),SZ,fin,1973,1
SLC:DF_CONCORDATS(1.0),TG,fin,1973,1
SLC:DF_CONCORDATS(1.0),VD,fin,1973,1
SLC:DF_CONCORDATS(1.0),VS,fin,1973,1
SLC:DF_CONCORDATS(1.0),ZG,autres,1973,1
SLC:DF_CONCORDATS(1.0),ZG,fin,1973,1
SLC:DF_CONCORDATS(1.0),ZH,autres,1973,1
SLC:DF_CONCORDATS(1.0),AR,autres,1974,2
SLC:DF_CONCORDATS(1.0),BE,sante,1974,1
SLC:DF_CONCORDATS(1.0),BL,eco,1974,1
SLC:DF_CONCORDATS(1.0),BL,etat,1974,1
SLC:DF_CONCORDATS(1.0),BL,infra,1974,5
SLC:DF_CONCORDATS(1.0),BL,sante,1974,4
SLC:DF_CONCORDATS(1.0),BS,etat,1974,1
SLC:DF_CONCORDATS(1.0),BS,infra,1974,5
SLC:DF_CONCORDATS(1.0),BS,sante,1974,2
SLC:DF_CONCORDATS(1.0),GE,autres,1974,1
SLC:DF_CONCORDATS(1.0),GR,eco,1974,1
SLC:DF_CONCORDATS(1.0),LU,autres,1974,1
SLC:DF_CONCORDATS(1.0),NE,autres,1974,1
SLC:DF_CONCORDATS(1.0),NE,educ,1974,1
SLC:DF_CONCORDATS(1.0),NW,autres,1974,2
SLC:DF_CONCORDATS(1.0),NW,eco,1974,1
SLC:DF_CONCORDATS(1.0),NW,sante,1974,1
SLC:DF_CONCORDATS(1.0),SG,infra,1974,1
SLC:DF_CONCORDATS(1.0),SO,autres,1974,1
SLC:DF_CONCORDATS(1.0),SO,eco,1974,1
SLC:DF_CONCORDATS(1.0),SZ,eco,1974,1
SLC:DF_CONCORDATS(1.0),TG,eco,1974,1
SLC:DF_CONCORDATS(1.0),TG,etat,1974,1
SLC:DF_CONCORDATS(1.0),TG,infra,1974,2
SLC:DF_CONCORDATS(1.0),TG,sante,1974,1
SLC:DF_CONCORDATS(1.0),TI,autres,1974,1
SLC:DF_CONCORDATS(1.0),UR,educ,1974,1
SLC:DF_CONCORDATS(1.0),ZH,etat,1974,1
SLC:DF_CONCORDATS(1.0),ZH,fin,1974,1
SLC:DF_CONCORDATS(1.0),ZH,infra,1974,1
SLC:DF_CONCORDATS(1.0),ZH,sante,1974,1
SLC:DF_CONCORDATS(1.0),AG,educ,1975,1
SLC:DF_CONCORDATS(1.0),AG,fin,1975,1
SLC:DF_CONCORDATS(1.0),AG,infra,1975,1
SLC:DF_CONCORDATS(1.0),AG,sante,1975,1
SLC:DF_CONCORDATS(1.0),BE,autres,1975,1
SLC:DF_CONCORDATS(1.0),BL,infra,1975,1
SLC:DF_CONCORDATS(1.0),BL,sante,1975,3
SLC:DF_CONCORDATS(1.0),BS,educ,1975,1
SLC:DF_CONCORDATS(1.0),BS,infra,1975,2
SLC:DF_CONCORDATS(1.0),BS,sante,1975,3
SLC:DF_CONCORDATS(1.0),FR,infra,1975,1
SLC:DF_CONCORDATS(1.0),GR,educ,1975,1
SLC:DF_CONCORDATS(1.0),NE,autres,1975,1
SLC:DF_CONCORDATS(1.0),SG,educ,1975,2
SLC:DF_CONCORDATS(1.0),SG,etat,1975,1
SLC:DF_CONCORDATS(1.0),SG,fin,1975,1
SLC:DF_CONCORDATS(1.0),SG,infra,1975,1
SLC:DF_CONCORDATS(1.0),SZ,autres,1975,1
SLC:DF_CONCORDATS(1.0),TG,infra,1975,1
SLC:DF_CONCORDATS(1.0),VD,autres,1975,1
SLC:DF_CONCORDATS(1.0),VD,eco,1975,1
SLC:DF_CONCORDATS(1.0),ZH,infra,1975,1
SLC:DF_CONCORDATS(1.0),AG,educ,1976,1
SLC:DF_CONCORDATS(1.0),AG,infra,1976,1
SLC:DF_CONCORDATS(1.0),AI,autres,1976,1
SLC:DF_CONCORDATS(1.0),AI,infra,1976,1
SLC:DF_CONCORDATS(1.0),AR,etat,1976,1
SLC:DF_CONCORDATS(1.0),AR,infra,1976,1
SLC:DF_CONCORDATS(1.0),AR,sante,1976,3
SLC:DF_CONCORDATS(1.0),BE,infra,1976,2
SLC:DF_CONCORDATS(1.0),BL,educ,1976,1
SLC:DF_CONCORDATS(1.0),BL,infra,1976,1
SLC:DF_CONCORDATS(1.0),BS,autres,1976,1
SLC:DF_CONCORDATS(1.0),BS,fin,1976,1
SLC:DF_CONCORDATS(1.0),BS,infra,1976,1
SLC:DF_CONCORDATS(1.0),BS,sante,1976,1
SLC:DF_CONCORDATS(1.0),FR,sante,1976,1
SLC:DF_CONCORDATS(1.0),GL,autres,1976,1
SLC:DF_CONCORDATS(1.0),GL,etat,1976,2
SLC:DF_CONCORDATS(1.0),GL,fin,1976,1
SLC:DF_CONCORDATS(1.0),GL,infra,1976,1
SLC:DF_CONCORDATS(1.0),GL,sante,1976,1
SLC:DF_CONCORDATS(1.0),GR,fin,1976,1
SLC:DF_CONCORDATS(1.0),GR,sante,1976,2
SLC:DF_CONCORDATS(1.0),NW,infra,1976,1
SLC:DF_CONCORDATS(1.0),OW,autres,1976,1
SLC:DF_CONCORDATS(1.0),OW,infra,1976,1
SLC:DF_CONCORDATS(1.0),SG,autres,1976,2
SLC:DF_CONCORDATS(1.0),SG,etat,1976,1
SLC:DF_CONCORDATS(1.0),SH,autres,1976,1
SLC:DF_CONCORDATS(1.0),SH,infra,1976,1
SLC:DF_CONCORDATS(1.0),SO,fin,1976,1
SLC:DF_CONCORDATS(1.0),SO,infra,1976,1
SLC:DF_CONCORDATS(1.0),SO,sante,1976,1
SLC:DF_CONCORDATS(1.0),SZ,educ,1976,1
SLC:DF_CONCORDATS(1.0),TG,autres,1976,1
SLC:DF_CONCORDATS(1.0),TG,eco,1976,1
SLC:DF_CONCORDATS(1.0),TG,etat,1976,1
SLC:DF_CONCORDATS(1.0),TG,infra,1976,1
SLC:DF_CONCORDATS(1.0),TG,sante,1976,2
SLC:DF_CONCORDATS(1.0),UR,autres,1976,1
SLC:DF_CONCORDATS(1.0),VS,fin,1976,1
SLC:DF_CONCORDATS(1.0),VS,infra,1976,1
SLC:DF_CONCORDATS(1.0),ZH,autres,1976,2
SLC:DF_CONCORDATS(1.0),ZH,eco,1976,1
SLC:DF_CONCORDATS(1.0),ZH,infra,1976,2
SLC:DF_CONCORDATS(1.0),ZH,sante,1976,1
SLC:DF_CONCORDATS(1.0),AR,infra,1977,1
SLC:DF_CONCORDATS(1.0),BL,etat,1977,2
SLC:DF_CONCORDATS(1.0),BL,infra,1977,2
SLC:DF_CONCORDATS(1.0),BS,etat,1977,1
SLC:DF_CONCORDATS(1.0),BS,infra,1977,1
SLC:DF_CONCORDATS(1.0),GE,autres,1977,1
SLC:DF_CONCORDATS(1.0),GL,fin,1977,1
SLC:DF_CONCORDATS(1.0),GL,infra,1977,1
SLC:DF_CONCORDATS(1.0),GR,autres,1977,1
SLC:DF_CONCORDATS(1.0),GR,etat,1977,1
SLC:DF_CONCORDATS(1.0),JU,etat,1977,1
SLC:DF_CONCORDATS(1.0),LU,autres,1977,1
SLC:DF_CONCORDATS(1.0),NE,etat,1977,1
SLC:DF_CONCORDATS(1.0),NW,autres,1977,2
SLC:DF_CONCORDATS(1.0),OW,infra,1977,1
SLC:DF_CONCORDATS(1.0),SG,eco,1977,1
SLC:DF_CONCORDATS(1.0),SG,etat,1977,1
SLC:DF_CONCORDATS(1.0),SG,infra,1977,5
SLC:DF_CONCORDATS(1.0),SO,educ,1977,1
SLC:DF_CONCORDATS(1.0),SO,sante,1977,1
SLC:DF_CONCORDATS(1.0),SZ,autres,1977,1
SLC:DF_CONCORDATS(1.0),SZ,eco,1977,1
SLC:DF_CONCORDATS(1.0),TG,autres,1977,1
SLC:DF_CONCORDATS(1.0),TG,eco,1977,1
SLC:DF_CONCORDATS(1.0),TG,etat,1977,1
SLC:DF_CONCORDATS(1.0),TG,infra,1977,1
SLC:DF_CONCORDATS(1.0),TI,autres,1977,1
SLC:DF_CONCORDATS(1.0),UR,fin,1977,1
SLC:DF_CONCORDATS(1.0),VD,autres,1977,1
SLC:DF_CONCORDATS(1.0),ZH,autres,1977,1
SLC:DF_CONCORDATS(1.0),ZH,fin,1977,1
SLC:DF_CONCORDATS(1.0),AG,etat,1978,2
SLC:DF_CONCORDATS(1.0),BE,autres,1978,1
SLC:DF_CONCORDATS(1.0),BE,etat,1978,1
SLC:DF_CONCORDATS(1.0),BL,etat,1978,1
SLC:DF_CONCORDATS(1.0),BL,sante,1978,2
SLC:DF_CONCORDATS(1.0),BS,etat,1978,1
SLC:DF_CONCORDATS(1.0),BS,sante,1978,1
SLC:DF_CONCORDATS(1.0),FR,autres,1978,1
SLC:DF_CONCORDATS(1.0),FR,eco,1978,1
SLC:DF_CONCORDATS(1.0),GL,fin,1978,1
SLC:DF_CONCORDATS(1.0),LU,etat,1978,1
SLC:DF_CONCORDATS(1.0),LU,fin,1978,1
SLC:DF_CONCORDATS(1.0),NE,fin,1978,1
SLC:DF_CONCORDATS(1.0),NW,etat,1978,1
SLC:DF_CONCORDATS(1.0),OW,etat,1978,2
SLC:DF_CONCORDATS(1.0),SG,fin,1978,1
SLC:DF_CONCORDATS(1.0),SO,infra,1978,1
SLC:DF_CONCORDATS(1.0),SZ,etat,1978,1
SLC:DF_CONCORDATS(1.0),SZ,fin,1978,1
SLC:DF_CONCORDATS(1.0),TG,educ,1978,1
SLC:DF_CONCORDATS(1.0),TG,fin,1978,1
SLC:DF_CONCORDATS(1.0),TG,infra,1978,1
SLC:DF_CONCORDATS(1.0),VD,eco,1978,1
SLC:DF_CONCORDATS(1.0),VS,fin,1978,4
SLC:DF_CONCORDATS(1.0),ZH,educ,1978,1
SLC:DF_CONCORDATS(1.0),ZH,infra,1978,1
SLC:DF_CONCORDATS(1.0),AG,etat,1979,1
SLC:DF_CONCORDATS(1.0),BE,etat,1979,1
SLC:DF_CONCORDATS(1.0),BL,etat,1979,1
SLC:DF_CONCORDATS(1.0),BL,infra,1979,2
SLC:DF_CONCORDATS(1.0),BS,infra,1979,1
SLC:DF_CONCORDATS(1.0),BS,sante,1979,1
SLC:DF_CONCORDATS(1.0),FR,etat,1979,1
SLC:DF_CONCORDATS(1.0),GE,eco,1979,1
SLC:DF_CONCORDATS(1.0),GE,etat,1979,1
SLC:DF_CONCORDATS(1.0),GL,infra,1979,1
SLC:DF_CONCORDATS(1.0),SG,infra,1979,2
SLC:DF_CONCORDATS(1.0),SO,etat,1979,3
SLC:DF_CONCORDATS(1.0),SO,sante,1979,1
SLC:DF_CONCORDATS(1.0),SZ,infra,1979,1
SLC:DF_CONCORDATS(1.0),TG,etat,1979,1
SLC:DF_CONCORDATS(1.0),VS,etat,1979,1
SLC:DF_CONCORDATS(1.0),ZG,etat,1979,2
SLC:DF_CONCORDATS(1.0),ZH,infra,1979,4
SLC:DF_CONCORDATS(1.0),AI,fin,1980,1
SLC:DF_CONCORDATS(1.0),BE,eco,1980,1
SLC:DF_CONCORDATS(1.0),BE,etat,1980,2
SLC:DF_CONCORDATS(1.0),BL,eco,1980,1
SLC:DF_CONCORDATS(1.0),BS,eco,1980,1
SLC:DF_CONCORDATS(1.0),FR,fin,1980,1
SLC:DF_CONCORDATS(1.0),GL,educ,1980,1
SLC:DF_CONCORDATS(1.0),GL,infra,1980,1
SLC:DF_CONCORDATS(1.0),JU,etat,1980,2
SLC:DF_CONCORDATS(1.0),NE,educ,1980,1
SLC:DF_CONCORDATS(1.0),NW,sante,1980,1
SLC:DF_CONCORDATS(1.0),SG,educ,1980,2
SLC:DF_CONCORDATS(1.0),SG,infra,1980,1
SLC:DF_CONCORDATS(1.0),SH,autres,1980,1
SLC:DF_CONCORDATS(1.0),SO,autres,1980,1
SLC:DF_CONCORDATS(1.0),SZ,educ,1980,1
SLC:DF_CONCORDATS(1.0),VD,sante,1980,1
SLC:DF_CONCORDATS(1.0),ZH,sante,1980,1
SLC:DF_CONCORDATS(1.0),AI,etat,1981,1
SLC:DF_CONCORDATS(1.0),AI,fin,1981,1
SLC:DF_CONCORDATS(1.0),AR,educ,1981,1
SLC:DF_CONCORDATS(1.0),AR,fin,1981,2
SLC:DF_CONCORDATS(1.0),AR,sante,1981,1
SLC:DF_CONCORDATS(1.0),GL,fin,1981,1
SLC:DF_CONCORDATS(1.0),GL,sante,1981,1
SLC:DF_CONCORDATS(1.0),SG,eco,1981,1
SLC:DF_CONCORDATS(1.0),SG,educ,1981,2
SLC:DF_CONCORDATS(1.0),SG,fin,1981,1
SLC:DF_CONCORDATS(1.0),SG,sante,1981,1
SLC:DF_CONCORDATS(1.0),SH,etat,1981,1
SLC:DF_CONCORDATS(1.0),SH,sante,1981,1
SLC:DF_CONCORDATS(1.0),SO,etat,1981,1
SLC:DF_CONCORDATS(1.0),SO,fin,1981,1
SLC:DF_CONCORDATS(1.0),TG,sante,1981,1
SLC:DF_CONCORDATS(1.0),TI,eco,1981,1
SLC:DF_CONCORDATS(1.0),VD,sante,1981,1
SLC:DF_CONCORDATS(1.0),BL,educ,1982,1
SLC:DF_CONCORDATS(1.0),BL,infra,1982,1
SLC:DF_CONCORDATS(1.0),BS,infra,1982,1
SLC:DF_CONCORDATS(1.0),LU,sante,1982,1
SLC:DF_CONCORDATS(1.0),SG,educ,1982,1
SLC:DF_CONCORDATS(1.0),SG,infra,1982,2
SLC:DF_CONCORDATS(1.0),SO,etat,1982,1
SLC:DF_CONCORDATS(1.0),SZ,sante,1982,3
SLC:DF_CONCORDATS(1.0),UR,sante,1982,2
SLC:DF_CONCORDATS(1.0),VD,educ,1982,1
SLC:DF_CONCORDATS(1.0),VD,infra,1982,1
SLC:DF_CONCORDATS(1.0),ZG,sante,1982,3
SLC:DF_CONCORDATS(1.0),AI,fin,1983,1
SLC:DF_CONCORDATS(1.0),AR,educ,1983,1
SLC:DF_CONCORDATS(1.0),AR,infra,1983,1
SLC:DF_CONCORDATS(1.0),BL,etat,1983,3
SLC:DF_CONCORDATS(1.0),BS,etat,1983,2
SLC:DF_CONCORDATS(1.0),NW,infra,1983,1
SLC:DF_CONCORDATS(1.0),SG,fin,1983,1
SLC:DF_CONCORDATS(1.0),SG,sante,1983,1
SLC:DF_CONCORDATS(1.0),TG,educ,1983,1
SLC:DF_CONCORDATS(1.0),TG,etat,1983,2
SLC:DF_CONCORDATS(1.0),AG,educ,1984,1
SLC:DF_CONCORDATS(1.0),AR,autres,1984,1
SLC:DF_CONCORDATS(1.0),AR,educ,1984,1
SLC:DF_CONCORDATS(1.0),BE,educ,1984,1
SLC:DF_CONCORDATS(1.0),BL,educ,1984,3
SLC:DF_CONCORDATS(1.0),BS,educ,1984,2
SLC:DF_CONCORDATS(1.0),FR,autres,1984,1
SLC:DF_CONCORDATS(1.0),FR,educ,1984,1
SLC:DF_CONCORDATS(1.0),GE,autres,1984,1
SLC:DF_CONCORDATS(1.0),GE,infra,1984,1
SLC:DF_CONCORDATS(1.0),GL,educ,1984,1
SLC:DF_CONCORDATS(1.0),GL,sante,1984,1
SLC:DF_CONCORDATS(1.0),LU,sante,1984,1
SLC:DF_CONCORDATS(1.0),NE,autres,1984,2
SLC:DF_CONCORDATS(1.0),SG,fin,1984,1
SLC:DF_CONCORDATS(1.0),SH,fin,1984,1
SLC:DF_CONCORDATS(1.0),SO,educ,1984,1
SLC:DF_CONCORDATS(1.0),TG,educ,1984,1
SLC:DF_CONCORDATS(1.0),TG,fin,1984,1
SLC:DF_CONCORDATS(1.0),VD,autres,1984,1
SLC:DF_CONCORDATS(1.0),VD,fin,1984,1
SLC:DF_CONCORDATS(1.0),VD,infra,1984,2
SLC:DF_CONCORDATS(1.0),VS,educ,1984,1
SLC:DF_CONCORDATS(1.0),VS,infra,1984,1
SLC:DF_CONCORDATS(1.0),ZG,educ,1984,1
SLC:DF_CONCORDATS(1.0),ZG,sante,1984,1
SLC:DF_CONCORDATS(1.0),ZH,fin,1984,1
SLC:DF_CONCORDATS(1.0),AG,educ,1985,1
SLC:DF_CONCORDATS(1.0),BE,fin,1985,2
SLC:DF_CONCORDATS(1.0),BL,etat,1985,1
SLC:DF_CONCORDATS(1.0),BS,educ,1985,1
SLC:DF_CONCORDATS(1.0),BS,etat,1985,1
SLC:DF_CONCORDATS(1.0),FR,fin,1985,2
SLC:DF_CONCORDATS(1.0),GR,educ,1985,1
SLC:DF_CONCORDATS(1.0),GR,infra,1985,1
SLC:DF_CONCORDATS(1.0),JU,sante,1985,1
SLC:DF_CONCORDATS(1.0),LU,infra,1985,1
SLC:DF_CONCORDATS(1.0),NE,sante,1985,1
SLC:DF_CONCORDATS(1.0),SG,infra,1985,1
SLC:DF_CONCORDATS(1.0),TG,educ,1985,2
SLC:DF_CONCORDATS(1.0),BE,infra,1986,1
SLC:DF_CONCORDATS(1.0),FR,infra,1986,1
SLC:DF_CONCORDATS(1.0),JU,infra,1986,1
SLC:DF_CONCORDATS(1.0),NE,infra,1986,1
SLC:DF_CONCORDATS(1.0),SG,infra,1986,1
SLC:DF_CONCORDATS(1.0),SO,infra,1986,1
SLC:DF_CONCORDATS(1.0),TI,autres,1986,1
SLC:DF_CONCORDATS(1.0),UR,autres,1986,1
SLC:DF_CONCORDATS(1.0),VD,educ,1986,1
SLC:DF_CONCORDATS(1.0),VD,infra,1986,1
SLC:DF_CONCORDATS(1.0),VS,sante,1986,1
SLC:DF_CONCORDATS(1.0),AR,educ,1987,1
SLC:DF_CONCORDATS(1.0),BL,educ,1987,1
SLC:DF_CONCORDATS(1.0),BS,educ,1987,1
SLC:DF_CONCORDATS(1.0),BS,sante,1987,1
SLC:DF_CONCORDATS(1.0),FR,eco,1987,1
SLC:DF_CONCORDATS(1.0),NE,autres,1987,1
SLC:DF_CONCORDATS(1.0),SG,educ,1987,1
SLC:DF_CONCORDATS(1.0),TG,educ,1987,1
SLC:DF_CONCORDATS(1.0),VD,autres,1987,1
SLC:DF_CONCORDATS(1.0),VS,sante,1987,1
SLC:DF_CONCORDATS(1.0),BE,educ,1988,1
SLC:DF_CONCORDATS(1.0),BL,infra,1988,1
SLC:DF_CONCORDATS(1.0),BS,infra,1988,1
SLC:DF_CONCORDATS(1.0),FR,etat,1988,1
SLC:DF_CONCORDATS(1.0),GE,autres,1988,1
SLC:DF_CONCORDATS(1.0),GE,etat,1988,1
SLC:DF_CONCORDATS(1.0),GR,infra,1988,1
SLC:DF_CONCORDATS(1.0),SG,eco,1988,1
SLC:DF_CONCORDATS(1.0),TI,infra,1988,1
SLC:DF_CONCORDATS(1.0),VD,etat,1988,1
SLC:DF_CONCORDATS(1.0),AG,infra,1989,1
SLC:DF_CONCORDATS(1.0),BE,infra,1989,1
SLC:DF_CONCORDATS(1.0),BL,etat,1989,1
SLC:DF_CONCORDATS(1.0),BL,infra,1989,1
SLC:DF_CONCORDATS(1.0),BS,autres,1989,1
SLC:DF_CONCORDATS(1.0),BS,infra,1989,1
SLC:DF_CONCORDATS(1.0),JU,infra,1989,1
SLC:DF_CONCORDATS(1.0),LU,infra,1989,1
SLC:DF_CONCORDATS(1.0),NE,autres,1989,1
SLC:DF_CONCORDATS(1.0),SG,educ,1989,1
SLC:DF_CONCORDATS(1.0),SO,infra,1989,1
SLC:DF_CONCORDATS(1.0),AI,eco,1990,1
SLC:DF_CONCORDATS(1.0),AR,educ,1990,2
SLC:DF_CONCORDATS(1.0),AR,infra,1990,1
SLC:DF_CONCORDATS(1.0),BL,educ,1990,1
SLC:DF_CONCORDATS(1.0),BL,sante,1990,1
SLC:DF_CONCORDATS(1.0),BS,educ,1990,1
SLC:DF_CONCORDATS(1.0),BS,infra,1990,1
SLC:DF_CONCORDATS(1.0),GE,educ,1990,1
SLC:DF_CONCORDATS(1.0),SG,eco,1990,1
SLC:DF_CONCORDATS(1.0),SG,educ,1990,1
SLC:DF_CONCORDATS(1.0),SG,sante,1990,1
SLC:DF_CONCORDATS(1.0),SH,eco,1990,1
SLC:DF_CONCORDATS(1.0),SO,educ,1990,1
SLC:DF_CONCORDATS(1.0),SO,fin,1990,3
SLC:DF_CONCORDATS(1.0),SZ,eco,1990,1
SLC:DF_CONCORDATS(1.0),TG,eco,1990,1
SLC:DF_CONCORDATS(1.0),TG,fin,1990,2
SLC:DF_CONCORDATS(1.0),TG,sante,1990,1
SLC:DF_CONCORDATS(1.0),VS,etat,1990,1
SLC:DF_CONCORDATS(1.0),ZG,eco,1990,1
SLC:DF_CONCORDATS(1.0),BE,fin,1991,1
SLC:DF_CONCORDATS(1.0),BL,etat,1991,1
SLC:DF_CONCORDATS(1.0),BL,infra,1991,1
SLC:DF_CONCORDATS(1.0),FR,fin,1991,3
SLC:DF_CONCORDATS(1.0),GE,educ,1991,1
SLC:DF_CONCORDATS(1.0),GL,infra,1991,1
SLC:DF_CONCORDATS(1.0),GR,eco,1991,1
SLC:DF_CONCORDATS(1.0),NE,eco,1991,1
SLC:DF_CONCORDATS(1.0),NE,fin,1991,3
SLC:DF_CONCORDATS(1.0),SG,fin,1991,1
SLC:DF_CONCORDATS(1.0),SG,infra,1991,1
SLC:DF_CONCORDATS(1.0),SO,fin,1991,2
SLC:DF_CONCORDATS(1.0),SZ,educ,1991,1
SLC:DF_CONCORDATS(1.0),SZ,infra,1991,1
SLC:DF_CONCORDATS(1.0),UR,infra,1991,1
SLC:DF_CONCORDATS(1.0),AI,autres,1992,1
SLC:DF_CONCORDATS(1.0),AR,educ,1992,1
SLC:DF_CONCORDATS(1.0),BL,educ,1992,1
SLC:DF_CONCORDATS(1.0),BL,infra,1992,1
SLC:DF_CONCORDATS(1.0),BS,infra,1992,1
SLC:DF_CONCORDATS(1.0),GE,autres,1992,1
SLC:DF_CONCORDATS(1.0),GL,autres,1992,1
SLC:DF_CONCORDATS(1.0),GR,autres,1992,1
SLC:DF_CONCORDATS(1.0),LU,autres,1992,1
SLC:DF_CONCORDATS(1.0),NE,autres,1992,1
SLC:DF_CONCORDATS(1.0),NW,autres,1992,1
SLC:DF_CONCORDATS(1.0),SG,autres,1992,1
SLC:DF_CONCORDATS(1.0),SG,educ,1992,1
SLC:DF_CONCORDATS(1.0),SG,etat,1992,1
SLC:DF_CONCORDATS(1.0),SO,autres,1992,1
SLC:DF_CONCORDATS(1.0),SZ,autres,1992,1
SLC:DF_CONCORDATS(1.0),TG,autres,1992,1
SLC:DF_CONCORDATS(1.0),TI,autres,1992,1
SLC:DF_CONCORDATS(1.0),VD,autres,1992,1
SLC:DF_CONCORDATS(1.0),ZG,eco,1992,1
SLC:DF_CONCORDATS(1.0),AG,educ,1993,2
SLC:DF_CONCORDATS(1.0),AR,educ,1993,1
SLC:DF_CONCORDATS(1.0),BE,educ,1993,2
SLC:DF_CONCORDATS(1.0),BE,etat,1993,1
SLC:DF_CONCORDATS(1.0),BL,eco,1993,1
SLC:DF_CONCORDATS(1.0),BL,educ,1993,2
SLC:DF_CONCORDATS(1.0),BL,etat,1993,4
SLC:DF_CONCORDATS(1.0),BL,sante,1993,2
SLC:DF_CONCORDATS(1.0),BS,autres,1993,1
SLC:DF_CONCORDATS(1.0),BS,educ,1993,2
SLC:DF_CONCORDATS(1.0),BS,etat,1993,3
SLC:DF_CONCORDATS(1.0),BS,sante,1993,1
SLC:DF_CONCORDATS(1.0),FR,educ,1993,1
SLC:DF_CONCORDATS(1.0),GE,educ,1993,2
SLC:DF_CONCORDATS(1.0),GL,educ,1993,1
SLC:DF_CONCORDATS(1.0),GL,fin,1993,2
SLC:DF_CONCORDATS(1.0),GL,infra,1993,1
SLC:DF_CONCORDATS(1.0),GR,educ,1993,1
SLC:DF_CONCORDATS(1.0),LU,educ,1993,1
SLC:DF_CONCORDATS(1.0),NE,educ,1993,3
SLC:DF_CONCORDATS(1.0),NW,educ,1993,2
SLC:DF_CONCORDATS(1.0),OW,educ,1993,1
SLC:DF_CONCORDATS(1.0),SG,educ,1993,2
SLC:DF_CONCORDATS(1.0),SG,fin,1993,2
SLC:DF_CONCORDATS(1.0),SG,infra,1993,1
SLC:DF_CONCORDATS(1.0),SH,educ,1993,1
SLC:DF_CONCORDATS(1.0),SH,etat,1993,1
SLC:DF_CONCORDATS(1.0),SO,eco,1993,1
SLC:DF_CONCORDATS(1.0),SO,educ,1993,1
SLC:DF_CONCORDATS(1.0),SZ,educ,1993,2
SLC:DF_CONCORDATS(1.0),SZ,fin,1993,2
SLC:DF_CONCORDATS(1.0),TG,educ,1993,5
SLC:DF_CONCORDATS(1.0),TG,infra,1993,1
SLC:DF_CONCORDATS(1.0),TI,educ,1993,2
SLC:DF_CONCORDATS(1.0),VD,educ,1993,1
SLC:DF_CONCORDATS(1.0),VS,educ,1993,2
SLC:DF_CONCORDATS(1.0),ZG,educ,1993,3
SLC:DF_CONCORDATS(1.0),ZH,fin,1993,3
SLC:DF_CONCORDATS(1.0),AG,etat,1994,1
SLC:DF_CONCORDATS(1.0),AG,infra,1994,2
SLC:DF_CONCORDATS(1.0),AR,infra,1994,1
SLC:DF_CONCORDATS(1.0),BE,infra,1994,1
SLC:DF_CONCORDATS(1.0),BL,eco,1994,1
SLC:DF_CONCORDATS(1.0),BL,educ,1994,4
SLC:DF_CONCORDATS(1.0),BL,infra,1994,1
SLC:DF_CONCORDATS(1.0),BS,eco,1994,1
SLC:DF_CONCORDATS(1.0),BS,educ,1994,2
SLC:DF_CONCORDATS(1.0),BS,infra,1994,2
SLC:DF_CONCORDATS(1.0),FR,etat,1994,1
SLC:DF_CONCORDATS(1.0),FR,infra,1994,1
SLC:DF_CONCORDATS(1.0),GE,infra,1994,1
SLC:DF_CONCORDATS(1.0),GL,fin,1994,2
SLC:DF_CONCORDATS(1.0),GL,infra,1994,3
SLC:DF_CONCORDATS(1.0),GR,fin,1994,1
SLC:DF_CONCORDATS(1.0),GR,infra,1994,1
SLC:DF_CONCORDATS(1.0),LU,infra,1994,1
SLC:DF_CONCORDATS(1.0),NE,infra,1994,1
SLC:DF_CONCORDATS(1.0),NW,fin,1994,2
SLC:DF_CONCORDATS(1.0),OW,fin,1994,1
SLC:DF_CONCORDATS(1.0),SG,educ,1994,1
SLC:DF_CONCORDATS(1.0),SG,fin,1994,4
SLC:DF_CONCORDATS(1.0),SG,infra,1994,9
SLC:DF_CONCORDATS(1.0),SO,infra,1994,2
SLC:DF_CONCORDATS(1.0),SZ,fin,1994,3
SLC:DF_CONCORDATS(1.0),SZ,infra,1994,2
SLC:DF_CONCORDATS(1.0),TG,educ,1994,1
SLC:DF_CONCORDATS(1.0),TG,fin,1994,1
SLC:DF_CONCORDATS(1.0),TG,infra,1994,3
SLC:DF_CONCORDATS(1.0),UR,fin,1994,3
SLC:DF_CONCORDATS(1.0),VD,educ,1994,1
SLC:DF_CONCORDATS(1.0),VS,infra,1994,1
SLC:DF_CONCORDATS(1.0),ZG,infra,1994,2
SLC:DF_CONCORDATS(1.0),ZH,autres,1994,1
SLC:DF_CONCORDATS(1.0),ZH,fin,1994,3
SLC:DF_CONCORDATS(1.0),ZH,infra,1994,1
SLC:DF_CONCORDATS(1.0),AG,educ,1995,2
SLC:DF_CONCORDATS(1.0),AI,infra,1995,1
SLC:DF_CONCORDATS(1.0),BE,educ,1995,2
SLC:DF_CONCORDATS(1.0),BE,etat,1995,1
SLC:DF_CONCORDATS(1.0),BE,fin,1995,2
SLC:DF_CONCORDATS(1.0),BL,educ,1995,2
SLC:DF_CONCORDATS(1.0),BL,etat,1995,1
SLC:DF_CONCORDATS(1.0),BS,educ,1995,1
SLC:DF_CONCORDATS(1.0),BS,etat,1995,1
SLC:DF_CONCORDATS(1.0),BS,infra,1995,1
SLC:DF_CONCORDATS(1.0),FR,eco,1995,1
SLC:DF_CONCORDATS(1.0),FR,educ,1995,1
SLC:DF_CONCORDATS(1.0),GL,educ,1995,1
SLC:DF_CONCORDATS(1.0),GL,sante,1995,1
SLC:DF_CONCORDATS(1.0),JU,autres,1995,1
SLC:DF_CONCORDATS(1.0),JU,educ,1995,1
SLC:DF_CONCORDATS(1.0),NE,educ,1995,4
SLC:DF_CONCORDATS(1.0),NE,fin,1995,1
SLC:DF_CONCORDATS(1.0),NW,educ,1995,1
SLC:DF_CONCORDATS(1.0),SG,educ,1995,1
SLC:DF_CONCORDATS(1.0),SG,infra,1995,2
SLC:DF_CONCORDATS(1.0),SH,infra,1995,1
SLC:DF_CONCORDATS(1.0),SH,sante,1995,1
SLC:DF_CONCORDATS(1.0),SO,educ,1995,2
SLC:DF_CONCORDATS(1.0),SO,etat,1995,3
SLC:DF_CONCORDATS(1.0),SO,fin,1995,1
SLC:DF_CONCORDATS(1.0),SZ,eco,1995,1
SLC:DF_CONCORDATS(1.0),TG,educ,1995,2
SLC:DF_CONCORDATS(1.0),TG,sante,1995,1
SLC:DF_CONCORDATS(1.0),TI,educ,1995,2
SLC:DF_CONCORDATS(1.0),ZG,educ,1995,1
SLC:DF_CONCORDATS(1.0),ZH,educ,1995,1
SLC:DF_CONCORDATS(1.0),ZH,infra,1995,1
SLC:DF_CONCORDATS(1.0),BL,educ,1996,1
SLC:DF_CONCORDATS(1.0),BL,etat,1996,1
SLC:DF_CONCORDATS(1.0),BL,sante,1996,1
SLC:DF_CONCORDATS(1.0),BS,educ,1996,1
SLC:DF_CONCORDATS(1.0),BS,etat,1996,1
SLC:DF_CONCORDATS(1.0),BS,infra,1996,1
SLC:DF_CONCORDATS(1.0),FR,educ,1996,1
SLC:DF_CONCORDATS(1.0),FR,etat,1996,1
SLC:DF_CONCORDATS(1.0),GE,educ,1996,1
SLC:DF_CONCORDATS(1.0),GE,etat,1996,2
SLC:DF_CONCORDATS(1.0),GL,fin,1996,1
SLC:DF_CONCORDATS(1.0),LU,eco,1996,1
SLC:DF_CONCORDATS(1.0),LU,sante,1996,1
SLC:DF_CONCORDATS(1.0),NE,eco,1996,1
SLC:DF_CONCORDATS(1.0),NE,etat,1996,2
SLC:DF_CONCORDATS(1.0),NW,sante,1996,2
SLC:DF_CONCORDATS(1.0),SG,eco,1996,1
SLC:DF_CONCORDATS(1.0),SG,fin,1996,2
SLC:DF_CONCORDATS(1.0),SG,infra,1996,2
SLC:DF_CONCORDATS(1.0),SG,sante,1996,1
SLC:DF_CONCORDATS(1.0),SH,fin,1996,1
SLC:DF_CONCORDATS(1.0),SO,educ,1996,1
SLC:DF_CONCORDATS(1.0),SZ,eco,1996,1
SLC:DF_CONCORDATS(1.0),SZ,fin,1996,1
SLC:DF_CONCORDATS(1.0),TG,educ,1996,1
SLC:DF_CONCORDATS(1.0),TG,sante,1996,1
SLC:DF_CONCORDATS(1.0),VD,educ,1996,1
SLC:DF_CONCORDATS(1.0),VD,etat,1996,2
SLC:DF_CONCORDATS(1.0),VS,etat,1996,1
SLC:DF_CONCORDATS(1.0),ZG,eco,1996,1
SLC:DF_CONCORDATS(1.0),ZG,fin,1996,1
SLC:DF_CONCORDATS(1.0),ZH,educ,1996,2
SLC:DF_CONCORDATS(1.0),AG,educ,1997,3
SLC:DF_CONCORDATS(1.0),AG,infra,1997,3
SLC:DF_CONCORDATS(1.0),BL,educ,1997,4
SLC:DF_CONCORDATS(1.0),BL,etat,1997,1
SLC:DF_CONCORDATS(1.0),BL,infra,1997,2
SLC:DF_CONCORDATS(1.0),BL,sante,1997,1
SLC:DF_CONCORDATS(1.0),BS,educ,1997,7
SLC:DF_CONCORDATS(1.0),BS,etat,1997,1
SLC:DF_CONCORDATS(1.0),BS,infra,1997,2
SLC:DF_CONCORDATS(1.0),FR,educ,1997,2
SLC:DF_CONCORDATS(1.0),GE,educ,1997,4
SLC:DF_CONCORDATS(1.0),GR,educ,1997,1
SLC:DF_CONCORDATS(1.0),LU,autres,1997,1
SLC:DF_CONCORDATS(1.0),LU,sante,1997,1
SLC:DF_CONCORDATS(1.0),NW,sante,1997,1
SLC:DF_CONCORDATS(1.0),OW,sante,1997,1
SLC:DF_CONCORDATS(1.0),SG,educ,1997,2
SLC:DF_CONCORDATS(1.0),SG,etat,1997,2
SLC:DF_CONCORDATS(1.0),SG,fin,1997,1
SLC:DF_CONCORDATS(1.0),SG,infra,1997,1
SLC:DF_CONCORDATS(1.0),SG,sante,1997,1
SLC:DF_CONCORDATS(1.0),SH,sante,1997,1
SLC:DF_CONCORDATS(1.0),SO,educ,1997,2
SLC:DF_CONCORDATS(1.0),SO,sante,1997,1
SLC:DF_CONCORDATS(1.0),SZ,educ,1997,1
SLC:DF_CONCORDATS(1.0),SZ,fin,1997,1
SLC:DF_CONCORDATS(1.0),SZ,infra,1997,1
SLC:DF_CONCORDATS(1.0),TG,educ,1997,1
SLC:DF_CONCORDATS(1.0),TG,etat,1997,1
SLC:DF_CONCORDATS(1.0),VD,educ,1997,2
SLC:DF_CONCORDATS(1.0),VS,educ,1997,1
SLC:DF_CONCORDATS(1.0),ZG,educ,1997,2
SLC:DF_CONCORDATS(1.0),ZG,infra,1997,1
SLC:DF_CONCORDATS(1.0),ZH,educ,1997,5
SLC:DF_CONCORDATS(1.0),ZH,etat,1997,1
SLC:DF_CONCORDATS(1.0),AG,educ,1998,3
SLC:DF_CONCORDATS(1.0),AI,educ,1998,1
SLC:DF_CONCORDATS(1.0),AR,educ,1998,2
SLC:DF_CONCORDATS(1.0),BE,eco,1998,1
SLC:DF_CONCORDATS(1.0),BE,educ,1998,1
SLC:DF_CONCORDATS(1.0),BE,etat,1998,1
SLC:DF_CONCORDATS(1.0),BL,eco,1998,1
SLC:DF_CONCORDATS(1.0),BL,educ,1998,5
SLC:DF_CONCORDATS(1.0),BL,fin,1998,1
SLC:DF_CONCORDATS(1.0),BL,infra,1998,2
SLC:DF_CONCORDATS(1.0),BL,sante,1998,1
SLC:DF_CONCORDATS(1.0),BS,eco,1998,1
SLC:DF_CONCORDATS(1.0),BS,educ,1998,5
SLC:DF_CONCORDATS(1.0),BS,infra,1998,2
SLC:DF_CONCORDATS(1.0),BS,sante,1998,2
SLC:DF_CONCORDATS(1.0),FR,eco,1998,3
SLC:DF_CONCORDATS(1.0),FR,educ,1998,1
SLC:DF_CONCORDATS(1.0),FR,sante,1998,1
SLC:DF_CONCORDATS(1.0),GE,eco,1998,1
SLC:DF_CONCORDATS(1.0),GE,educ,1998,1
SLC:DF_CONCORDATS(1.0),GL,eco,1998,1
SLC:DF_CONCORDATS(1.0),GL,educ,1998,1
SLC:DF_CONCORDATS(1.0),JU,etat,1998,1
SLC:DF_CONCORDATS(1.0),LU,eco,1998,1
SLC:DF_CONCORDATS(1.0),LU,educ,1998,1
SLC:DF_CONCORDATS(1.0),NE,eco,1998,3
SLC:DF_CONCORDATS(1.0),NE,educ,1998,2
SLC:DF_CONCORDATS(1.0),OW,educ,1998,1
SLC:DF_CONCORDATS(1.0),SG,eco,1998,1
SLC:DF_CONCORDATS(1.0),SG,educ,1998,3
SLC:DF_CONCORDATS(1.0),SG,fin,1998,1
SLC:DF_CONCORDATS(1.0),SH,educ,1998,1
SLC:DF_CONCORDATS(1.0),SH,fin,1998,1
SLC:DF_CONCORDATS(1.0),SO,eco,1998,1
SLC:DF_CONCORDATS(1.0),SO,educ,1998,3
SLC:DF_CONCORDATS(1.0),SZ,eco,1998,1
SLC:DF_CONCORDATS(1.0),SZ,educ,1998,1
SLC:DF_CONCORDATS(1.0),TG,eco,1998,1
SLC:DF_CONCORDATS(1.0),TG,educ,1998,2
SLC:DF_CONCORDATS(1.0),TG,infra,1998,1
SLC:DF_CONCORDATS(1.0),TI,eco,1998,1
SLC:DF_CONCORDATS(1.0),TI,educ,1998,1
SLC:DF_CONCORDATS(1.0),TI,sante,1998,1
SLC:DF_CONCORDATS(1.0),VD,eco,1998,3
SLC:DF_CONCORDATS(1.0),VS,eco,1998,1
SLC:DF_CONCORDATS(1.0),VS,educ,1998,2
SLC:DF_CONCORDATS(1.0),ZG,eco,1998,1
SLC:DF_CONCORDATS(1.0),ZG,educ,1998,3
SLC:DF_CONCORDATS(1.0),ZG,fin,1998,1
SLC:DF_CONCORDATS(1.0),ZG,sante,1998,2
SLC:DF_CONCORDATS(1.0),ZH,educ,1998,5
SLC:DF_CONCORDATS(1.0),ZH,fin,1998,1
SLC:DF_CONCORDATS(1.0),ZH,infra,1998,2
SLC:DF_CONCORDATS(1.0),AG,educ,1999,1
SLC:DF_CONCORDATS(1.0),AI,educ,1999,1
SLC:DF_CONCORDATS(1.0),BE,educ,1999,2
SLC:DF_CONCORDATS(1.0),BE,etat,1999,1
SLC:DF_CONCORDATS(1.0),BE,fin,1999,1
SLC:DF_CONCORDATS(1.0),BL,autres,1999,1
SLC:DF_CONCORDATS(1.0),BL,educ,1999,1
SLC:DF_CONCORDATS(1.0),BS,autres,1999,1
SLC:DF_CONCORDATS(1.0),BS,educ,1999,3
SLC:DF_CONCORDATS(1.0),BS,sante,1999,1
SLC:DF_CONCORDATS(1.0),FR,educ,1999,2
SLC:DF_CONCORDATS(1.0),GE,educ,1999,2
SLC:DF_CONCORDATS(1.0),GE,fin,1999,1
SLC:DF_CONCORDATS(1.0),GR,fin,1999,1
SLC:DF_CONCORDATS(1.0),JU,eco,1999,1
SLC:DF_CONCORDATS(1.0),JU,educ,1999,1
SLC:DF_CONCORDATS(1.0),JU,etat,1999,1
SLC:DF_CONCORDATS(1.0),LU,educ,1999,2
SLC:DF_CONCORDATS(1.0),NE,educ,1999,4
SLC:DF_CONCORDATS(1.0),NE,etat,1999,1
SLC:DF_CONCORDATS(1.0),NW,educ,1999,1
SLC:DF_CONCORDATS(1.0),NW,sante,1999,1
SLC:DF_CONCORDATS(1.0),SG,educ,1999,6
SLC:DF_CONCORDATS(1.0),SG,fin,1999,1
SLC:DF_CONCORDATS(1.0),SG,sante,1999,2
SLC:DF_CONCORDATS(1.0),SH,sante,1999,1
SLC:DF_CONCORDATS(1.0),SO,eco,1999,1
SLC:DF_CONCORDATS(1.0),SO,educ,1999,3
SLC:DF_CONCORDATS(1.0),SZ,educ,1999,2
SLC:DF_CONCORDATS(1.0),SZ,sante,1999,1
SLC:DF_CONCORDATS(1.0),TG,educ,1999,4
SLC:DF_CONCORDATS(1.0),TG,sante,1999,1
SLC:DF_CONCORDATS(1.0),UR,educ,1999,1
SLC:DF_CONCORDATS(1.0),VD,educ,1999,1
SLC:DF_CONCORDATS(1.0),VD,fin,1999,1
SLC:DF_CONCORDATS(1.0),VS,fin,1999,1
SLC:DF_CONCORDATS(1.0),VS,sante,1999,1
SLC:DF_CONCORDATS(1.0),ZG,educ,1999,6
SLC:DF_CONCORDATS(1.0),ZG,infra,1999,1
SLC:DF_CONCORDATS(1.0),ZG,sante,1999,1
SLC:DF_CONCORDATS(1.0),ZH,educ,1999,3
SLC:DF_CONCORDATS(1.0),AG,educ,2000,1
SLC:DF_CONCORDATS(1.0),AG,sante,2000,1
SLC:DF_CONCORDATS(1.0),BE,educ,2000,2
SLC:DF_CONCORDATS(1.0),BL,eco,2000,1
SLC:DF_CONCORDATS(1.0),BL,educ,2000,4
SLC:DF_CONCORDATS(1.0),BL,infra,2000,1
SLC:DF_CONCORDATS(1.0),BL,sante,2000,2
SLC:DF_CONCORDATS(1.0),BS,eco,2000,1
SLC:DF_CONCORDATS(1.0),BS,educ,2000,1
SLC:DF_CONCORDATS(1.0),BS,etat,2000,1
SLC:DF_CONCORDATS(1.0),BS,infra,2000,1
SLC:DF_CONCORDATS(1.0),BS,sante,2000,2
SLC:DF_CONCORDATS(1.0),GE,etat,2000,1
SLC:DF_CONCORDATS(1.0),GE,fin,2000,1
SLC:DF_CONCORDATS(1.0),GL,educ,2000,1
SLC:DF_CONCORDATS(1.0),GL,infra,2000,2
SLC:DF_CONCORDATS(1.0),JU,educ,2000,2
SLC:DF_CONCORDATS(1.0),NE,educ,2000,1
SLC:DF_CONCORDATS(1.0),NE,etat,2000,1
SLC:DF_CONCORDATS(1.0),NW,educ,2000,2
SLC:DF_CONCORDATS(1.0),NW,etat,2000,1
SLC:DF_CONCORDATS(1.0),OW,etat,2000,1
SLC:DF_CONCORDATS(1.0),SG,educ,2000,2
SLC:DF_CONCORDATS(1.0),SG,infra,2000,3
SLC:DF_CONCORDATS(1.0),SO,sante,2000,1
SLC:DF_CONCORDATS(1.0),SZ,educ,2000,2
SLC:DF_CONCORDATS(1.0),SZ,infra,2000,2
SLC:DF_CONCORDATS(1.0),UR,etat,2000,1
SLC:DF_CONCORDATS(1.0),VD,educ,2000,1
SLC:DF_CONCORDATS(1.0),ZG,autres,2000,1
SLC:DF_CONCORDATS(1.0),ZG,educ,2000,1
SLC:DF_CONCORDATS(1.0),ZH,educ,2000,4
SLC:DF_CONCORDATS(1.0),ZH,infra,2000,1
SLC:DF_CONCORDATS(1.0),AG,educ,2001,1
SLC:DF_CONCORDATS(1.0),AI,educ,2001,1
SLC:DF_CONCORDATS(1.0),AR,educ,2001,1
SLC:DF_CONCORDATS(1.0),BE,educ,2001,3
SLC:DF_CONCORDATS(1.0),BL,educ,2001,2
SLC:DF_CONCORDATS(1.0),BL,infra,2001,1
SLC:DF_CONCORDATS(1.0),BL,sante,2001,1
SLC:DF_CONCORDATS(1.0),BS,infra,2001,2
SLC:DF_CONCORDATS(1.0),BS,sante,2001,1
SLC:DF_CONCORDATS(1.0),FR,educ,2001,1
SLC:DF_CONCORDATS(1.0),FR,etat,2001,1
SLC:DF_CONCORDATS(1.0),GE,educ,2001,1
SLC:DF_CONCORDATS(1.0),GE,etat,2001,2
SLC:DF_CONCORDATS(1.0),JU,educ,2001,2
SLC:DF_CONCORDATS(1.0),LU,educ,2001,3
SLC:DF_CONCORDATS(1.0),LU,infra,2001,1
SLC:DF_CONCORDATS(1.0),NE,educ,2001,5
SLC:DF_CONCORDATS(1.0),NW,eco,2001,1
SLC:DF_CONCORDATS(1.0),NW,infra,2001,2
SLC:DF_CONCORDATS(1.0),NW,sante,2001,1
SLC:DF_CONCORDATS(1.0),SG,educ,2001,1
SLC:DF_CONCORDATS(1.0),SG,etat,2001,1
SLC:DF_CONCORDATS(1.0),SG,infra,2001,1
SLC:DF_CONCORDATS(1.0),SH,educ,2001,1
SLC:DF_CONCORDATS(1.0),SH,etat,2001,1
SLC:DF_CONCORDATS(1.0),SH,infra,2001,1
SLC:DF_CONCORDATS(1.0),SO,educ,2001,1
SLC:DF_CONCORDATS(1.0),SO,etat,2001,1
SLC:DF_CONCORDATS(1.0),TG,educ,2001,2
SLC:DF_CONCORDATS(1.0),VD,educ,2001,2
SLC:DF_CONCORDATS(1.0),VD,etat,2001,1
SLC:DF_CONCORDATS(1.0),VS,etat,2001,1
SLC:DF_CONCORDATS(1.0),ZG,infra,2001,2
SLC:DF_CONCORDATS(1.0),ZH,educ,2001,2
SLC:DF_CONCORDATS(1.0),ZH,infra,2001,1
SLC:DF_CONCORDATS(1.0),ZH,sante,2001,1
SLC:DF_CONCORDATS(1.0),AG,educ,2002,1
SLC:DF_CONCORDATS(1.0),AI,autres,2002,1
SLC:DF_CONCORDATS(1.0),AI,eco,2002,1
SLC:DF_CONCORDATS(1.0),AR,autres,2002,1
SLC:DF_CONCORDATS(1.0),AR,eco,2002,1
SLC:DF_CONCORDATS(1.0),BL,educ,2002,4
SLC:DF_CONCORDATS(1.0),BL,etat,2002,1
SLC:DF_CONCORDATS(1.0),BS,educ,2002,2
SLC:DF_CONCORDATS(1.0),BS,infra,2002,1
SLC:DF_CONCORDATS(1.0),FR,educ,2002,3
SLC:DF_CONCORDATS(1.0),GE,educ,2002,3
SLC:DF_CONCORDATS(1.0),GL,autres,2002,1
SLC:DF_CONCORDATS(1.0),GL,eco,2002,1
SLC:DF_CONCORDATS(1.0),GR,autres,2002,1
SLC:DF_CONCORDATS(1.0),GR,eco,2002,1
SLC:DF_CONCORDATS(1.0),GR,sante,2002,1
SLC:DF_CONCORDATS(1.0),JU,educ,2002,1
SLC:DF_CONCORDATS(1.0),LU,educ,2002,2
SLC:DF_CONCORDATS(1.0),LU,fin,2002,1
SLC:DF_CONCORDATS(1.0),LU,sante,2002,1
SLC:DF_CONCORDATS(1.0),NE,educ,2002,1
SLC:DF_CONCORDATS(1.0),NE,etat,2002,1
SLC:DF_CONCORDATS(1.0),NE,fin,2002,1
SLC:DF_CONCORDATS(1.0),NE,sante,2002,1
SLC:DF_CONCORDATS(1.0),NW,eco,2002,1
SLC:DF_CONCORDATS(1.0),NW,educ,2002,4
SLC:DF_CONCORDATS(1.0),NW,infra,2002,1
SLC:DF_CONCORDATS(1.0),NW,sante,2002,4
SLC:DF_CONCORDATS(1.0),OW,educ,2002,2
SLC:DF_CONCORDATS(1.0),SG,autres,2002,1
SLC:DF_CONCORDATS(1.0),SG,eco,2002,1
SLC:DF_CONCORDATS(1.0),SG,sante,2002,1
SLC:DF_CONCORDATS(1.0),SH,autres,2002,1
SLC:DF_CONCORDATS(1.0),SH,eco,2002,1
SLC:DF_CONCORDATS(1.0),SH,sante,2002,2
SLC:DF_CONCORDATS(1.0),SO,etat,2002,1
SLC:DF_CONCORDATS(1.0),SZ,eco,2002,1
SLC:DF_CONCORDATS(1.0),SZ,educ,2002,2
SLC:DF_CONCORDATS(1.0),SZ,sante,2002,1
SLC:DF_CONCORDATS(1.0),TG,autres,2002,1
SLC:DF_CONCORDATS(1.0),TG,eco,2002,1
SLC:DF_CONCORDATS(1.0),TG,etat,2002,1
SLC:DF_CONCORDATS(1.0),TI,autres,2002,1
SLC:DF_CONCORDATS(1.0),UR,educ,2002,3
SLC:DF_CONCORDATS(1.0),VD,educ,2002,2
SLC:DF_CONCORDATS(1.0),VD,sante,2002,1
SLC:DF_CONCORDATS(1.0),VS,educ,2002,1
SLC:DF_CONCORDATS(1.0),ZG,eco,2002,2
SLC:DF_CONCORDATS(1.0),ZG,educ,2002,2
SLC:DF_CONCORDATS(1.0),ZG,etat,2002,1
SLC:DF_CONCORDATS(1.0),ZG,sante,2002,3
SLC:DF_CONCORDATS(1.0),ZH,autres,2002,1
SLC:DF_CONCORDATS(1.0),ZH,eco,2002,1
SLC:DF_CONCORDATS(1.0),ZH,educ,2002,2
SLC:DF_CONCORDATS(1.0),ZH,etat,2002,1
SLC:DF_CONCORDATS(1.0),ZH,infra,2002,1
SLC:DF_CONCORDATS(1.0),AG,educ,2003,3
SLC:DF_CONCORDATS(1.0),AI,educ,2003,1
SLC:DF_CONCORDATS(1.0),AR,educ,2003,2
SLC:DF_CONCORDATS(1.0),BE,educ,2003,2
SLC:DF_CONCORDATS(1.0),BE,etat,2003,1
SLC:DF_CONCORDATS(1.0),BL,eco,2003,2
SLC:DF_CONCORDATS(1.0),BL,educ,2003,1
SLC:DF_CONCORDATS(1.0),BL,etat,2003,1
SLC:DF_CONCORDATS(1.0),BL,sante,2003,1
SLC:DF_CONCORDATS(1.0),BS,educ,2003,2
SLC:DF_CONCORDATS(1.0),BS,etat,2003,1
SLC:DF_CONCORDATS(1.0),FR,autres,2003,1
SLC:DF_CONCORDATS(1.0),FR,educ,2003,2
SLC:DF_CONCORDATS(1.0),GE,autres,2003,3
SLC:DF_CONCORDATS(1.0),GE,educ,2003,1
SLC:DF_CONCORDATS(1.0),GL,infra,2003,5
SLC:DF_CONCORDATS(1.0),LU,educ,2003,5
SLC:DF_CONCORDATS(1.0),LU,etat,2003,1
SLC:DF_CONCORDATS(1.0),LU,infra,2003,1
SLC:DF_CONCORDATS(1.0),LU,sante,2003,1
SLC:DF_CONCORDATS(1.0),NE,autres,2003,1
SLC:DF_CONCORDATS(1.0),NE,educ,2003,1
SLC:DF_CONCORDATS(1.0),NW,educ,2003,1
SLC:DF_CONCORDATS(1.0),NW,etat,2003,1
SLC:DF_CONCORDATS(1.0),SG,educ,2003,5
SLC:DF_CONCORDATS(1.0),SG,infra,2003,1
SLC:DF_CONCORDATS(1.0),SH,educ,2003,1
SLC:DF_CONCORDATS(1.0),SO,educ,2003,1
SLC:DF_CONCORDATS(1.0),SO,etat,2003,1
SLC:DF_CONCORDATS(1.0),SO,sante,2003,2
SLC:DF_CONCORDATS(1.0),SZ,educ,2003,3
SLC:DF_CONCORDATS(1.0),SZ,etat,2003,1
SLC:DF_CONCORDATS(1.0),SZ,infra,2003,1
SLC:DF_CONCORDATS(1.0),TG,educ,2003,2
SLC:DF_CONCORDATS(1.0),TI,autres,2003,1
SLC:DF_CONCORDATS(1.0),TI,educ,2003,1
SLC:DF_CONCORDATS(1.0),VD,educ,2003,1
SLC:DF_CONCORDATS(1.0),VD,fin,2003,2
SLC:DF_CONCORDATS(1.0),ZG,educ,2003,4
SLC:DF_CONCORDATS(1.0),ZG,etat,2003,3
SLC:DF_CONCORDATS(1.0),ZG,sante,2003,1
SLC:DF_CONCORDATS(1.0),ZH,educ,2003,3
SLC:DF_CONCORDATS(1.0),ZH,infra,2003,1
SLC:DF_CONCORDATS(1.0),AG,educ,2004,1
SLC:DF_CONCORDATS(1.0),AG,etat,2004,1
SLC:DF_CONCORDATS(1.0),BE,eco,2004,1
SLC:DF_CONCORDATS(1.0),BE,etat,2004,1
SLC:DF_CONCORDATS(1.0),BL,educ,2004,2
SLC:DF_CONCORDATS(1.0),BL,etat,2004,1
SLC:DF_CONCORDATS(1.0),BL,sante,2004,2
SLC:DF_CONCORDATS(1.0),BS,educ,2004,2
SLC:DF_CONCORDATS(1.0),BS,etat,2004,1
SLC:DF_CONCORDATS(1.0),BS,sante,2004,2
SLC:DF_CONCORDATS(1.0),GE,etat,2004,1
SLC:DF_CONCORDATS(1.0),LU,autres,2004,1
SLC:DF_CONCORDATS(1.0),LU,educ,2004,3
SLC:DF_CONCORDATS(1.0),NE,fin,2004,1
SLC:DF_CONCORDATS(1.0),NW,educ,2004,4
SLC:DF_CONCORDATS(1.0),OW,educ,2004,2
SLC:DF_CONCORDATS(1.0),SG,educ,2004,2
SLC:DF_CONCORDATS(1.0),SG,etat,2004,2
SLC:DF_CONCORDATS(1.0),SG,fin,2004,1
SLC:DF_CONCORDATS(1.0),SO,educ,2004,1
SLC:DF_CONCORDATS(1.0),SO,etat,2004,1
SLC:DF_CONCORDATS(1.0),SZ,autres,2004,1
SLC:DF_CONCORDATS(1.0),SZ,educ,2004,3
SLC:DF_CONCORDATS(1.0),SZ,fin,2004,1
SLC:DF_CONCORDATS(1.0),UR,educ,2004,2
SLC:DF_CONCORDATS(1.0),ZG,autres,2004,1
SLC:DF_CONCORDATS(1.0),ZG,educ,2004,5
SLC:DF_CONCORDATS(1.0),ZG,etat,2004,1
SLC:DF_CONCORDATS(1.0),ZH,autres,2004,1
SLC:DF_CONCORDATS(1.0),ZH,fin,2004,1
SLC:DF_CONCORDATS(1.0),AI,etat,2005,1
SLC:DF_CONCORDATS(1.0),AR,fin,2005,1
SLC:DF_CONCORDATS(1.0),BE,educ,2005,1
SLC:DF_CONCORDATS(1.0),BE,etat,2005,2
SLC:DF_CONCORDATS(1.0),BE,infra,2005,1
SLC:DF_CONCORDATS(1.0),BL,autres,2005,1
SLC:DF_CONCORDATS(1.0),BL,etat,2005,1
SLC:DF_CONCORDATS(1.0),BL,infra,2005,1
SLC:DF_CONCORDATS(1.0),BL,sante,2005,1
SLC:DF_CONCORDATS(1.0),BS,autres,2005,1
SLC:DF_CONCORDATS(1.0),BS,etat,2005,2
SLC:DF_CONCORDATS(1.0),BS,sante,2005,1
SLC:DF_CONCORDATS(1.0),FR,eco,2005,1
SLC:DF_CONCORDATS(1.0),FR,educ,2005,2
SLC:DF_CONCORDATS(1.0),FR,etat,2005,1
SLC:DF_CONCORDATS(1.0),GE,eco,2005,1
SLC:DF_CONCORDATS(1.0),GE,educ,2005,1
SLC:DF_CONCORDATS(1.0),GE,fin,2005,1
SLC:DF_CONCORDATS(1.0),GL,etat,2005,1
SLC:DF_CONCORDATS(1.0),GL,infra,2005,2
SLC:DF_CONCORDATS(1.0),GR,autres,2005,1
SLC:DF_CONCORDATS(1.0),GR,eco,2005,1
SLC:DF_CONCORDATS(1.0),GR,etat,2005,1
SLC:DF_CONCORDATS(1.0),LU,autres,2005,3
SLC:DF_CONCORDATS(1.0),LU,educ,2005,2
SLC:DF_CONCORDATS(1.0),LU,etat,2005,1
SLC:DF_CONCORDATS(1.0),LU,infra,2005,1
SLC:DF_CONCORDATS(1.0),NE,educ,2005,1
SLC:DF_CONCORDATS(1.0),NE,infra,2005,1
SLC:DF_CONCORDATS(1.0),NW,autres,2005,2
SLC:DF_CONCORDATS(1.0),NW,educ,2005,2
SLC:DF_CONCORDATS(1.0),NW,etat,2005,1
SLC:DF_CONCORDATS(1.0),NW,infra,2005,2
SLC:DF_CONCORDATS(1.0),SG,autres,2005,1
SLC:DF_CONCORDATS(1.0),SG,eco,2005,1
SLC:DF_CONCORDATS(1.0),SG,educ,2005,2
SLC:DF_CONCORDATS(1.0),SG,etat,2005,1
SLC:DF_CONCORDATS(1.0),SG,infra,2005,1
SLC:DF_CONCORDATS(1.0),SH,etat,2005,2
SLC:DF_CONCORDATS(1.0),SO,etat,2005,1
SLC:DF_CONCORDATS(1.0),SO,infra,2005,1
SLC:DF_CONCORDATS(1.0),SZ,autres,2005,1
SLC:DF_CONCORDATS(1.0),SZ,educ,2005,2
SLC:DF_CONCORDATS(1.0),SZ,etat,2005,1
SLC:DF_CONCORDATS(1.0),SZ,sante,2005,2
SLC:DF_CONCORDATS(1.0),TG,eco,2005,1
SLC:DF_CONCORDATS(1.0),TG,etat,2005,2
SLC:DF_CONCORDATS(1.0),TG,infra,2005,1
SLC:DF_CONCORDATS(1.0),TI,autres,2005,1
SLC:DF_CONCORDATS(1.0),TI,etat,2005,1
SLC:DF_CONCORDATS(1.0),TI,fin,2005,1
SLC:DF_CONCORDATS(1.0),UR,etat,2005,1
SLC:DF_CONCORDATS(1.0),VD,autres,2005,1
SLC:DF_CONCORDATS(1.0),VD,eco,2005,2
SLC:DF_CONCORDATS(1.0),VD,educ,2005,1
SLC:DF_CONCORDATS(1.0),VD,fin,2005,2
SLC:DF_CONCORDATS(1.0),VS,autres,2005,1
SLC:DF_CONCORDATS(1.0),VS,eco,2005,1
SLC:DF_CONCORDATS(1.0),VS,etat,2005,1
SLC:DF_CONCORDATS(1.0),ZG,autres,2005,2
SLC:DF_CONCORDATS(1.0),ZG,eco,2005,2
SLC:DF_CONCORDATS(1.0),ZG,educ,2005,2
SLC:DF_CONCORDATS(1.0),ZG,etat,2005,2
SLC:DF_CONCORDATS(1.0),ZG,infra,2005,1
SLC:DF_CONCORDATS(1.0),ZH,educ,2005,2
SLC:DF_CONCORDATS(1.0),ZH,etat,2005,2
SLC:DF_CONCORDATS(1.0),AG,etat,2006,2
SLC:DF_CONCORDATS(1.0),AG,sante,2006,2
SLC:DF_CONCORDATS(1.0),AR,educ,2006,1
SLC:DF_CONCORDATS(1.0),BE,educ,2006,2
SLC:DF_CONCORDATS(1.0),BE,etat,2006,1
SLC:DF_CONCORDATS(1.0),BL,educ,2006,2
SLC:DF_CONCORDATS(1.0),BL,infra,2006,1
SLC:DF_CONCORDATS(1.0),BL,sante,2006,1
SLC:DF_CONCORDATS(1.0),BS,educ,2006,2
SLC:DF_CONCORDATS(1.0),BS,sante,2006,2
SLC:DF_CONCORDATS(1.0),FR,autres,2006,2
SLC:DF_CONCORDATS(1.0),GE,eco,2006,1
SLC:DF_CONCORDATS(1.0),JU,educ,2006,1
SLC:DF_CONCORDATS(1.0),LU,educ,2006,1
SLC:DF_CONCORDATS(1.0),LU,infra,2006,1
SLC:DF_CONCORDATS(1.0),NE,eco,2006,1
SLC:DF_CONCORDATS(1.0),NW,educ,2006,1
SLC:DF_CONCORDATS(1.0),OW,educ,2006,2
SLC:DF_CONCORDATS(1.0),SG,educ,2006,2
SLC:DF_CONCORDATS(1.0),SG,etat,2006,2
SLC:DF_CONCORDATS(1.0),SG,sante,2006,2
SLC:DF_CONCORDATS(1.0),SH,autres,2006,1
SLC:DF_CONCORDATS(1.0),SZ,infra,2006,1
SLC:DF_CONCORDATS(1.0),TG,educ,2006,1
SLC:DF_CONCORDATS(1.0),TI,educ,2006,2
SLC:DF_CONCORDATS(1.0),VD,educ,2006,2
SLC:DF_CONCORDATS(1.0),VS,etat,2006,1
SLC:DF_CONCORDATS(1.0),ZG,eco,2006,1
SLC:DF_CONCORDATS(1.0),ZG,sante,2006,1
SLC:DF_CONCORDATS(1.0),ZH,autres,2006,1
SLC:DF_CONCORDATS(1.0),ZH,educ,2006,1
SLC:DF_CONCORDATS(1.0),ZH,etat,2006,1
SLC:DF_CONCORDATS(1.0),ZH,sante,2006,2
SLC:DF_CONCORDATS(1.0),AG,educ,2007,1
SLC:DF_CONCORDATS(1.0),AG,etat,2007,2
SLC:DF_CONCORDATS(1.0),AI,educ,2007,1
SLC:DF_CONCORDATS(1.0),AR,educ,2007,2
SLC:DF_CONCORDATS(1.0),BE,educ,2007,4
SLC:DF_CONCORDATS(1.0),BL,educ,2007,3
SLC:DF_CONCORDATS(1.0),BL,infra,2007,1
SLC:DF_CONCORDATS(1.0),BS,educ,2007,3
SLC:DF_CONCORDATS(1.0),FR,educ,2007,3
SLC:DF_CONCORDATS(1.0),GE,autres,2007,1
SLC:DF_CONCORDATS(1.0),GE,educ,2007,3
SLC:DF_CONCORDATS(1.0),GL,autres,2007,2
SLC:DF_CONCORDATS(1.0),GL,educ,2007,4
SLC:DF_CONCORDATS(1.0),GR,educ,2007,1
SLC:DF_CONCORDATS(1.0),JU,educ,2007,1
SLC:DF_CONCORDATS(1.0),LU,autres,2007,1
SLC:DF_CONCORDATS(1.0),NE,educ,2007,2
SLC:DF_CONCORDATS(1.0),NE,etat,2007,1
SLC:DF_CONCORDATS(1.0),NW,sante,2007,2
SLC:DF_CONCORDATS(1.0),SG,autres,2007,1
SLC:DF_CONCORDATS(1.0),SG,educ,2007,2
SLC:DF_CONCORDATS(1.0),SH,educ,2007,1
SLC:DF_CONCORDATS(1.0),SO,educ,2007,2
SLC:DF_CONCORDATS(1.0),SZ,educ,2007,1
SLC:DF_CONCORDATS(1.0),TG,autres,2007,1
SLC:DF_CONCORDATS(1.0),TG,educ,2007,1
SLC:DF_CONCORDATS(1.0),TI,autres,2007,2
SLC:DF_CONCORDATS(1.0),VD,educ,2007,2
SLC:DF_CONCORDATS(1.0),VD,etat,2007,1
SLC:DF_CONCORDATS(1.0),VS,educ,2007,3
SLC:DF_CONCORDATS(1.0),ZG,educ,2007,2
SLC:DF_CONCORDATS(1.0),ZH,autres,2007,1
SLC:DF_CONCORDATS(1.0),ZH,educ,2007,2
SLC:DF_CONCORDATS(1.0),ZH,etat,2007,2
SLC:DF_CONCORDATS(1.0),ZH,sante,2007,1
SLC:DF_CONCORDATS(1.0),AG,sante,2008,1
SLC:DF_CONCORDATS(1.0),AR,sante,2008,1
SLC:DF_CONCORDATS(1.0),BE,educ,2008,2
SLC:DF_CONCORDATS(1.0),BE,sante,2008,1
SLC:DF_CONCORDATS(1.0),BL,etat,2008,1
SLC:DF_CONCORDATS(1.0),BS,etat,2008,1
SLC:DF_CONCORDATS(1.0),BS,sante,2008,1
SLC:DF_CONCORDATS(1.0),FR,sante,2008,1
SLC:DF_CONCORDATS(1.0),GL,etat,2008,1
SLC:DF_CONCORDATS(1.0),GR,sante,2008,1
SLC:DF_CONCORDATS(1.0),JU,educ,2008,2
SLC:DF_CONCORDATS(1.0),LU,eco,2008,1
SLC:DF_CONCORDATS(1.0),LU,sante,2008,1
SLC:DF_CONCORDATS(1.0),NE,educ,2008,1
SLC:DF_CONCORDATS(1.0),SG,etat,2008,1
SLC:DF_CONCORDATS(1.0),SZ,sante,2008,1
SLC:DF_CONCORDATS(1.0),TG,etat,2008,1
SLC:DF_CONCORDATS(1.0),TI,sante,2008,1
SLC:DF_CONCORDATS(1.0),VD,sante,2008,3
SLC:DF_CONCORDATS(1.0),VS,autres,2008,1
SLC:DF_CONCORDATS(1.0),VS,etat,2008,1
SLC:DF_CONCORDATS(1.0),VS,sante,2008,3
SLC:DF_CONCORDATS(1.0),ZH,educ,2008,3
SLC:DF_CONCORDATS(1.0),ZH,sante,2008,1
SLC:DF_CONCORDATS(1.0),AG,etat,2009,1
SLC:DF_CONCORDATS(1.0),AI,etat,2009,1
SLC:DF_CONCORDATS(1.0),AR,educ,2009,2
SLC:DF_CONCORDATS(1.0),AR,etat,2009,1
SLC:DF_CONCORDATS(1.0),BE,etat,2009,1
SLC:DF_CONCORDATS(1.0),BL,educ,2009,2
SLC:DF_CONCORDATS(1.0),BL,etat,2009,2
SLC:DF_CONCORDATS(1.0),BS,educ,2009,1
SLC:DF_CONCORDATS(1.0),BS,etat,2009,1
SLC:DF_CONCORDATS(1.0),FR,educ,2009,1
SLC:DF_CONCORDATS(1.0),FR,etat,2009,1
SLC:DF_CONCORDATS(1.0),GE,educ,2009,1
SLC:DF_CONCORDATS(1.0),GE,etat,2009,1
SLC:DF_CONCORDATS(1.0),GL,etat,2009,1
SLC:DF_CONCORDATS(1.0),GR,educ,2009,1
SLC:DF_CONCORDATS(1.0),LU,educ,2009,1
SLC:DF_CONCORDATS(1.0),LU,etat,2009,2
SLC:DF_CONCORDATS(1.0),LU,infra,2009,1
SLC:DF_CONCORDATS(1.0),NW,sante,2009,1
SLC:DF_CONCORDATS(1.0),OW,etat,2009,1
SLC:DF_CONCORDATS(1.0),SG,etat,2009,1
SLC:DF_CONCORDATS(1.0),SZ,etat,2009,2
SLC:DF_CONCORDATS(1.0),TG,educ,2009,1
SLC:DF_CONCORDATS(1.0),TG,etat,2009,1
SLC:DF_CONCORDATS(1.0),TG,sante,2009,1
SLC:DF_CONCORDATS(1.0),TI,etat,2009,1
SLC:DF_CONCORDATS(1.0),VD,educ,2009,1
SLC:DF_CONCORDATS(1.0),VS,etat,2009,1
SLC:DF_CONCORDATS(1.0),ZG,etat,2009,2
SLC:DF_CONCORDATS(1.0),ZG,infra,2009,3
SLC:DF_CONCORDATS(1.0),ZH,educ,2009,1
SLC:DF_CONCORDATS(1.0),ZH,infra,2009,1
SLC:DF_CONCORDATS(1.0),AG,educ,2010,1
SLC:DF_CONCORDATS(1.0),AI,autres,2010,2
SLC:DF_CONCORDATS(1.0),AI,etat,2010,1
SLC:DF_CONCORDATS(1.0),AR,educ,2010,1
SLC:DF_CONCORDATS(1.0),BE,educ,2010,2
SLC:DF_CONCORDATS(1.0),BL,educ,2010,2
SLC:DF_CONCORDATS(1.0),BS,educ,2010,1
SLC:DF_CONCORDATS(1.0),BS,etat,2010,1
SLC:DF_CONCORDATS(1.0),FR,sante,2010,1
SLC:DF_CONCORDATS(1.0),GE,autres,2010,1
SLC:DF_CONCORDATS(1.0),GL,educ,2010,1
SLC:DF_CONCORDATS(1.0),LU,etat,2010,1
SLC:DF_CONCORDATS(1.0),NE,sante,2010,1
SLC:DF_CONCORDATS(1.0),NW,etat,2010,1
SLC:DF_CONCORDATS(1.0),SG,educ,2010,2
SLC:DF_CONCORDATS(1.0),TG,educ,2010,1
SLC:DF_CONCORDATS(1.0),TI,autres,2010,2
SLC:DF_CONCORDATS(1.0),VD,sante,2010,1
SLC:DF_CONCORDATS(1.0),VS,educ,2010,1
SLC:DF_CONCORDATS(1.0),ZG,educ,2010,1
SLC:DF_CONCORDATS(1.0),ZG,etat,2010,2
SLC:DF_CONCORDATS(1.0),ZH,etat,2010,1
SLC:DF_CONCORDATS(1.0),BE,autres,2011,1
SLC:DF_CONCORDATS(1.0),BE,educ,2011,1
SLC:DF_CONCORDATS(1.0),BL,autres,2011,1
SLC:DF_CONCORDATS(1.0),BL,eco,2011,1
SLC:DF_CONCORDATS(1.0),BL,etat,2011,2
SLC:DF_CONCORDATS(1.0),BS,autres,2011,1
SLC:DF_CONCORDATS(1.0),BS,eco,2011,1
SLC:DF_CONCORDATS(1.0),BS,etat,2011,1
SLC:DF_CONCORDATS(1.0),FR,autres,2011,1
SLC:DF_CONCORDATS(1.0),NW,educ,2011,2
SLC:DF_CONCORDATS(1.0),OW,educ,2011,2
SLC:DF_CONCORDATS(1.0),SG,educ,2011,1
SLC:DF_CONCORDATS(1.0),SG,infra,2011,1
SLC:DF_CONCORDATS(1.0),VD,autres,2011,1
SLC:DF_CONCORDATS(1.0),VS,educ,2011,1
SLC:DF_CONCORDATS(1.0),VS,sante,2011,1
SLC:DF_CONCORDATS(1.0),ZG,autres,2011,1
SLC:DF_CONCORDATS(1.0),ZH,educ,2011,1
SLC:DF_CONCORDATS(1.0),AG,sante,2012,1
SLC:DF_CONCORDATS(1.0),AI,etat,2012,1
SLC:DF_CONCORDATS(1.0),AR,infra,2012,1
SLC:DF_CONCORDATS(1.0),BE,educ,2012,1
SLC:DF_CONCORDATS(1.0),BL,educ,2012,1
SLC:DF_CONCORDATS(1.0),BS,educ,2012,1
SLC:DF_CONCORDATS(1.0),GL,infra,2012,1
SLC:DF_CONCORDATS(1.0),LU,educ,2012,4
SLC:DF_CONCORDATS(1.0),LU,infra,2012,1
SLC:DF_CONCORDATS(1.0),NW,educ,2012,2
SLC:DF_CONCORDATS(1.0),OW,educ,2012,2
SLC:DF_CONCORDATS(1.0),SG,infra,2012,1
SLC:DF_CONCORDATS(1.0),SO,educ,2012,1
SLC:DF_CONCORDATS(1.0),VD,educ,2012,1
SLC:DF_CONCORDATS(1.0),ZG,educ,2012,2
SLC:DF_CONCORDATS(1.0),ZH,educ,2012,1
SLC:DF_CONCORDATS(1.0),AG,eco,2013,1
SLC:DF_CONCORDATS(1.0),AG,educ,2013,1
SLC:DF_CONCORDATS(1.0),AG,infra,2013,1
SLC:DF_CONCORDATS(1.0),BE,eco,2013,2
SLC:DF_CONCORDATS(1.0),BE,educ,2013,2
SLC:DF_CONCORDATS(1.0),BL,eco,2013,2
SLC:DF_CONCORDATS(1.0),BL,educ,2013,1
SLC:DF_CONCORDATS(1.0),BS,eco,2013,1
SLC:DF_CONCORDATS(1.0),BS,educ,2013,1
SLC:DF_CONCORDATS(1.0),FR,autres,2013,1
SLC:DF_CONCORDATS(1.0),FR,sante,2013,1
SLC:DF_CONCORDATS(1.0),GE,autres,2013,1
SLC:DF_CONCORDATS(1.0),GE,educ,2013,1
SLC:DF_CONCORDATS(1.0),GL,educ,2013,1
SLC:DF_CONCORDATS(1.0),GR,educ,2013,1
SLC:DF_CONCORDATS(1.0),JU,educ,2013,1
SLC:DF_CONCORDATS(1.0),LU,etat,2013,1
SLC:DF_CONCORDATS(1.0),LU,sante,2013,1
SLC:DF_CONCORDATS(1.0),NE,autres,2013,1
SLC:DF_CONCORDATS(1.0),NE,educ,2013,1
SLC:DF_CONCORDATS(1.0),NW,etat,2013,1
SLC:DF_CONCORDATS(1.0),NW,sante,2013,1
SLC:DF_CONCORDATS(1.0),OW,sante,2013,1
SLC:DF_CONCORDATS(1.0),SG,educ,2013,1
SLC:DF_CONCORDATS(1.0),SO,educ,2013,1
SLC:DF_CONCORDATS(1.0),SZ,sante,2013,1
SLC:DF_CONCORDATS(1.0),TG,educ,2013,1
SLC:DF_CONCORDATS(1.0),TG,etat,2013,1
SLC:DF_CONCORDATS(1.0),TI,autres,2013,1
SLC:DF_CONCORDATS(1.0),TI,sante,2013,1
SLC:DF_CONCORDATS(1.0),UR,sante,2013,1
SLC:DF_CONCORDATS(1.0),VD,sante,2013,1
SLC:DF_CONCORDATS(1.0),VS,autres,2013,2
SLC:DF_CONCORDATS(1.0),VS,educ,2013,1
SLC:DF_CONCORDATS(1.0),ZG,educ,2013,2
SLC:DF_CONCORDATS(1.0),ZG,sante,2013,1
SLC:DF_CONCORDATS(1.0),ZH,educ,2013,1
SLC:DF_CONCORDATS(1.0),ZH,etat,2013,2
SLC:DF_CONCORDATS(1.0),ZH,infra,2013,2
SLC:DF_CONCORDATS(1.0),AG,eco,2014,1
SLC:DF_CONCORDATS(1.0),AG,educ,2014,1
SLC:DF_CONCORDATS(1.0),AG,etat,2014,1
SLC:DF_CONCORDATS(1.0),AG,sante,2014,1
SLC:DF_CONCORDATS(1.0),BE,educ,2014,1
SLC:DF_CONCORDATS(1.0),BE,sante,2014,1
SLC:DF_CONCORDATS(1.0),BL,educ,2014,1
SLC:DF_CONCORDATS(1.0),BL,infra,2014,2
SLC:DF_CONCORDATS(1.0),BS,educ,2014,1
SLC:DF_CONCORDATS(1.0),BS,infra,2014,1
SLC:DF_CONCORDATS(1.0),BS,sante,2014,1
SLC:DF_CONCORDATS(1.0),FR,sante,2014,1
SLC:DF_CONCORDATS(1.0),GE,autres,2014,1
SLC:DF_CONCORDATS(1.0),GE,sante,2014,1
SLC:DF_CONCORDATS(1.0),GL,sante,2014,1
SLC:DF_CONCORDATS(1.0),LU,educ,2014,1
SLC:DF_CONCORDATS(1.0),LU,sante,2014,1
SLC:DF_CONCORDATS(1.0),NE,etat,2014,1
SLC:DF_CONCORDATS(1.0),NE,infra,2014,1
SLC:DF_CONCORDATS(1.0),SG,educ,2014,1
SLC:DF_CONCORDATS(1.0),SO,educ,2014,1
SLC:DF_CONCORDATS(1.0),SZ,sante,2014,1
SLC:DF_CONCORDATS(1.0),TG,sante,2014,1
SLC:DF_CONCORDATS(1.0),VS,educ,2014,1
SLC:DF_CONCORDATS(1.0),VS,sante,2014,1
SLC:DF_CONCORDATS(1.0),ZG,educ,2014,1
SLC:DF_CONCORDATS(1.0),ZG,sante,2014,1
SLC:DF_CONCORDATS(1.0),ZH,educ,2014,1
SLC:DF_CONCORDATS(1.0),AG,infra,2015,1
SLC:DF_CONCORDATS(1.0),AG,sante,2015,1
SLC:DF_CONCORDATS(1.0),BE,educ,2015,1
SLC:DF_CONCORDATS(1.0),BL,autres,2015,1
SLC:DF_CONCORDATS(1.0),BL,eco,2015,1
SLC:DF_CONCORDATS(1.0),BL,educ,2015,1
SLC:DF_CONCORDATS(1.0),BS,educ,2015,1
SLC:DF_CONCORDATS(1.0),FR,sante,2015,1
SLC:DF_CONCORDATS(1.0),JU,eco,2015,1
SLC:DF_CONCORDATS(1.0),JU,educ,2015,1
SLC:DF_CONCORDATS(1.0),NE,educ,2015,1
SLC:DF_CONCORDATS(1.0),NW,educ,2015,1
SLC:DF_CONCORDATS(1.0),SG,etat,2015,1
SLC:DF_CONCORDATS(1.0),SG,sante,2015,1
SLC:DF_CONCORDATS(1.0),SH,educ,2015,1
SLC:DF_CONCORDATS(1.0),SO,sante,2015,1
SLC:DF_CONCORDATS(1.0),SZ,educ,2015,1
SLC:DF_CONCORDATS(1.0),ZG,infra,2015,1
SLC:DF_CONCORDATS(1.0),ZG,sante,2015,1
SLC:DF_CONCORDATS(1.0),ZH,educ,2015,1
SLC:DF_CONCORDATS(1.0),AR,sante,2016,1
SLC:DF_CONCORDATS(1.0),BL,educ,2016,2
SLC:DF_CONCORDATS(1.0),BL,sante,2016,2
SLC:DF_CONCORDATS(1.0),BS,sante,2016,2
SLC:DF_CONCORDATS(1.0),SG,sante,2016,1
SLC:DF_CONCORDATS(1.0),SO,educ,2016,2
SLC:DF_CONCORDATS(1.0),TG,sante,2016,1
SLC:DF_CONCORDATS(1.0),ZH,sante,2016,1
SLC:DF_CONCORDATS(1.0),AG,autres,2017,1
SLC:DF_CONCORDATS(1.0),BL,educ,2017,1
SLC:DF_CONCORDATS(1.0),FR,eco,2017,1
SLC:DF_CONCORDATS(1.0),GE,autres,2017,3
SLC:DF_CONCORDATS(1.0),JU,educ,2017,1
SLC:DF_CONCORDATS(1.0),SO,autres,2017,1
SLC:DF_CONCORDATS(1.0),VD,autres,2017,1
SLC:DF_CONCORDATS(1.0),VS,etat,2017,1
SLC:DF_CONCORDATS(1.0),VS,sante,2017,2
SLC:DF_CONCORDATS(1.0),AG,infra,2018,1
SLC:DF_CONCORDATS(1.0),AR,eco,2018,1
SLC:DF_CONCORDATS(1.0),BL,eco,2018,1
SLC:DF_CONCORDATS(1.0),BL,sante,2018,1
SLC:DF_CONCORDATS(1.0),BS,eco,2018,1
SLC:DF_CONCORDATS(1.0),BS,sante,2018,1
SLC:DF_CONCORDATS(1.0),FR,infra,2018,2
SLC:DF_CONCORDATS(1.0),GE,infra,2018,1
SLC:DF_CONCORDATS(1.0),GL,eco,2018,1
SLC:DF_CONCORDATS(1.0),GL,sante,2018,1
SLC:DF_CONCORDATS(1.0),NE,autres,2018,2
SLC:DF_CONCORDATS(1.0),NW,etat,2018,1
SLC:DF_CONCORDATS(1.0),SG,eco,2018,2
SLC:DF_CONCORDATS(1.0),TG,eco,2018,1
SLC:DF_CONCORDATS(1.0),TG,sante,2018,1
SLC:DF_CONCORDATS(1.0),VD,infra,2018,2
SLC:DF_CONCORDATS(1.0),VD,sante,2018,1
SLC:DF_CONCORDATS(1.0),VS,eco,2018,2
SLC:DF_CONCORDATS(1.0),ZG,eco,2018,1
SLC:DF_CONCORDATS(1.0),AG,educ,2019,1
SLC:DF_CONCORDATS(1.0),AG,etat,2019,2
SLC:DF_CONCORDATS(1.0),AI,educ,2019,1
SLC:DF_CONCORDATS(1.0),AR,etat,2019,1
SLC:DF_CONCORDATS(1.0),BE,etat,2019,3
SLC:DF_CONCORDATS(1.0),BL,etat,2019,2
SLC:DF_CONCORDATS(1.0),BL,infra,2019,1
SLC:DF_CONCORDATS(1.0),BS,etat,2019,1
SLC:DF_CONCORDATS(1.0),BS,infra,2019,1
SLC:DF_CONCORDATS(1.0),FR,etat,2019,2
SLC:DF_CONCORDATS(1.0),GE,eco,2019,1
SLC:DF_CONCORDATS(1.0),GR,eco,2019,1
SLC:DF_CONCORDATS(1.0),NE,eco,2019,1
SLC:DF_CONCORDATS(1.0),SG,autres,2019,1
SLC:DF_CONCORDATS(1.0),SG,educ,2019,2
SLC:DF_CONCORDATS(1.0),SG,etat,2019,1
SLC:DF_CONCORDATS(1.0),SO,etat,2019,1
SLC:DF_CONCORDATS(1.0),SZ,sante,2019,1
SLC:DF_CONCORDATS(1.0),TG,educ,2019,1
SLC:DF_CONCORDATS(1.0),TG,sante,2019,1
SLC:DF_CONCORDATS(1.0),VD,eco,2019,1
SLC:DF_CONCORDATS(1.0),VD,infra,2019,1
SLC:DF_CONCORDATS(1.0),VS,eco,2019,1
SLC:DF_CONCORDATS(1.0),ZG,infra,2019,1
SLC:DF_CONCORDATS(1.0),AG,etat,2020,1
SLC:DF_CONCORDATS(1.0),BL,etat,2020,1
SLC:DF_CONCORDATS(1.0),BS,etat,2020,1
SLC:DF_CONCORDATS(1.0),FR,autres,2020,1
SLC:DF_CONCORDATS(1.0),GL,sante,2020,1
SLC:DF_CONCORDATS(1.0),NW,autres,2020,1
SLC:DF_CONCORDATS(1.0),SG,sante,2020,1
SLC:DF_CONCORDATS(1.0),ZH,etat,2020,1
SLC:DF_CONCORDATS(1.0),AG,etat,2021,1
SLC:DF_CONCORDATS(1.0),AG,infra,2021,1
SLC:DF_CONCORDATS(1.0),BE,etat,2021,1
SLC:DF_CONCORDATS(1.0),FR,etat,2021,1
SLC:DF_CONCORDATS(1.0),LU,infra,2021,1
SLC:DF_CONCORDATS(1.0),SG,educ,2021,2
SLC:DF_CONCORDATS(1.0),VD,educ,2021,1
SLC:DF_CONCORDATS(1.0),ZG,autres,2021,1
SLC:DF_CONCORDATS(1.0),AG,etat,2022,1
SLC:DF_CONCORDATS(1.0),BE,educ,2022,2
SLC:DF_CONCORDATS(1.0),BL,etat,2022,1
SLC:DF_CONCORDATS(1.0),BS,etat,2022,1
SLC:DF_CONCORDATS(1.0),FR,autres,2022,1
SLC:DF_CONCORDATS(1.0),FR,educ,2022,1
SLC:DF_CONCORDATS(1.0),JU,educ,2022,1
SLC:DF_CONCORDATS(1.0),NE,educ,2022,1
SLC:DF_CONCORDATS(1.0),SH,infra,2022,1
SLC:DF_CONCORDATS(1.0),SO,educ,2022,1
SLC:DF_CONCORDATS(1.0),SZ,infra,2022,1
SLC:DF_CONCORDATS(1.0),TG,educ,2022,1
SLC:DF_CONCORDATS(1.0),VD,educ,2022,1
SLC:DF_CONCORDATS(1.0),VD,infra,2022,1
SLC:DF_CONCORDATS(1.0),ZG,infra,2022,1
SLC:DF_CONCORDATS(1.0),ZH,eco,2022,1
SLC:DF_CONCORDATS(1.0),AG,educ,2023,1
SLC:DF_CONCORDATS(1.0),AG,etat,2023,1
SLC:DF_CONCORDATS(1.0),BE,etat,2023,2
SLC:DF_CONCORDATS(1.0),BL,etat,2023,1
SLC:DF_CONCORDATS(1.0),BS,educ,2023,1
SLC:DF_CONCORDATS(1.0),GE,autres,2023,1
SLC:DF_CONCORDATS(1.0),GL,infra,2023,1
SLC:DF_CONCORDATS(1.0),JU,etat,2023,1
SLC:DF_CONCORDATS(1.0),LU,educ,2023,1
SLC:DF_CONCORDATS(1.0),SZ,infra,2023,1
SLC:DF_CONCORDATS(1.0),TG,etat,2023,1
SLC:DF_CONCORDATS(1.0),VD,sante,2023,1
SLC:DF_CONCORDATS(1.0),VS,sante,2023,1
SLC:DF_CONCORDATS(1.0),ZG,educ,2023,1
SLC:DF_CONCORDATS(1.0),ZH,infra,2023,1
SLC:DF_CONCORDATS(1.0),BE,etat,2024,4
SLC:DF_CONCORDATS(1.0),GR,autres,2024,1
SLC:DF_CONCORDATS(1.0),JU,etat,2024,5
SLC:DF_CONCORDATS(1.0),TG,infra,2024,1
SLC:DF_CONCORDATS(1.0),VD,etat,2024,1
SLC:DF_CONCORDATS(1.0),ZH,eco,2024,1
SLC:DF_CONCORDATS(1.0),ZH,educ,2024,1
SLC:DF_CONCORDATS(1.0),ZH,infra,2024,1
SLC:DF_CONCORDATS(1.0),AG,etat,2025,1
SLC:DF_CONCORDATS(1.0),AI,autres,2025,1
SLC:DF_CONCORDATS(1.0),AR,sante,2025,1
SLC:DF_CONCORDATS(1.0),BE,eco,2025,1
SLC:DF_CONCORDATS(1.0),BE,etat,2025,29
SLC:DF_CONCORDATS(1.0),FR,educ,2025,1
SLC:DF_CONCORDATS(1.0),JU,eco,2025,1
SLC:DF_CONCORDATS(1.0),JU,etat,2025,30
SLC:DF_CONCORDATS(1.0),ZH,etat,2025,1
